[
    {
        "episode": 0,
        "current_state": "S1",
        "current_action": "A0",
        "td_delta": 3.0442985623939336,
        "q_table": {
            "S0": {
                "A0": 4.615049101197744,
                "A1": 2.6965622143486154
            },
            "S1": {
                "A0": 1.424864440571779,
                "A1": 5.026729865602718
            }
        }
    },
    {
        "episode": 1,
        "current_state": "S1",
        "current_action": "A1",
        "td_delta": 1.3798221579625505,
        "q_table": {
            "S0": {
                "A0": 8.944326016470777,
                "A1": 8.155882193619952
            },
            "S1": {
                "A0": 6.059949623489513,
                "A1": 9.34652250191125
            }
        }
    },
    {
        "episode": 2,
        "current_state": "S1",
        "current_action": "A1",
        "td_delta": 0.8624048423583464,
        "q_table": {
            "S0": {
                "A0": 12.362374476327812,
                "A1": 11.484675838495162
            },
            "S1": {
                "A0": 9.026545188058094,
                "A1": 12.333812416640015
            }
        }
    },
    {
        "episode": 3,
        "current_state": "S1",
        "current_action": "A1",
        "td_delta": 0.48206579556353724,
        "q_table": {
            "S0": {
                "A0": 14.491438244042111,
                "A1": 13.581867664552364
            },
            "S1": {
                "A0": 11.961955414605995,
                "A1": 14.584768220003985
            }
        }
    },
    {
        "episode": 4,
        "current_state": "S1",
        "current_action": "A1",
        "td_delta": 0.5711682636794535,
        "q_table": {
            "S0": {
                "A0": 16.453127608110847,
                "A1": 14.763704469083564
            },
            "S1": {
                "A0": 13.748796243479148,
                "A1": 16.3224777051705
            }
        }
    },
    {
        "episode": 5,
        "current_state": "S1",
        "current_action": "A0",
        "td_delta": 0.8301248538902168,
        "q_table": {
            "S0": {
                "A0": 17.77802497714831,
                "A1": 15.628087642250655
            },
            "S1": {
                "A0": 15.549658855982543,
                "A1": 17.65724838787118
            }
        }
    },
    {
        "episode": 6,
        "current_state": "S1",
        "current_action": "A1",
        "td_delta": 0.2345706035591988,
        "q_table": {
            "S0": {
                "A0": 18.779375779439768,
                "A1": 16.928029031302465
            },
            "S1": {
                "A0": 16.47372298606165,
                "A1": 18.64075591749315
            }
        }
    },
    {
        "episode": 7,
        "current_state": "S0",
        "current_action": "A1",
        "td_delta": 0.6667957691906246,
        "q_table": {
            "S0": {
                "A0": 19.440748098607678,
                "A1": 18.02804962988469
            },
            "S1": {
                "A0": 17.68403773024348,
                "A1": 19.221620208124264
            }
        }
    },
    {
        "episode": 8,
        "current_state": "S1",
        "current_action": "A1",
        "td_delta": 0.08204080614139286,
        "q_table": {
            "S0": {
                "A0": 19.918631275384506,
                "A1": 18.39172439358788
            },
            "S1": {
                "A0": 18.09474328539444,
                "A1": 19.697426646269097
            }
        }
    },
    {
        "episode": 9,
        "current_state": "S0",
        "current_action": "A0",
        "td_delta": -0.0847517757959082,
        "q_table": {
            "S0": {
                "A0": 20.002175465915865,
                "A1": 18.509671798487027
            },
            "S1": {
                "A0": 18.456205075604895,
                "A1": 19.72813368171779
            }
        }
    },
    {
        "episode": 10,
        "current_state": "S0",
        "current_action": "A0",
        "td_delta": 0.12585546543614257,
        "q_table": {
            "S0": {
                "A0": 20.061200915566758,
                "A1": 18.509671798487027
            },
            "S1": {
                "A0": 18.456205075604895,
                "A1": 19.91752047344213
            }
        }
    },
    {
        "episode": 11,
        "current_state": "S0",
        "current_action": "A0",
        "td_delta": 0.16999534765760416,
        "q_table": {
            "S0": {
                "A0": 20.43489285394136,
                "A1": 18.509671798487027
            },
            "S1": {
                "A0": 18.456205075604895,
                "A1": 20.185584009157754
            }
        }
    },
    {
        "episode": 12,
        "current_state": "S1",
        "current_action": "A1",
        "td_delta": 0.073478379256116,
        "q_table": {
            "S0": {
                "A0": 20.455396206226077,
                "A1": 18.509671798487027
            },
            "S1": {
                "A0": 18.456205075604895,
                "A1": 20.244177790925356
            }
        }
    },
    {
        "episode": 13,
        "current_state": "S1",
        "current_action": "A1",
        "td_delta": -0.09756624158488236,
        "q_table": {
            "S0": {
                "A0": 20.48217121790636,
                "A1": 18.509671798487027
            },
            "S1": {
                "A0": 18.456205075604895,
                "A1": 20.28692863332584
            }
        }
    },
    {
        "episode": 14,
        "current_state": "S0",
        "current_action": "A0",
        "td_delta": 0.0998322798996405,
        "q_table": {
            "S0": {
                "A0": 20.473178527627187,
                "A1": 18.509671798487027
            },
            "S1": {
                "A0": 18.456205075604895,
                "A1": 20.328024241368553
            }
        }
    },
    {
        "episode": 15,
        "current_state": "S0",
        "current_action": "A0",
        "td_delta": 0.03267924902151975,
        "q_table": {
            "S0": {
                "A0": 20.390321007925575,
                "A1": 18.509671798487027
            },
            "S1": {
                "A0": 18.456205075604895,
                "A1": 20.294098540569216
            }
        }
    },
    {
        "episode": 16,
        "current_state": "S0",
        "current_action": "A0",
        "td_delta": -0.034958707473755624,
        "q_table": {
            "S0": {
                "A0": 20.350859455601334,
                "A1": 18.509671798487027
            },
            "S1": {
                "A0": 18.456205075604895,
                "A1": 20.242451284890574
            }
        }
    },
    {
        "episode": 17,
        "current_state": "S0",
        "current_action": "A0",
        "td_delta": 0.035188038980990655,
        "q_table": {
            "S0": {
                "A0": 20.274356874435025,
                "A1": 18.509671798487027
            },
            "S1": {
                "A0": 18.456205075604895,
                "A1": 20.185451150170383
            }
        }
    },
    {
        "episode": 18,
        "current_state": "S1",
        "current_action": "A1",
        "td_delta": 0.05847281493987566,
        "q_table": {
            "S0": {
                "A0": 20.19269005078998,
                "A1": 18.509671798487027
            },
            "S1": {
                "A0": 18.456205075604895,
                "A1": 20.040097414501023
            }
        }
    },
    {
        "episode": 19,
        "current_state": "S1",
        "current_action": "A1",
        "td_delta": 0.04816047698486514,
        "q_table": {
            "S0": {
                "A0": 20.181991161337464,
                "A1": 18.509671798487027
            },
            "S1": {
                "A0": 18.456205075604895,
                "A1": 20.117697331785088
            }
        }
    },
    {
        "episode": 20,
        "current_state": "S0",
        "current_action": "A0",
        "td_delta": 0.010504577506512902,
        "q_table": {
            "S0": {
                "A0": 20.39302192817444,
                "A1": 18.509671798487027
            },
            "S1": {
                "A0": 18.456205075604895,
                "A1": 20.289058465507132
            }
        }
    },
    {
        "episode": 21,
        "current_state": "S1",
        "current_action": "A1",
        "td_delta": -0.04757041030392273,
        "q_table": {
            "S0": {
                "A0": 20.59182133090591,
                "A1": 18.509671798487027
            },
            "S1": {
                "A0": 18.456205075604895,
                "A1": 20.494091003944042
            }
        }
    },
    {
        "episode": 22,
        "current_state": "S0",
        "current_action": "A0",
        "td_delta": 0.11096430247214073,
        "q_table": {
            "S0": {
                "A0": 20.701449315765483,
                "A1": 18.509671798487027
            },
            "S1": {
                "A0": 18.456205075604895,
                "A1": 20.546989188580863
            }
        }
    },
    {
        "episode": 23,
        "current_state": "S0",
        "current_action": "A0",
        "td_delta": -0.02737204421083206,
        "q_table": {
            "S0": {
                "A0": 20.785730298704248,
                "A1": 18.509671798487027
            },
            "S1": {
                "A0": 18.456205075604895,
                "A1": 20.671620463391953
            }
        }
    },
    {
        "episode": 24,
        "current_state": "S1",
        "current_action": "A1",
        "td_delta": -0.030665760933363373,
        "q_table": {
            "S0": {
                "A0": 20.74352842417422,
                "A1": 18.509671798487027
            },
            "S1": {
                "A0": 18.456205075604895,
                "A1": 20.697662387919074
            }
        }
    },
    {
        "episode": 25,
        "current_state": "S1",
        "current_action": "A1",
        "td_delta": -0.016769826535337984,
        "q_table": {
            "S0": {
                "A0": 20.713778584197623,
                "A1": 18.509671798487027
            },
            "S1": {
                "A0": 18.456205075604895,
                "A1": 20.673500178092702
            }
        }
    },
    {
        "episode": 26,
        "current_state": "S0",
        "current_action": "A0",
        "td_delta": -0.01610514464510615,
        "q_table": {
            "S0": {
                "A0": 20.699671616448367,
                "A1": 18.509671798487027
            },
            "S1": {
                "A0": 18.456205075604895,
                "A1": 20.664298187795033
            }
        }
    },
    {
        "episode": 27,
        "current_state": "S0",
        "current_action": "A0",
        "td_delta": -0.015167633492190191,
        "q_table": {
            "S0": {
                "A0": 20.723390920818968,
                "A1": 18.509671798487027
            },
            "S1": {
                "A0": 18.456205075604895,
                "A1": 20.67000079240661
            }
        }
    },
    {
        "episode": 28,
        "current_state": "S0",
        "current_action": "A0",
        "td_delta": -0.007225734103265324,
        "q_table": {
            "S0": {
                "A0": 20.73721608599114,
                "A1": 18.509671798487027
            },
            "S1": {
                "A0": 18.456205075604895,
                "A1": 20.69424609108129
            }
        }
    },
    {
        "episode": 29,
        "current_state": "S0",
        "current_action": "A0",
        "td_delta": -0.019829318637572868,
        "q_table": {
            "S0": {
                "A0": 20.72167558752411,
                "A1": 18.509671798487027
            },
            "S1": {
                "A0": 18.456205075604895,
                "A1": 20.65971065672752
            }
        }
    },
    {
        "episode": 30,
        "current_state": "S0",
        "current_action": "A0",
        "td_delta": 0.05187854075198217,
        "q_table": {
            "S0": {
                "A0": 20.741561393243238,
                "A1": 18.509671798487027
            },
            "S1": {
                "A0": 18.456205075604895,
                "A1": 20.673401191730427
            }
        }
    },
    {
        "episode": 31,
        "current_state": "S1",
        "current_action": "A1",
        "td_delta": 0.004912568094720626,
        "q_table": {
            "S0": {
                "A0": 20.724730285563638,
                "A1": 18.509671798487027
            },
            "S1": {
                "A0": 18.456205075604895,
                "A1": 20.684077089892856
            }
        }
    },
    {
        "episode": 32,
        "current_state": "S1",
        "current_action": "A1",
        "td_delta": 0.019021760558739942,
        "q_table": {
            "S0": {
                "A0": 20.677346300545935,
                "A1": 18.509671798487027
            },
            "S1": {
                "A0": 18.456205075604895,
                "A1": 20.59448481348817
            }
        }
    },
    {
        "episode": 33,
        "current_state": "S0",
        "current_action": "A0",
        "td_delta": 0.027284634357719995,
        "q_table": {
            "S0": {
                "A0": 20.64308321521814,
                "A1": 18.509671798487027
            },
            "S1": {
                "A0": 18.456205075604895,
                "A1": 20.604742534294523
            }
        }
    },
    {
        "episode": 34,
        "current_state": "S0",
        "current_action": "A0",
        "td_delta": -0.042508377711246936,
        "q_table": {
            "S0": {
                "A0": 20.6187363678169,
                "A1": 18.509671798487027
            },
            "S1": {
                "A0": 18.456205075604895,
                "A1": 20.54783044402248
            }
        }
    },
    {
        "episode": 35,
        "current_state": "S0",
        "current_action": "A0",
        "td_delta": -0.04530152468675652,
        "q_table": {
            "S0": {
                "A0": 20.50790403451038,
                "A1": 18.509671798487027
            },
            "S1": {
                "A0": 18.456205075604895,
                "A1": 20.43954328272962
            }
        }
    },
    {
        "episode": 36,
        "current_state": "S0",
        "current_action": "A0",
        "td_delta": -0.013171281094297882,
        "q_table": {
            "S0": {
                "A0": 20.429457184122484,
                "A1": 18.509671798487027
            },
            "S1": {
                "A0": 18.456205075604895,
                "A1": 20.37072779394346
            }
        }
    },
    {
        "episode": 37,
        "current_state": "S0",
        "current_action": "A0",
        "td_delta": 0.042714824586617794,
        "q_table": {
            "S0": {
                "A0": 20.369623354854177,
                "A1": 18.509671798487027
            },
            "S1": {
                "A0": 18.456205075604895,
                "A1": 20.260214491180882
            }
        }
    },
    {
        "episode": 38,
        "current_state": "S0",
        "current_action": "A0",
        "td_delta": -0.0347352993488137,
        "q_table": {
            "S0": {
                "A0": 20.25436633474242,
                "A1": 18.509671798487027
            },
            "S1": {
                "A0": 18.456205075604895,
                "A1": 20.161647392782157
            }
        }
    },
    {
        "episode": 39,
        "current_state": "S1",
        "current_action": "A1",
        "td_delta": 0.014660874609774055,
        "q_table": {
            "S0": {
                "A0": 20.156727456542658,
                "A1": 18.509671798487027
            },
            "S1": {
                "A0": 18.456205075604895,
                "A1": 20.04716127987591
            }
        }
    },
    {
        "episode": 40,
        "current_state": "S1",
        "current_action": "A1",
        "td_delta": -0.0806677027884426,
        "q_table": {
            "S0": {
                "A0": 20.10929056551645,
                "A1": 18.509671798487027
            },
            "S1": {
                "A0": 18.456205075604895,
                "A1": 19.99565913411472
            }
        }
    },
    {
        "episode": 41,
        "current_state": "S0",
        "current_action": "A0",
        "td_delta": -0.016525560992210586,
        "q_table": {
            "S0": {
                "A0": 20.13277803977319,
                "A1": 18.509671798487027
            },
            "S1": {
                "A0": 18.456205075604895,
                "A1": 20.03322695357133
            }
        }
    },
    {
        "episode": 42,
        "current_state": "S1",
        "current_action": "A1",
        "td_delta": 0.0061328718728717035,
        "q_table": {
            "S0": {
                "A0": 20.086158705224694,
                "A1": 18.509671798487027
            },
            "S1": {
                "A0": 18.456205075604895,
                "A1": 19.985042382862005
            }
        }
    },
    {
        "episode": 43,
        "current_state": "S1",
        "current_action": "A1",
        "td_delta": 0.034745211916977325,
        "q_table": {
            "S0": {
                "A0": 20.044539577439622,
                "A1": 18.509671798487027
            },
            "S1": {
                "A0": 18.456205075604895,
                "A1": 19.941845661829618
            }
        }
    },
    {
        "episode": 44,
        "current_state": "S0",
        "current_action": "A0",
        "td_delta": 0.0024702390737552093,
        "q_table": {
            "S0": {
                "A0": 20.065514438021765,
                "A1": 18.509671798487027
            },
            "S1": {
                "A0": 18.456205075604895,
                "A1": 20.015538838141072
            }
        }
    },
    {
        "episode": 45,
        "current_state": "S0",
        "current_action": "A0",
        "td_delta": 0.05366047291904508,
        "q_table": {
            "S0": {
                "A0": 20.138084769453194,
                "A1": 18.509671798487027
            },
            "S1": {
                "A0": 18.456205075604895,
                "A1": 20.066552195958067
            }
        }
    },
    {
        "episode": 46,
        "current_state": "S0",
        "current_action": "A0",
        "td_delta": -0.0029617182394900965,
        "q_table": {
            "S0": {
                "A0": 20.1353034240749,
                "A1": 18.509671798487027
            },
            "S1": {
                "A0": 18.456205075604895,
                "A1": 20.065610817563346
            }
        }
    },
    {
        "episode": 47,
        "current_state": "S0",
        "current_action": "A0",
        "td_delta": -0.015006128389732254,
        "q_table": {
            "S0": {
                "A0": 20.139942285110553,
                "A1": 18.509671798487027
            },
            "S1": {
                "A0": 18.456205075604895,
                "A1": 20.05134819212946
            }
        }
    },
    {
        "episode": 48,
        "current_state": "S1",
        "current_action": "A1",
        "td_delta": 0.028493225561543767,
        "q_table": {
            "S0": {
                "A0": 20.18313085010687,
                "A1": 18.509671798487027
            },
            "S1": {
                "A0": 18.456205075604895,
                "A1": 20.090790543916146
            }
        }
    },
    {
        "episode": 49,
        "current_state": "S0",
        "current_action": "A0",
        "td_delta": -0.01602622599575554,
        "q_table": {
            "S0": {
                "A0": 20.18630042166741,
                "A1": 18.509671798487027
            },
            "S1": {
                "A0": 18.456205075604895,
                "A1": 20.111145560832007
            }
        }
    },
    {
        "episode": 50,
        "current_state": "S1",
        "current_action": "A1",
        "td_delta": 0.03103438995532315,
        "q_table": {
            "S0": {
                "A0": 20.165249755345542,
                "A1": 18.509671798487027
            },
            "S1": {
                "A0": 18.456205075604895,
                "A1": 20.093157551505012
            }
        }
    },
    {
        "episode": 51,
        "current_state": "S1",
        "current_action": "A1",
        "td_delta": -0.05547132187854231,
        "q_table": {
            "S0": {
                "A0": 20.154825739128814,
                "A1": 18.509671798487027
            },
            "S1": {
                "A0": 18.456205075604895,
                "A1": 20.072317364852278
            }
        }
    },
    {
        "episode": 52,
        "current_state": "S0",
        "current_action": "A0",
        "td_delta": -0.01404090857559126,
        "q_table": {
            "S0": {
                "A0": 20.181813321595936,
                "A1": 18.509671798487027
            },
            "S1": {
                "A0": 18.456205075604895,
                "A1": 20.106791180502245
            }
        }
    },
    {
        "episode": 53,
        "current_state": "S0",
        "current_action": "A0",
        "td_delta": -0.026931894720650718,
        "q_table": {
            "S0": {
                "A0": 20.198928827035143,
                "A1": 18.509671798487027
            },
            "S1": {
                "A0": 18.456205075604895,
                "A1": 20.125473084328974
            }
        }
    },
    {
        "episode": 54,
        "current_state": "S1",
        "current_action": "A1",
        "td_delta": 0.014969757729286215,
        "q_table": {
            "S0": {
                "A0": 20.20319418115815,
                "A1": 18.509671798487027
            },
            "S1": {
                "A0": 18.456205075604895,
                "A1": 20.16090737289523
            }
        }
    },
    {
        "episode": 55,
        "current_state": "S0",
        "current_action": "A0",
        "td_delta": 0.018062992964832603,
        "q_table": {
            "S0": {
                "A0": 20.197859545425224,
                "A1": 18.509671798487027
            },
            "S1": {
                "A0": 18.456205075604895,
                "A1": 20.161113174498357
            }
        }
    },
    {
        "episode": 56,
        "current_state": "S1",
        "current_action": "A1",
        "td_delta": -0.00034944465576458583,
        "q_table": {
            "S0": {
                "A0": 20.163626457603392,
                "A1": 18.509671798487027
            },
            "S1": {
                "A0": 18.456205075604895,
                "A1": 20.116110536122772
            }
        }
    },
    {
        "episode": 57,
        "current_state": "S1",
        "current_action": "A1",
        "td_delta": -0.04905847990433543,
        "q_table": {
            "S0": {
                "A0": 20.10100318204441,
                "A1": 18.509671798487027
            },
            "S1": {
                "A0": 18.456205075604895,
                "A1": 20.02461116357053
            }
        }
    },
    {
        "episode": 58,
        "current_state": "S1",
        "current_action": "A1",
        "td_delta": 0.002020013471309312,
        "q_table": {
            "S0": {
                "A0": 20.035858418641766,
                "A1": 18.509671798487027
            },
            "S1": {
                "A0": 18.456205075604895,
                "A1": 19.97853501992362
            }
        }
    },
    {
        "episode": 59,
        "current_state": "S1",
        "current_action": "A1",
        "td_delta": 0.01796326985024166,
        "q_table": {
            "S0": {
                "A0": 19.993580957860377,
                "A1": 18.509671798487027
            },
            "S1": {
                "A0": 18.456205075604895,
                "A1": 19.928428374762312
            }
        }
    },
    {
        "episode": 60,
        "current_state": "S1",
        "current_action": "A1",
        "td_delta": -0.03279584856585771,
        "q_table": {
            "S0": {
                "A0": 19.97768609966478,
                "A1": 18.509671798487027
            },
            "S1": {
                "A0": 18.456205075604895,
                "A1": 19.9039681475599
            }
        }
    },
    {
        "episode": 61,
        "current_state": "S0",
        "current_action": "A0",
        "td_delta": 0.02254692614084064,
        "q_table": {
            "S0": {
                "A0": 20.01657185496314,
                "A1": 18.509671798487027
            },
            "S1": {
                "A0": 18.456205075604895,
                "A1": 19.997704112681312
            }
        }
    },
    {
        "episode": 62,
        "current_state": "S1",
        "current_action": "A1",
        "td_delta": 0.030311277277242255,
        "q_table": {
            "S0": {
                "A0": 20.140801667022874,
                "A1": 18.509671798487027
            },
            "S1": {
                "A0": 18.456205075604895,
                "A1": 20.143282189480903
            }
        }
    },
    {
        "episode": 63,
        "current_state": "S0",
        "current_action": "A0",
        "td_delta": 0.003636061787645417,
        "q_table": {
            "S0": {
                "A0": 20.222616815720215,
                "A1": 18.509671798487027
            },
            "S1": {
                "A0": 18.456205075604895,
                "A1": 20.247106898193937
            }
        }
    },
    {
        "episode": 64,
        "current_state": "S0",
        "current_action": "A0",
        "td_delta": 0.01978387230411016,
        "q_table": {
            "S0": {
                "A0": 20.297116122260288,
                "A1": 18.509671798487027
            },
            "S1": {
                "A0": 18.456205075604895,
                "A1": 20.32191727510808
            }
        }
    },
    {
        "episode": 65,
        "current_state": "S0",
        "current_action": "A0",
        "td_delta": 0.006067914274368036,
        "q_table": {
            "S0": {
                "A0": 20.336824296704727,
                "A1": 18.509671798487027
            },
            "S1": {
                "A0": 18.456205075604895,
                "A1": 20.352251946472833
            }
        }
    },
    {
        "episode": 66,
        "current_state": "S0",
        "current_action": "A0",
        "td_delta": 0.003258432586726201,
        "q_table": {
            "S0": {
                "A0": 20.34843279945403,
                "A1": 18.509671798487027
            },
            "S1": {
                "A0": 18.456205075604895,
                "A1": 20.363723712169268
            }
        }
    },
    {
        "episode": 67,
        "current_state": "S0",
        "current_action": "A0",
        "td_delta": -5.2862549075882725e-05,
        "q_table": {
            "S0": {
                "A0": 20.341328591568878,
                "A1": 18.509671798487027
            },
            "S1": {
                "A0": 18.456205075604895,
                "A1": 20.35377562960905
            }
        }
    },
    {
        "episode": 68,
        "current_state": "S1",
        "current_action": "A1",
        "td_delta": -0.003798831405134706,
        "q_table": {
            "S0": {
                "A0": 20.33146093420892,
                "A1": 18.509671798487027
            },
            "S1": {
                "A0": 18.456205075604895,
                "A1": 20.34393500391688
            }
        }
    },
    {
        "episode": 69,
        "current_state": "S1",
        "current_action": "A1",
        "td_delta": -0.011944153279142,
        "q_table": {
            "S0": {
                "A0": 20.33269376137463,
                "A1": 18.509671798487027
            },
            "S1": {
                "A0": 18.456205075604895,
                "A1": 20.329588499277513
            }
        }
    },
    {
        "episode": 70,
        "current_state": "S0",
        "current_action": "A0",
        "td_delta": -0.008969727616680245,
        "q_table": {
            "S0": {
                "A0": 20.300310074238197,
                "A1": 18.509671798487027
            },
            "S1": {
                "A0": 18.456205075604895,
                "A1": 20.29851657609171
            }
        }
    },
    {
        "episode": 71,
        "current_state": "S1",
        "current_action": "A1",
        "td_delta": 0.002390542306379473,
        "q_table": {
            "S0": {
                "A0": 20.25015723828105,
                "A1": 18.509671798487027
            },
            "S1": {
                "A0": 18.456205075604895,
                "A1": 20.242981403947027
            }
        }
    },
    {
        "episode": 72,
        "current_state": "S1",
        "current_action": "A1",
        "td_delta": -0.0069160396823733095,
        "q_table": {
            "S0": {
                "A0": 20.23682268903658,
                "A1": 18.509671798487027
            },
            "S1": {
                "A0": 18.456205075604895,
                "A1": 20.236504582924237
            }
        }
    },
    {
        "episode": 73,
        "current_state": "S1",
        "current_action": "A1",
        "td_delta": -0.0020591331199852903,
        "q_table": {
            "S0": {
                "A0": 20.218098623652917,
                "A1": 18.509671798487027
            },
            "S1": {
                "A0": 18.456205075604895,
                "A1": 20.215323841306112
            }
        }
    },
    {
        "episode": 74,
        "current_state": "S0",
        "current_action": "A0",
        "td_delta": -0.0008637605355836797,
        "q_table": {
            "S0": {
                "A0": 20.207893902883164,
                "A1": 18.509671798487027
            },
            "S1": {
                "A0": 18.456205075604895,
                "A1": 20.208003156054794
            }
        }
    },
    {
        "episode": 75,
        "current_state": "S1",
        "current_action": "A1",
        "td_delta": 0.0033031892616186553,
        "q_table": {
            "S0": {
                "A0": 20.190310913596907,
                "A1": 18.509671798487027
            },
            "S1": {
                "A0": 18.456205075604895,
                "A1": 20.191535969129163
            }
        }
    },
    {
        "episode": 76,
        "current_state": "S1",
        "current_action": "A1",
        "td_delta": -0.0032873154057710963,
        "q_table": {
            "S0": {
                "A0": 20.208421220586466,
                "A1": 18.509671798487027
            },
            "S1": {
                "A0": 18.456205075604895,
                "A1": 20.228175356402627
            }
        }
    },
    {
        "episode": 77,
        "current_state": "S1",
        "current_action": "A1",
        "td_delta": -0.0027032902008166104,
        "q_table": {
            "S0": {
                "A0": 20.239837831494846,
                "A1": 18.509671798487027
            },
            "S1": {
                "A0": 18.456205075604895,
                "A1": 20.26457529212057
            }
        }
    },
    {
        "episode": 78,
        "current_state": "S1",
        "current_action": "A1",
        "td_delta": 0.019367433799263978,
        "q_table": {
            "S0": {
                "A0": 20.269581824600458,
                "A1": 18.509671798487027
            },
            "S1": {
                "A0": 18.456205075604895,
                "A1": 20.29160494680274
            }
        }
    },
    {
        "episode": 79,
        "current_state": "S1",
        "current_action": "A1",
        "td_delta": -0.0003632815185952154,
        "q_table": {
            "S0": {
                "A0": 20.292554352200774,
                "A1": 18.509671798487027
            },
            "S1": {
                "A0": 18.456205075604895,
                "A1": 20.31011671373481
            }
        }
    },
    {
        "episode": 80,
        "current_state": "S0",
        "current_action": "A0",
        "td_delta": 0.0028434780515205205,
        "q_table": {
            "S0": {
                "A0": 20.298217284116916,
                "A1": 18.509671798487027
            },
            "S1": {
                "A0": 18.456205075604895,
                "A1": 20.31745971924839
            }
        }
    },
    {
        "episode": 81,
        "current_state": "S1",
        "current_action": "A1",
        "td_delta": 0.02211695956415838,
        "q_table": {
            "S0": {
                "A0": 20.30281840719143,
                "A1": 18.509671798487027
            },
            "S1": {
                "A0": 18.456205075604895,
                "A1": 20.34061946817259
            }
        }
    },
    {
        "episode": 82,
        "current_state": "S0",
        "current_action": "A0",
        "td_delta": 0.006191082088555788,
        "q_table": {
            "S0": {
                "A0": 20.288678600673027,
                "A1": 18.509671798487027
            },
            "S1": {
                "A0": 18.456205075604895,
                "A1": 20.325125552707007
            }
        }
    },
    {
        "episode": 83,
        "current_state": "S1",
        "current_action": "A1",
        "td_delta": 0.022568319719397323,
        "q_table": {
            "S0": {
                "A0": 20.27803626362242,
                "A1": 18.509671798487027
            },
            "S1": {
                "A0": 18.456205075604895,
                "A1": 20.308112442024797
            }
        }
    },
    {
        "episode": 84,
        "current_state": "S0",
        "current_action": "A0",
        "td_delta": 0.00805970256001487,
        "q_table": {
            "S0": {
                "A0": 20.27854483961145,
                "A1": 18.509671798487027
            },
            "S1": {
                "A0": 18.456205075604895,
                "A1": 20.31339543385716
            }
        }
    },
    {
        "episode": 85,
        "current_state": "S0",
        "current_action": "A0",
        "td_delta": 0.10202357920966776,
        "q_table": {
            "S0": {
                "A0": 20.277264391443975,
                "A1": 18.509671798487027
            },
            "S1": {
                "A0": 18.456205075604895,
                "A1": 20.301268693382294
            }
        }
    },
    {
        "episode": 86,
        "current_state": "S1",
        "current_action": "A1",
        "td_delta": 0.02909258214110011,
        "q_table": {
            "S0": {
                "A0": 20.460085844837845,
                "A1": 18.509671798487027
            },
            "S1": {
                "A0": 18.456205075604895,
                "A1": 20.431389371310445
            }
        }
    },
    {
        "episode": 87,
        "current_state": "S1",
        "current_action": "A1",
        "td_delta": 0.018556033024239582,
        "q_table": {
            "S0": {
                "A0": 20.534154282654747,
                "A1": 18.509671798487027
            },
            "S1": {
                "A0": 18.456205075604895,
                "A1": 20.49746291269876
            }
        }
    },
    {
        "episode": 88,
        "current_state": "S1",
        "current_action": "A1",
        "td_delta": 0.009322907634771838,
        "q_table": {
            "S0": {
                "A0": 20.546549806184654,
                "A1": 18.509671798487027
            },
            "S1": {
                "A0": 18.456205075604895,
                "A1": 20.51560970764831
            }
        }
    },
    {
        "episode": 89,
        "current_state": "S0",
        "current_action": "A0",
        "td_delta": 0.036853011157134574,
        "q_table": {
            "S0": {
                "A0": 20.569246812585565,
                "A1": 18.509671798487027
            },
            "S1": {
                "A0": 18.456205075604895,
                "A1": 20.51324124204948
            }
        }
    },
    {
        "episode": 90,
        "current_state": "S1",
        "current_action": "A1",
        "td_delta": 0.009603968242569039,
        "q_table": {
            "S0": {
                "A0": 20.579792595621363,
                "A1": 18.509671798487027
            },
            "S1": {
                "A0": 18.456205075604895,
                "A1": 20.513183443784367
            }
        }
    },
    {
        "episode": 91,
        "current_state": "S1",
        "current_action": "A1",
        "td_delta": 0.02777631452972429,
        "q_table": {
            "S0": {
                "A0": 20.59736328264853,
                "A1": 18.509671798487027
            },
            "S1": {
                "A0": 18.456205075604895,
                "A1": 20.513957958876023
            }
        }
    },
    {
        "episode": 92,
        "current_state": "S0",
        "current_action": "A0",
        "td_delta": -0.025459936144894613,
        "q_table": {
            "S0": {
                "A0": 20.569108773337017,
                "A1": 18.509671798487027
            },
            "S1": {
                "A0": 18.456205075604895,
                "A1": 20.492547511383304
            }
        }
    },
    {
        "episode": 93,
        "current_state": "S0",
        "current_action": "A0",
        "td_delta": -0.037484109970602475,
        "q_table": {
            "S0": {
                "A0": 20.554231144822673,
                "A1": 18.509671798487027
            },
            "S1": {
                "A0": 18.456205075604895,
                "A1": 20.465725605968572
            }
        }
    },
    {
        "episode": 94,
        "current_state": "S1",
        "current_action": "A1",
        "td_delta": 0.033603053930256976,
        "q_table": {
            "S0": {
                "A0": 20.556761358914073,
                "A1": 18.509671798487027
            },
            "S1": {
                "A0": 18.456205075604895,
                "A1": 20.467378495489008
            }
        }
    },
    {
        "episode": 95,
        "current_state": "S1",
        "current_action": "A1",
        "td_delta": 0.025589870953535154,
        "q_table": {
            "S0": {
                "A0": 20.56608910268245,
                "A1": 18.509671798487027
            },
            "S1": {
                "A0": 18.456205075604895,
                "A1": 20.4918853815985
            }
        }
    },
    {
        "episode": 96,
        "current_state": "S0",
        "current_action": "A0",
        "td_delta": -0.012843594203584274,
        "q_table": {
            "S0": {
                "A0": 20.55834660368761,
                "A1": 18.509671798487027
            },
            "S1": {
                "A0": 18.456205075604895,
                "A1": 20.489095738266425
            }
        }
    },
    {
        "episode": 97,
        "current_state": "S1",
        "current_action": "A1",
        "td_delta": 0.019469196819375867,
        "q_table": {
            "S0": {
                "A0": 20.553263417216804,
                "A1": 18.509671798487027
            },
            "S1": {
                "A0": 18.456205075604895,
                "A1": 20.494047149497703
            }
        }
    },
    {
        "episode": 98,
        "current_state": "S0",
        "current_action": "A0",
        "td_delta": 0.038150302379776235,
        "q_table": {
            "S0": {
                "A0": 20.560756437952513,
                "A1": 18.509671798487027
            },
            "S1": {
                "A0": 18.456205075604895,
                "A1": 20.503410231570964
            }
        }
    },
    {
        "episode": 99,
        "current_state": "S0",
        "current_action": "A0",
        "td_delta": 0.046168329085219284,
        "q_table": {
            "S0": {
                "A0": 20.591850371623693,
                "A1": 18.509671798487027
            },
            "S1": {
                "A0": 18.456205075604895,
                "A1": 20.51641054519668
            }
        }
    },
    {
        "episode": 100,
        "current_state": "S1",
        "current_action": "A1",
        "td_delta": -0.047223933119621364,
        "q_table": {
            "S0": {
                "A0": 20.590796641922484,
                "A1": 18.509671798487027
            },
            "S1": {
                "A0": 18.456205075604895,
                "A1": 20.535649127040372
            }
        }
    },
    {
        "episode": 101,
        "current_state": "S0",
        "current_action": "A0",
        "td_delta": -0.038470882671585827,
        "q_table": {
            "S0": {
                "A0": 20.577555592004593,
                "A1": 18.509671798487027
            },
            "S1": {
                "A0": 18.456205075604895,
                "A1": 20.505775653740454
            }
        }
    },
    {
        "episode": 102,
        "current_state": "S1",
        "current_action": "A1",
        "td_delta": 0.002838703842542145,
        "q_table": {
            "S0": {
                "A0": 20.512216426432353,
                "A1": 18.509671798487027
            },
            "S1": {
                "A0": 18.456205075604895,
                "A1": 20.460523588650776
            }
        }
    },
    {
        "episode": 103,
        "current_state": "S1",
        "current_action": "A1",
        "td_delta": 0.0015173719234482519,
        "q_table": {
            "S0": {
                "A0": 20.465146511178613,
                "A1": 18.509671798487027
            },
            "S1": {
                "A0": 18.456205075604895,
                "A1": 20.42388562964077
            }
        }
    },
    {
        "episode": 104,
        "current_state": "S0",
        "current_action": "A0",
        "td_delta": -0.01475614374526657,
        "q_table": {
            "S0": {
                "A0": 20.41592417348102,
                "A1": 18.509671798487027
            },
            "S1": {
                "A0": 18.456205075604895,
                "A1": 20.38315803103782
            }
        }
    },
    {
        "episode": 105,
        "current_state": "S1",
        "current_action": "A1",
        "td_delta": -0.03543547380958856,
        "q_table": {
            "S0": {
                "A0": 20.418582711364152,
                "A1": 18.509671798487027
            },
            "S1": {
                "A0": 18.456205075604895,
                "A1": 20.371237238333855
            }
        }
    },
    {
        "episode": 106,
        "current_state": "S1",
        "current_action": "A1",
        "td_delta": -0.03302637621437654,
        "q_table": {
            "S0": {
                "A0": 20.393747363171883,
                "A1": 18.509671798487027
            },
            "S1": {
                "A0": 18.456205075604895,
                "A1": 20.343306952583834
            }
        }
    },
    {
        "episode": 107,
        "current_state": "S0",
        "current_action": "A0",
        "td_delta": -0.023498567906422352,
        "q_table": {
            "S0": {
                "A0": 20.333274071331346,
                "A1": 18.509671798487027
            },
            "S1": {
                "A0": 18.456205075604895,
                "A1": 20.304081103866803
            }
        }
    },
    {
        "episode": 108,
        "current_state": "S1",
        "current_action": "A1",
        "td_delta": 0.0018241022771974258,
        "q_table": {
            "S0": {
                "A0": 20.28188348907555,
                "A1": 18.509671798487027
            },
            "S1": {
                "A0": 18.456205075604895,
                "A1": 20.271814484359435
            }
        }
    },
    {
        "episode": 109,
        "current_state": "S1",
        "current_action": "A1",
        "td_delta": -0.0052626900992578385,
        "q_table": {
            "S0": {
                "A0": 20.249435318813582,
                "A1": 18.509671798487027
            },
            "S1": {
                "A0": 18.456205075604895,
                "A1": 20.24771977638498
            }
        }
    },
    {
        "episode": 110,
        "current_state": "S0",
        "current_action": "A0",
        "td_delta": -0.00531625264905955,
        "q_table": {
            "S0": {
                "A0": 20.220471707504693,
                "A1": 18.509671798487027
            },
            "S1": {
                "A0": 18.456205075604895,
                "A1": 20.22305737760022
            }
        }
    },
    {
        "episode": 111,
        "current_state": "S1",
        "current_action": "A1",
        "td_delta": 0.001470598110337562,
        "q_table": {
            "S0": {
                "A0": 20.20361319564877,
                "A1": 18.509671798487027
            },
            "S1": {
                "A0": 18.456205075604895,
                "A1": 20.206697846045493
            }
        }
    },
    {
        "episode": 112,
        "current_state": "S1",
        "current_action": "A1",
        "td_delta": 0.0011025490002189997,
        "q_table": {
            "S0": {
                "A0": 20.205203575144218,
                "A1": 18.509671798487027
            },
            "S1": {
                "A0": 18.456205075604895,
                "A1": 20.205431163987743
            }
        }
    },
    {
        "episode": 113,
        "current_state": "S1",
        "current_action": "A1",
        "td_delta": 0.007994750113354598,
        "q_table": {
            "S0": {
                "A0": 20.21132661899479,
                "A1": 18.509671798487027
            },
            "S1": {
                "A0": 18.456205075604895,
                "A1": 20.217560553658455
            }
        }
    },
    {
        "episode": 114,
        "current_state": "S1",
        "current_action": "A1",
        "td_delta": 0.0071988835046958854,
        "q_table": {
            "S0": {
                "A0": 20.204263739697797,
                "A1": 18.509671798487027
            },
            "S1": {
                "A0": 18.456205075604895,
                "A1": 20.21613774314447
            }
        }
    },
    {
        "episode": 115,
        "current_state": "S1",
        "current_action": "A1",
        "td_delta": 0.0030301415226006156,
        "q_table": {
            "S0": {
                "A0": 20.22321413897549,
                "A1": 18.509671798487027
            },
            "S1": {
                "A0": 18.456205075604895,
                "A1": 20.23238155776768
            }
        }
    },
    {
        "episode": 116,
        "current_state": "S0",
        "current_action": "A0",
        "td_delta": -0.006652073805199166,
        "q_table": {
            "S0": {
                "A0": 20.217337155725616,
                "A1": 18.509671798487027
            },
            "S1": {
                "A0": 18.456205075604895,
                "A1": 20.231833310073135
            }
        }
    },
    {
        "episode": 117,
        "current_state": "S0",
        "current_action": "A0",
        "td_delta": -0.005414898214706199,
        "q_table": {
            "S0": {
                "A0": 20.223804407126188,
                "A1": 18.509671798487027
            },
            "S1": {
                "A0": 18.456205075604895,
                "A1": 20.238096523803446
            }
        }
    },
    {
        "episode": 118,
        "current_state": "S0",
        "current_action": "A0",
        "td_delta": 0.0034716642898722228,
        "q_table": {
            "S0": {
                "A0": 20.23843835796891,
                "A1": 18.509671798487027
            },
            "S1": {
                "A0": 18.456205075604895,
                "A1": 20.24639450877552
            }
        }
    },
    {
        "episode": 119,
        "current_state": "S1",
        "current_action": "A1",
        "td_delta": 0.012313693667380221,
        "q_table": {
            "S0": {
                "A0": 20.237663583897824,
                "A1": 18.509671798487027
            },
            "S1": {
                "A0": 18.456205075604895,
                "A1": 20.260307100321203
            }
        }
    },
    {
        "episode": 120,
        "current_state": "S1",
        "current_action": "A1",
        "td_delta": -0.007357554960421453,
        "q_table": {
            "S0": {
                "A0": 20.233875273502484,
                "A1": 18.509671798487027
            },
            "S1": {
                "A0": 18.456205075604895,
                "A1": 20.258442567589746
            }
        }
    },
    {
        "episode": 121,
        "current_state": "S0",
        "current_action": "A0",
        "td_delta": -0.014518224703721216,
        "q_table": {
            "S0": {
                "A0": 20.236160867951895,
                "A1": 18.509671798487027
            },
            "S1": {
                "A0": 18.456205075604895,
                "A1": 20.258373583281188
            }
        }
    },
    {
        "episode": 122,
        "current_state": "S0",
        "current_action": "A0",
        "td_delta": -0.0013793920535078996,
        "q_table": {
            "S0": {
                "A0": 20.23064635620871,
                "A1": 18.509671798487027
            },
            "S1": {
                "A0": 18.456205075604895,
                "A1": 20.24746942199478
            }
        }
    },
    {
        "episode": 123,
        "current_state": "S0",
        "current_action": "A0",
        "td_delta": 0.0019668519275839458,
        "q_table": {
            "S0": {
                "A0": 20.218449123205584,
                "A1": 18.509671798487027
            },
            "S1": {
                "A0": 18.456205075604895,
                "A1": 20.231685544005465
            }
        }
    },
    {
        "episode": 124,
        "current_state": "S0",
        "current_action": "A0",
        "td_delta": -0.0010099486448957862,
        "q_table": {
            "S0": {
                "A0": 20.21752711100501,
                "A1": 18.509671798487027
            },
            "S1": {
                "A0": 18.456205075604895,
                "A1": 20.230962146641048
            }
        }
    },
    {
        "episode": 125,
        "current_state": "S0",
        "current_action": "A0",
        "td_delta": 0.003122486430580551,
        "q_table": {
            "S0": {
                "A0": 20.211039592508676,
                "A1": 18.509671798487027
            },
            "S1": {
                "A0": 18.456205075604895,
                "A1": 20.2269299432682
            }
        }
    },
    {
        "episode": 126,
        "current_state": "S1",
        "current_action": "A1",
        "td_delta": 0.005016936441329278,
        "q_table": {
            "S0": {
                "A0": 20.1897323780023,
                "A1": 18.509671798487027
            },
            "S1": {
                "A0": 18.456205075604895,
                "A1": 20.206969741533946
            }
        }
    },
    {
        "episode": 127,
        "current_state": "S1",
        "current_action": "A1",
        "td_delta": -0.0016982882826503953,
        "q_table": {
            "S0": {
                "A0": 20.18358335689167,
                "A1": 18.509671798487027
            },
            "S1": {
                "A0": 18.456205075604895,
                "A1": 20.195156522780294
            }
        }
    },
    {
        "episode": 128,
        "current_state": "S0",
        "current_action": "A0",
        "td_delta": 0.0019902292740781036,
        "q_table": {
            "S0": {
                "A0": 20.177094993371025,
                "A1": 18.509671798487027
            },
            "S1": {
                "A0": 18.456205075604895,
                "A1": 20.188204518943596
            }
        }
    },
    {
        "episode": 129,
        "current_state": "S0",
        "current_action": "A0",
        "td_delta": 0.003847469904567191,
        "q_table": {
            "S0": {
                "A0": 20.177284600865217,
                "A1": 18.509671798487027
            },
            "S1": {
                "A0": 18.456205075604895,
                "A1": 20.188976580783514
            }
        }
    },
    {
        "episode": 130,
        "current_state": "S0",
        "current_action": "A0",
        "td_delta": -0.005754374507336735,
        "q_table": {
            "S0": {
                "A0": 20.170233774443773,
                "A1": 18.509671798487027
            },
            "S1": {
                "A0": 18.456205075604895,
                "A1": 20.16969078283213
            }
        }
    },
    {
        "episode": 131,
        "current_state": "S0",
        "current_action": "A0",
        "td_delta": -0.01198110750676662,
        "q_table": {
            "S0": {
                "A0": 20.12994691631731,
                "A1": 18.509671798487027
            },
            "S1": {
                "A0": 18.456205075604895,
                "A1": 20.127030234716898
            }
        }
    },
    {
        "episode": 132,
        "current_state": "S1",
        "current_action": "A1",
        "td_delta": -0.012896537497145033,
        "q_table": {
            "S0": {
                "A0": 20.083456883066116,
                "A1": 18.509671798487027
            },
            "S1": {
                "A0": 18.456205075604895,
                "A1": 20.074168922243864
            }
        }
    },
    {
        "episode": 133,
        "current_state": "S1",
        "current_action": "A1",
        "td_delta": 0.008286414567056255,
        "q_table": {
            "S0": {
                "A0": 20.07874628165367,
                "A1": 18.509671798487027
            },
            "S1": {
                "A0": 18.456205075604895,
                "A1": 20.069985667354306
            }
        }
    },
    {
        "episode": 134,
        "current_state": "S1",
        "current_action": "A1",
        "td_delta": -0.0020401283268967063,
        "q_table": {
            "S0": {
                "A0": 20.08630672876048,
                "A1": 18.509671798487027
            },
            "S1": {
                "A0": 18.456205075604895,
                "A1": 20.09074287314282
            }
        }
    },
    {
        "episode": 135,
        "current_state": "S1",
        "current_action": "A1",
        "td_delta": -0.006132228365157033,
        "q_table": {
            "S0": {
                "A0": 20.075391341283595,
                "A1": 18.509671798487027
            },
            "S1": {
                "A0": 18.456205075604895,
                "A1": 20.08616898525025
            }
        }
    },
    {
        "episode": 136,
        "current_state": "S0",
        "current_action": "A0",
        "td_delta": -0.005044255401564612,
        "q_table": {
            "S0": {
                "A0": 20.048252811905726,
                "A1": 18.509671798487027
            },
            "S1": {
                "A0": 18.456205075604895,
                "A1": 20.05282446359192
            }
        }
    },
    {
        "episode": 137,
        "current_state": "S0",
        "current_action": "A0",
        "td_delta": -0.00598158325659881,
        "q_table": {
            "S0": {
                "A0": 20.029088897917596,
                "A1": 18.509671798487027
            },
            "S1": {
                "A0": 18.456205075604895,
                "A1": 20.03027034456306
            }
        }
    },
    {
        "episode": 138,
        "current_state": "S1",
        "current_action": "A1",
        "td_delta": 0.0008959529627468044,
        "q_table": {
            "S0": {
                "A0": 20.01680620116742,
                "A1": 18.509671798487027
            },
            "S1": {
                "A0": 18.456205075604895,
                "A1": 20.014827655901485
            }
        }
    },
    {
        "episode": 139,
        "current_state": "S0",
        "current_action": "A0",
        "td_delta": -0.006339167805172963,
        "q_table": {
            "S0": {
                "A0": 19.998838880562694,
                "A1": 18.509671798487027
            },
            "S1": {
                "A0": 18.456205075604895,
                "A1": 19.9967003912108
            }
        }
    },
    {
        "episode": 140,
        "current_state": "S0",
        "current_action": "A0",
        "td_delta": -0.008198814579646552,
        "q_table": {
            "S0": {
                "A0": 19.967757621160086,
                "A1": 18.509671798487027
            },
            "S1": {
                "A0": 18.456205075604895,
                "A1": 19.968903309002837
            }
        }
    },
    {
        "episode": 141,
        "current_state": "S0",
        "current_action": "A0",
        "td_delta": -0.002773154313167936,
        "q_table": {
            "S0": {
                "A0": 19.93368141264903,
                "A1": 18.509671798487027
            },
            "S1": {
                "A0": 18.456205075604895,
                "A1": 19.938967445155946
            }
        }
    },
    {
        "episode": 142,
        "current_state": "S1",
        "current_action": "A1",
        "td_delta": 0.0044282073116406195,
        "q_table": {
            "S0": {
                "A0": 19.956057008829,
                "A1": 18.509671798487027
            },
            "S1": {
                "A0": 18.456205075604895,
                "A1": 19.954729883006678
            }
        }
    },
    {
        "episode": 143,
        "current_state": "S0",
        "current_action": "A0",
        "td_delta": 0.007560816375374202,
        "q_table": {
            "S0": {
                "A0": 19.956630314270246,
                "A1": 18.509671798487027
            },
            "S1": {
                "A0": 18.456205075604895,
                "A1": 19.9638577543129
            }
        }
    },
    {
        "episode": 144,
        "current_state": "S1",
        "current_action": "A1",
        "td_delta": 0.00017270120955714674,
        "q_table": {
            "S0": {
                "A0": 19.972499215054636,
                "A1": 18.509671798487027
            },
            "S1": {
                "A0": 18.456205075604895,
                "A1": 19.97420252511139
            }
        }
    },
    {
        "episode": 145,
        "current_state": "S1",
        "current_action": "A1",
        "td_delta": -0.001127333339436376,
        "q_table": {
            "S0": {
                "A0": 19.97317431427013,
                "A1": 18.509671798487027
            },
            "S1": {
                "A0": 18.456205075604895,
                "A1": 19.98324212056797
            }
        }
    },
    {
        "episode": 146,
        "current_state": "S1",
        "current_action": "A1",
        "td_delta": 0.0026812700582858895,
        "q_table": {
            "S0": {
                "A0": 19.974390776284334,
                "A1": 18.509671798487027
            },
            "S1": {
                "A0": 18.456205075604895,
                "A1": 19.981341228752015
            }
        }
    },
    {
        "episode": 147,
        "current_state": "S0",
        "current_action": "A0",
        "td_delta": 0.004432682846257308,
        "q_table": {
            "S0": {
                "A0": 19.97154852949888,
                "A1": 18.509671798487027
            },
            "S1": {
                "A0": 18.456205075604895,
                "A1": 19.98650443441159
            }
        }
    },
    {
        "episode": 148,
        "current_state": "S0",
        "current_action": "A0",
        "td_delta": 0.006195061400109836,
        "q_table": {
            "S0": {
                "A0": 19.992913756426898,
                "A1": 18.509671798487027
            },
            "S1": {
                "A0": 18.456205075604895,
                "A1": 20.01933729126725
            }
        }
    },
    {
        "episode": 149,
        "current_state": "S1",
        "current_action": "A1",
        "td_delta": 0.0010859463451389217,
        "q_table": {
            "S0": {
                "A0": 20.002735007972177,
                "A1": 18.509671798487027
            },
            "S1": {
                "A0": 18.456205075604895,
                "A1": 20.02886575798663
            }
        }
    },
    {
        "episode": 150,
        "current_state": "S1",
        "current_action": "A1",
        "td_delta": 0.020434785214025197,
        "q_table": {
            "S0": {
                "A0": 20.011964251581077,
                "A1": 18.509671798487027
            },
            "S1": {
                "A0": 18.456205075604895,
                "A1": 20.039435640866117
            }
        }
    },
    {
        "episode": 151,
        "current_state": "S1",
        "current_action": "A1",
        "td_delta": -0.005954312121389194,
        "q_table": {
            "S0": {
                "A0": 20.03413775582007,
                "A1": 18.509671798487027
            },
            "S1": {
                "A0": 18.456205075604895,
                "A1": 20.065689219953708
            }
        }
    },
    {
        "episode": 152,
        "current_state": "S1",
        "current_action": "A1",
        "td_delta": 0.001654456367720769,
        "q_table": {
            "S0": {
                "A0": 20.0523130436117,
                "A1": 18.509671798487027
            },
            "S1": {
                "A0": 18.456205075604895,
                "A1": 20.072108534509372
            }
        }
    },
    {
        "episode": 153,
        "current_state": "S0",
        "current_action": "A0",
        "td_delta": 0.008698728843537396,
        "q_table": {
            "S0": {
                "A0": 20.066378840373716,
                "A1": 18.509671798487027
            },
            "S1": {
                "A0": 18.456205075604895,
                "A1": 20.086323686869534
            }
        }
    },
    {
        "episode": 154,
        "current_state": "S0",
        "current_action": "A0",
        "td_delta": 0.006066832833781177,
        "q_table": {
            "S0": {
                "A0": 20.066409248651652,
                "A1": 18.509671798487027
            },
            "S1": {
                "A0": 18.456205075604895,
                "A1": 20.084604150466173
            }
        }
    },
    {
        "episode": 155,
        "current_state": "S1",
        "current_action": "A1",
        "td_delta": -0.004486901589661585,
        "q_table": {
            "S0": {
                "A0": 20.06137000095051,
                "A1": 18.509671798487027
            },
            "S1": {
                "A0": 18.456205075604895,
                "A1": 20.072698063708525
            }
        }
    },
    {
        "episode": 156,
        "current_state": "S0",
        "current_action": "A0",
        "td_delta": 0.004494030954159456,
        "q_table": {
            "S0": {
                "A0": 20.069053542376682,
                "A1": 18.509671798487027
            },
            "S1": {
                "A0": 18.456205075604895,
                "A1": 20.072084389374787
            }
        }
    },
    {
        "episode": 157,
        "current_state": "S0",
        "current_action": "A0",
        "td_delta": 0.005741827394224686,
        "q_table": {
            "S0": {
                "A0": 20.08347871692126,
                "A1": 18.509671798487027
            },
            "S1": {
                "A0": 18.456205075604895,
                "A1": 20.092362475651125
            }
        }
    },
    {
        "episode": 158,
        "current_state": "S1",
        "current_action": "A1",
        "td_delta": 0.010089536871010552,
        "q_table": {
            "S0": {
                "A0": 20.08993276959594,
                "A1": 18.509671798487027
            },
            "S1": {
                "A0": 18.456205075604895,
                "A1": 20.101156269965514
            }
        }
    },
    {
        "episode": 159,
        "current_state": "S1",
        "current_action": "A1",
        "td_delta": -0.004766164469220513,
        "q_table": {
            "S0": {
                "A0": 20.094831576689046,
                "A1": 18.509671798487027
            },
            "S1": {
                "A0": 18.456205075604895,
                "A1": 20.112326816429007
            }
        }
    },
    {
        "episode": 160,
        "current_state": "S0",
        "current_action": "A0",
        "td_delta": 0.003999138473062658,
        "q_table": {
            "S0": {
                "A0": 20.104038210431437,
                "A1": 18.509671798487027
            },
            "S1": {
                "A0": 18.456205075604895,
                "A1": 20.117041129044093
            }
        }
    },
    {
        "episode": 161,
        "current_state": "S0",
        "current_action": "A0",
        "td_delta": 0.0017100233259235154,
        "q_table": {
            "S0": {
                "A0": 20.103022736268713,
                "A1": 18.509671798487027
            },
            "S1": {
                "A0": 18.456205075604895,
                "A1": 20.115166649025916
            }
        }
    },
    {
        "episode": 162,
        "current_state": "S0",
        "current_action": "A0",
        "td_delta": -5.3658344171481076e-05,
        "q_table": {
            "S0": {
                "A0": 20.07461146358561,
                "A1": 18.509671798487027
            },
            "S1": {
                "A0": 18.456205075604895,
                "A1": 20.095433809181174
            }
        }
    },
    {
        "episode": 163,
        "current_state": "S1",
        "current_action": "A1",
        "td_delta": -0.004071487216826597,
        "q_table": {
            "S0": {
                "A0": 20.062277693330437,
                "A1": 18.509671798487027
            },
            "S1": {
                "A0": 18.456205075604895,
                "A1": 20.07815444325633
            }
        }
    },
    {
        "episode": 164,
        "current_state": "S1",
        "current_action": "A1",
        "td_delta": -0.0033485513975648473,
        "q_table": {
            "S0": {
                "A0": 20.043441762862713,
                "A1": 18.509671798487027
            },
            "S1": {
                "A0": 18.456205075604895,
                "A1": 20.0602804002762
            }
        }
    },
    {
        "episode": 165,
        "current_state": "S0",
        "current_action": "A0",
        "td_delta": 0.0006930796280251172,
        "q_table": {
            "S0": {
                "A0": 20.035538838761674,
                "A1": 18.509671798487027
            },
            "S1": {
                "A0": 18.456205075604895,
                "A1": 20.05485992690776
            }
        }
    },
    {
        "episode": 166,
        "current_state": "S0",
        "current_action": "A0",
        "td_delta": -0.013337681261536005,
        "q_table": {
            "S0": {
                "A0": 20.027917850998946,
                "A1": 18.509671798487027
            },
            "S1": {
                "A0": 18.456205075604895,
                "A1": 20.048042038411
            }
        }
    },
    {
        "episode": 167,
        "current_state": "S0",
        "current_action": "A0",
        "td_delta": -0.017453141930989347,
        "q_table": {
            "S0": {
                "A0": 20.004164383714215,
                "A1": 18.509671798487027
            },
            "S1": {
                "A0": 18.456205075604895,
                "A1": 20.030570456332153
            }
        }
    },
    {
        "episode": 168,
        "current_state": "S0",
        "current_action": "A0",
        "td_delta": 0.006808611304951029,
        "q_table": {
            "S0": {
                "A0": 20.003750978789803,
                "A1": 18.509671798487027
            },
            "S1": {
                "A0": 18.456205075604895,
                "A1": 20.024477282362454
            }
        }
    },
    {
        "episode": 169,
        "current_state": "S1",
        "current_action": "A1",
        "td_delta": 0.018568828845346275,
        "q_table": {
            "S0": {
                "A0": 20.001745543364585,
                "A1": 18.509671798487027
            },
            "S1": {
                "A0": 18.456205075604895,
                "A1": 20.029001303255846
            }
        }
    },
    {
        "episode": 170,
        "current_state": "S1",
        "current_action": "A1",
        "td_delta": -0.009109177274883251,
        "q_table": {
            "S0": {
                "A0": 20.01430151392786,
                "A1": 18.509671798487027
            },
            "S1": {
                "A0": 18.456205075604895,
                "A1": 20.041850871060177
            }
        }
    },
    {
        "episode": 171,
        "current_state": "S1",
        "current_action": "A1",
        "td_delta": -0.006358920525034506,
        "q_table": {
            "S0": {
                "A0": 20.019546777109323,
                "A1": 18.509671798487027
            },
            "S1": {
                "A0": 18.456205075604895,
                "A1": 20.036296262988905
            }
        }
    },
    {
        "episode": 172,
        "current_state": "S1",
        "current_action": "A1",
        "td_delta": -0.005084923345851422,
        "q_table": {
            "S0": {
                "A0": 20.00770474326041,
                "A1": 18.509671798487027
            },
            "S1": {
                "A0": 18.456205075604895,
                "A1": 20.026059475546138
            }
        }
    },
    {
        "episode": 173,
        "current_state": "S1",
        "current_action": "A1",
        "td_delta": 0.008217668791910882,
        "q_table": {
            "S0": {
                "A0": 20.007543552470402,
                "A1": 18.509671798487027
            },
            "S1": {
                "A0": 18.456205075604895,
                "A1": 20.016766424929834
            }
        }
    },
    {
        "episode": 174,
        "current_state": "S0",
        "current_action": "A0",
        "td_delta": 0.0062860015974628425,
        "q_table": {
            "S0": {
                "A0": 20.01929305309155,
                "A1": 18.509671798487027
            },
            "S1": {
                "A0": 18.456205075604895,
                "A1": 20.030731925673564
            }
        }
    },
    {
        "episode": 175,
        "current_state": "S1",
        "current_action": "A1",
        "td_delta": 0.014293933798825265,
        "q_table": {
            "S0": {
                "A0": 20.02508355421541,
                "A1": 18.509671798487027
            },
            "S1": {
                "A0": 18.456205075604895,
                "A1": 20.04814468016509
            }
        }
    },
    {
        "episode": 176,
        "current_state": "S0",
        "current_action": "A0",
        "td_delta": 0.01150511140003374,
        "q_table": {
            "S0": {
                "A0": 20.038778720365418,
                "A1": 18.509671798487027
            },
            "S1": {
                "A0": 18.456205075604895,
                "A1": 20.06348575113137
            }
        }
    },
    {
        "episode": 177,
        "current_state": "S1",
        "current_action": "A1",
        "td_delta": 0.018647894505480878,
        "q_table": {
            "S0": {
                "A0": 20.056775688720105,
                "A1": 18.509671798487027
            },
            "S1": {
                "A0": 18.456205075604895,
                "A1": 20.085311445807065
            }
        }
    },
    {
        "episode": 178,
        "current_state": "S0",
        "current_action": "A0",
        "td_delta": 0.005242624316096567,
        "q_table": {
            "S0": {
                "A0": 20.072026957486916,
                "A1": 18.509671798487027
            },
            "S1": {
                "A0": 18.456205075604895,
                "A1": 20.091387850473623
            }
        }
    },
    {
        "episode": 179,
        "current_state": "S1",
        "current_action": "A1",
        "td_delta": 0.011812380373974918,
        "q_table": {
            "S0": {
                "A0": 20.066843671048648,
                "A1": 18.509671798487027
            },
            "S1": {
                "A0": 18.456205075604895,
                "A1": 20.090938580761645
            }
        }
    },
    {
        "episode": 180,
        "current_state": "S1",
        "current_action": "A1",
        "td_delta": -0.00833681777139006,
        "q_table": {
            "S0": {
                "A0": 20.052065262016583,
                "A1": 18.509671798487027
            },
            "S1": {
                "A0": 18.456205075604895,
                "A1": 20.07578154835198
            }
        }
    },
    {
        "episode": 181,
        "current_state": "S0",
        "current_action": "A0",
        "td_delta": 0.012618027798797726,
        "q_table": {
            "S0": {
                "A0": 20.03179854942655,
                "A1": 18.509671798487027
            },
            "S1": {
                "A0": 18.456205075604895,
                "A1": 20.064845533519993
            }
        }
    },
    {
        "episode": 182,
        "current_state": "S1",
        "current_action": "A1",
        "td_delta": -0.008752385138738106,
        "q_table": {
            "S0": {
                "A0": 20.029377692638,
                "A1": 18.509671798487027
            },
            "S1": {
                "A0": 18.456205075604895,
                "A1": 20.04835604366007
            }
        }
    },
    {
        "episode": 183,
        "current_state": "S0",
        "current_action": "A0",
        "td_delta": 0.0076431842641788705,
        "q_table": {
            "S0": {
                "A0": 20.01724283685237,
                "A1": 18.509671798487027
            },
            "S1": {
                "A0": 18.456205075604895,
                "A1": 20.03898053020143
            }
        }
    },
    {
        "episode": 184,
        "current_state": "S0",
        "current_action": "A0",
        "td_delta": 0.0031774342026444913,
        "q_table": {
            "S0": {
                "A0": 20.024524273935732,
                "A1": 18.509671798487027
            },
            "S1": {
                "A0": 18.456205075604895,
                "A1": 20.042976326736692
            }
        }
    },
    {
        "episode": 185,
        "current_state": "S1",
        "current_action": "A1",
        "td_delta": -0.0027226213136657407,
        "q_table": {
            "S0": {
                "A0": 20.0268225961189,
                "A1": 18.509671798487027
            },
            "S1": {
                "A0": 18.456205075604895,
                "A1": 20.044056745551906
            }
        }
    },
    {
        "episode": 186,
        "current_state": "S1",
        "current_action": "A1",
        "td_delta": 0.012707777932508435,
        "q_table": {
            "S0": {
                "A0": 20.044041560066393,
                "A1": 18.509671798487027
            },
            "S1": {
                "A0": 18.456205075604895,
                "A1": 20.059097901886226
            }
        }
    },
    {
        "episode": 187,
        "current_state": "S1",
        "current_action": "A1",
        "td_delta": 0.008459039584721495,
        "q_table": {
            "S0": {
                "A0": 20.06040700731924,
                "A1": 18.509671798487027
            },
            "S1": {
                "A0": 18.456205075604895,
                "A1": 20.07028060337105
            }
        }
    },
    {
        "episode": 188,
        "current_state": "S0",
        "current_action": "A0",
        "td_delta": 0.0009596423494109274,
        "q_table": {
            "S0": {
                "A0": 20.050211884886853,
                "A1": 18.509671798487027
            },
            "S1": {
                "A0": 18.456205075604895,
                "A1": 20.063115691088626
            }
        }
    },
    {
        "episode": 189,
        "current_state": "S1",
        "current_action": "A1",
        "td_delta": -0.005289609917930704,
        "q_table": {
            "S0": {
                "A0": 20.041772700599175,
                "A1": 18.509671798487027
            },
            "S1": {
                "A0": 18.456205075604895,
                "A1": 20.049432368608237
            }
        }
    },
    {
        "episode": 190,
        "current_state": "S0",
        "current_action": "A0",
        "td_delta": 8.440323666647487e-05,
        "q_table": {
            "S0": {
                "A0": 20.019219047788887,
                "A1": 18.509671798487027
            },
            "S1": {
                "A0": 18.456205075604895,
                "A1": 20.032054065738013
            }
        }
    },
    {
        "episode": 191,
        "current_state": "S0",
        "current_action": "A0",
        "td_delta": -0.0009396577953815211,
        "q_table": {
            "S0": {
                "A0": 20.000413112972346,
                "A1": 18.509671798487027
            },
            "S1": {
                "A0": 18.456205075604895,
                "A1": 20.008847995815973
            }
        }
    },
    {
        "episode": 192,
        "current_state": "S1",
        "current_action": "A1",
        "td_delta": -0.011723080624946647,
        "q_table": {
            "S0": {
                "A0": 19.963388440564774,
                "A1": 18.509671798487027
            },
            "S1": {
                "A0": 18.456205075604895,
                "A1": 19.97032099436996
            }
        }
    },
    {
        "episode": 193,
        "current_state": "S1",
        "current_action": "A1",
        "td_delta": -0.0030781637412040652,
        "q_table": {
            "S0": {
                "A0": 19.94238777795606,
                "A1": 18.509671798487027
            },
            "S1": {
                "A0": 18.456205075604895,
                "A1": 19.946281403693405
            }
        }
    },
    {
        "episode": 194,
        "current_state": "S1",
        "current_action": "A1",
        "td_delta": 0.0005485663806155117,
        "q_table": {
            "S0": {
                "A0": 19.92064527677882,
                "A1": 18.509671798487027
            },
            "S1": {
                "A0": 18.456205075604895,
                "A1": 19.929779840804226
            }
        }
    },
    {
        "episode": 195,
        "current_state": "S1",
        "current_action": "A1",
        "td_delta": 0.005355177153852253,
        "q_table": {
            "S0": {
                "A0": 19.907298363062623,
                "A1": 18.509671798487027
            },
            "S1": {
                "A0": 18.456205075604895,
                "A1": 19.918949126125337
            }
        }
    },
    {
        "episode": 196,
        "current_state": "S0",
        "current_action": "A0",
        "td_delta": 0.0013035160311112293,
        "q_table": {
            "S0": {
                "A0": 19.889350041563684,
                "A1": 18.509671798487027
            },
            "S1": {
                "A0": 18.456205075604895,
                "A1": 19.899857216039067
            }
        }
    },
    {
        "episode": 197,
        "current_state": "S1",
        "current_action": "A1",
        "td_delta": -0.004970634481011871,
        "q_table": {
            "S0": {
                "A0": 19.880990860693082,
                "A1": 18.509671798487027
            },
            "S1": {
                "A0": 18.456205075604895,
                "A1": 19.887686750988735
            }
        }
    },
    {
        "episode": 198,
        "current_state": "S1",
        "current_action": "A1",
        "td_delta": -0.0018597977021386214,
        "q_table": {
            "S0": {
                "A0": 19.870448089785484,
                "A1": 18.509671798487027
            },
            "S1": {
                "A0": 18.456205075604895,
                "A1": 19.88217925838717
            }
        }
    },
    {
        "episode": 199,
        "current_state": "S1",
        "current_action": "A1",
        "td_delta": 0.007094543278899579,
        "q_table": {
            "S0": {
                "A0": 19.869497280622298,
                "A1": 18.509671798487027
            },
            "S1": {
                "A0": 18.456205075604895,
                "A1": 19.880397715209927
            }
        }
    }
]