[
    {
        "episode": 0,
        "current_state": "S1",
        "current_action": "A1",
        "td_delta": 1.5968383128857893,
        "q_table": {
            "S0": {
                "A0": 4.38301364066338,
                "A1": 2.415360078125713
            },
            "S1": {
                "A0": 3.111292244777777,
                "A1": 4.186943647740473
            }
        }
    },
    {
        "episode": 1,
        "current_state": "S1",
        "current_action": "A0",
        "td_delta": 2.251196964473835,
        "q_table": {
            "S0": {
                "A0": 8.413017516812952,
                "A1": 6.254809318308013
            },
            "S1": {
                "A0": 6.6999737035504,
                "A1": 8.839811576493233
            }
        }
    },
    {
        "episode": 2,
        "current_state": "S0",
        "current_action": "A1",
        "td_delta": 1.6904361288313368,
        "q_table": {
            "S0": {
                "A0": 11.784912646057723,
                "A1": 9.78682404362479
            },
            "S1": {
                "A0": 9.67154433815481,
                "A1": 11.685051214545966
            }
        }
    },
    {
        "episode": 3,
        "current_state": "S1",
        "current_action": "A0",
        "td_delta": 1.4187613922597677,
        "q_table": {
            "S0": {
                "A0": 14.002419604702006,
                "A1": 12.192776211679185
            },
            "S1": {
                "A0": 12.240489261017556,
                "A1": 13.574528974595381
            }
        }
    },
    {
        "episode": 4,
        "current_state": "S1",
        "current_action": "A1",
        "td_delta": 0.4238423245773095,
        "q_table": {
            "S0": {
                "A0": 15.541950746459783,
                "A1": 13.39182692869774
            },
            "S1": {
                "A0": 13.921207079408536,
                "A1": 15.323873576101882
            }
        }
    },
    {
        "episode": 5,
        "current_state": "S0",
        "current_action": "A0",
        "td_delta": 0.42822510424609916,
        "q_table": {
            "S0": {
                "A0": 16.584666975985247,
                "A1": 14.7950107778081
            },
            "S1": {
                "A0": 15.18726720410282,
                "A1": 16.356408675627257
            }
        }
    },
    {
        "episode": 6,
        "current_state": "S0",
        "current_action": "A0",
        "td_delta": 0.32890794019349556,
        "q_table": {
            "S0": {
                "A0": 17.47181514179064,
                "A1": 15.642577987547446
            },
            "S1": {
                "A0": 16.156319451394697,
                "A1": 17.22795961628166
            }
        }
    },
    {
        "episode": 7,
        "current_state": "S0",
        "current_action": "A0",
        "td_delta": 0.2450036646685625,
        "q_table": {
            "S0": {
                "A0": 18.233383764497397,
                "A1": 16.274513879265157
            },
            "S1": {
                "A0": 16.71662675080418,
                "A1": 18.06069180642294
            }
        }
    },
    {
        "episode": 8,
        "current_state": "S0",
        "current_action": "A0",
        "td_delta": -0.01228010279715619,
        "q_table": {
            "S0": {
                "A0": 18.863818994014913,
                "A1": 17.047903759898837
            },
            "S1": {
                "A0": 17.303218677684516,
                "A1": 18.655981332426155
            }
        }
    },
    {
        "episode": 9,
        "current_state": "S0",
        "current_action": "A0",
        "td_delta": -0.02974333169363419,
        "q_table": {
            "S0": {
                "A0": 19.173184568494747,
                "A1": 17.641706586072495
            },
            "S1": {
                "A0": 17.790158144083982,
                "A1": 18.919518452230225
            }
        }
    },
    {
        "episode": 10,
        "current_state": "S1",
        "current_action": "A1",
        "td_delta": -0.11218355448892225,
        "q_table": {
            "S0": {
                "A0": 19.429415038824846,
                "A1": 17.641706586072495
            },
            "S1": {
                "A0": 17.790158144083982,
                "A1": 19.160072326426956
            }
        }
    },
    {
        "episode": 11,
        "current_state": "S0",
        "current_action": "A0",
        "td_delta": -0.04900883850109139,
        "q_table": {
            "S0": {
                "A0": 19.38353457550231,
                "A1": 17.641706586072495
            },
            "S1": {
                "A0": 17.790158144083982,
                "A1": 19.19867812517588
            }
        }
    },
    {
        "episode": 12,
        "current_state": "S1",
        "current_action": "A1",
        "td_delta": 0.003983549478984827,
        "q_table": {
            "S0": {
                "A0": 19.22314059818682,
                "A1": 17.641706586072495
            },
            "S1": {
                "A0": 17.790158144083982,
                "A1": 19.11694804783074
            }
        }
    },
    {
        "episode": 13,
        "current_state": "S1",
        "current_action": "A1",
        "td_delta": 0.036020356254841346,
        "q_table": {
            "S0": {
                "A0": 19.265472189522075,
                "A1": 17.641706586072495
            },
            "S1": {
                "A0": 17.790158144083982,
                "A1": 19.139850514454476
            }
        }
    },
    {
        "episode": 14,
        "current_state": "S1",
        "current_action": "A1",
        "td_delta": -0.09614446524966525,
        "q_table": {
            "S0": {
                "A0": 19.399064450797418,
                "A1": 17.641706586072495
            },
            "S1": {
                "A0": 17.790158144083982,
                "A1": 19.245527341326994
            }
        }
    },
    {
        "episode": 15,
        "current_state": "S0",
        "current_action": "A0",
        "td_delta": -0.07130303931204196,
        "q_table": {
            "S0": {
                "A0": 19.38017113358375,
                "A1": 17.641706586072495
            },
            "S1": {
                "A0": 17.790158144083982,
                "A1": 19.168704163565412
            }
        }
    },
    {
        "episode": 16,
        "current_state": "S1",
        "current_action": "A1",
        "td_delta": 0.06086214320555783,
        "q_table": {
            "S0": {
                "A0": 19.263497209472458,
                "A1": 17.641706586072495
            },
            "S1": {
                "A0": 17.790158144083982,
                "A1": 19.077074146047366
            }
        }
    },
    {
        "episode": 17,
        "current_state": "S0",
        "current_action": "A0",
        "td_delta": -0.07541628601740058,
        "q_table": {
            "S0": {
                "A0": 19.417932620983816,
                "A1": 17.641706586072495
            },
            "S1": {
                "A0": 17.790158144083982,
                "A1": 19.2230013718486
            }
        }
    },
    {
        "episode": 18,
        "current_state": "S1",
        "current_action": "A1",
        "td_delta": 0.06227763327459712,
        "q_table": {
            "S0": {
                "A0": 19.38898927413966,
                "A1": 17.641706586072495
            },
            "S1": {
                "A0": 17.790158144083982,
                "A1": 19.214111159045927
            }
        }
    },
    {
        "episode": 19,
        "current_state": "S0",
        "current_action": "A0",
        "td_delta": 0.12311484519434401,
        "q_table": {
            "S0": {
                "A0": 19.37310440217388,
                "A1": 17.641706586072495
            },
            "S1": {
                "A0": 17.790158144083982,
                "A1": 19.213750829522326
            }
        }
    },
    {
        "episode": 20,
        "current_state": "S1",
        "current_action": "A1",
        "td_delta": 0.04460303010576894,
        "q_table": {
            "S0": {
                "A0": 19.399771612355494,
                "A1": 17.641706586072495
            },
            "S1": {
                "A0": 17.790158144083982,
                "A1": 19.294730581109047
            }
        }
    },
    {
        "episode": 21,
        "current_state": "S0",
        "current_action": "A0",
        "td_delta": -0.03253709666571325,
        "q_table": {
            "S0": {
                "A0": 19.421393712427502,
                "A1": 17.641706586072495
            },
            "S1": {
                "A0": 17.790158144083982,
                "A1": 19.368655482860095
            }
        }
    },
    {
        "episode": 22,
        "current_state": "S1",
        "current_action": "A1",
        "td_delta": -0.019681992599821285,
        "q_table": {
            "S0": {
                "A0": 19.267834509486633,
                "A1": 17.641706586072495
            },
            "S1": {
                "A0": 17.790158144083982,
                "A1": 19.20847425362612
            }
        }
    },
    {
        "episode": 23,
        "current_state": "S0",
        "current_action": "A0",
        "td_delta": -0.030219671349467347,
        "q_table": {
            "S0": {
                "A0": 19.16199368155779,
                "A1": 17.641706586072495
            },
            "S1": {
                "A0": 17.790158144083982,
                "A1": 19.119620619502058
            }
        }
    },
    {
        "episode": 24,
        "current_state": "S1",
        "current_action": "A1",
        "td_delta": 0.015135227620842073,
        "q_table": {
            "S0": {
                "A0": 19.153450528506994,
                "A1": 17.641706586072495
            },
            "S1": {
                "A0": 17.790158144083982,
                "A1": 19.089173747768825
            }
        }
    },
    {
        "episode": 25,
        "current_state": "S1",
        "current_action": "A1",
        "td_delta": -0.04788442567999951,
        "q_table": {
            "S0": {
                "A0": 19.0986034745675,
                "A1": 17.641706586072495
            },
            "S1": {
                "A0": 17.790158144083982,
                "A1": 19.03870789839496
            }
        }
    },
    {
        "episode": 26,
        "current_state": "S1",
        "current_action": "A1",
        "td_delta": 0.021897555159764437,
        "q_table": {
            "S0": {
                "A0": 19.06724492819894,
                "A1": 17.641706586072495
            },
            "S1": {
                "A0": 17.790158144083982,
                "A1": 19.050914901604145
            }
        }
    },
    {
        "episode": 27,
        "current_state": "S0",
        "current_action": "A0",
        "td_delta": 0.026402175146671425,
        "q_table": {
            "S0": {
                "A0": 19.099532999638523,
                "A1": 17.641706586072495
            },
            "S1": {
                "A0": 17.790158144083982,
                "A1": 19.058513836502737
            }
        }
    },
    {
        "episode": 28,
        "current_state": "S1",
        "current_action": "A1",
        "td_delta": -0.013389524341544501,
        "q_table": {
            "S0": {
                "A0": 19.170559309721597,
                "A1": 17.641706586072495
            },
            "S1": {
                "A0": 17.790158144083982,
                "A1": 19.132569397967963
            }
        }
    },
    {
        "episode": 29,
        "current_state": "S1",
        "current_action": "A1",
        "td_delta": 0.0034198423998503813,
        "q_table": {
            "S0": {
                "A0": 19.174606683641056,
                "A1": 17.641706586072495
            },
            "S1": {
                "A0": 17.790158144083982,
                "A1": 19.14542799801604
            }
        }
    },
    {
        "episode": 30,
        "current_state": "S0",
        "current_action": "A0",
        "td_delta": 0.06518857603824202,
        "q_table": {
            "S0": {
                "A0": 19.260061817413884,
                "A1": 17.641706586072495
            },
            "S1": {
                "A0": 17.790158144083982,
                "A1": 19.21126653394776
            }
        }
    },
    {
        "episode": 31,
        "current_state": "S1",
        "current_action": "A1",
        "td_delta": 0.007564979537896477,
        "q_table": {
            "S0": {
                "A0": 19.416493583409412,
                "A1": 17.641706586072495
            },
            "S1": {
                "A0": 17.790158144083982,
                "A1": 19.382374516962695
            }
        }
    },
    {
        "episode": 32,
        "current_state": "S1",
        "current_action": "A1",
        "td_delta": 0.028317000466273612,
        "q_table": {
            "S0": {
                "A0": 19.50919996064578,
                "A1": 17.641706586072495
            },
            "S1": {
                "A0": 17.790158144083982,
                "A1": 19.470013617020374
            }
        }
    },
    {
        "episode": 33,
        "current_state": "S0",
        "current_action": "A0",
        "td_delta": 0.014611317587608141,
        "q_table": {
            "S0": {
                "A0": 19.610405470652847,
                "A1": 17.641706586072495
            },
            "S1": {
                "A0": 17.790158144083982,
                "A1": 19.5617167848174
            }
        }
    },
    {
        "episode": 34,
        "current_state": "S1",
        "current_action": "A1",
        "td_delta": -0.008046005442412962,
        "q_table": {
            "S0": {
                "A0": 19.686488957197074,
                "A1": 17.641706586072495
            },
            "S1": {
                "A0": 17.790158144083982,
                "A1": 19.641713595074872
            }
        }
    },
    {
        "episode": 35,
        "current_state": "S0",
        "current_action": "A0",
        "td_delta": -0.0032622905043027117,
        "q_table": {
            "S0": {
                "A0": 19.710240008381053,
                "A1": 17.641706586072495
            },
            "S1": {
                "A0": 17.790158144083982,
                "A1": 19.680897943695438
            }
        }
    },
    {
        "episode": 36,
        "current_state": "S0",
        "current_action": "A0",
        "td_delta": 0.018049015164958604,
        "q_table": {
            "S0": {
                "A0": 19.709783558088652,
                "A1": 17.641706586072495
            },
            "S1": {
                "A0": 17.790158144083982,
                "A1": 19.67438744509774
            }
        }
    },
    {
        "episode": 37,
        "current_state": "S0",
        "current_action": "A0",
        "td_delta": 0.037434303586824313,
        "q_table": {
            "S0": {
                "A0": 19.7252257552479,
                "A1": 17.641706586072495
            },
            "S1": {
                "A0": 17.790158144083982,
                "A1": 19.665983540480273
            }
        }
    },
    {
        "episode": 38,
        "current_state": "S1",
        "current_action": "A1",
        "td_delta": -0.01572584772753416,
        "q_table": {
            "S0": {
                "A0": 19.677804481984882,
                "A1": 17.641706586072495
            },
            "S1": {
                "A0": 17.790158144083982,
                "A1": 19.637825031762077
            }
        }
    },
    {
        "episode": 39,
        "current_state": "S1",
        "current_action": "A1",
        "td_delta": -0.007981732227968052,
        "q_table": {
            "S0": {
                "A0": 19.665618533425256,
                "A1": 17.641706586072495
            },
            "S1": {
                "A0": 17.790158144083982,
                "A1": 19.660885165122004
            }
        }
    },
    {
        "episode": 40,
        "current_state": "S0",
        "current_action": "A0",
        "td_delta": -0.014698022402956923,
        "q_table": {
            "S0": {
                "A0": 19.638948477811248,
                "A1": 17.641706586072495
            },
            "S1": {
                "A0": 17.790158144083982,
                "A1": 19.640835174864613
            }
        }
    },
    {
        "episode": 41,
        "current_state": "S0",
        "current_action": "A0",
        "td_delta": -0.0028310865319980394,
        "q_table": {
            "S0": {
                "A0": 19.616005797640135,
                "A1": 17.641706586072495
            },
            "S1": {
                "A0": 17.790158144083982,
                "A1": 19.614033174273228
            }
        }
    },
    {
        "episode": 42,
        "current_state": "S0",
        "current_action": "A0",
        "td_delta": 0.012688556002494522,
        "q_table": {
            "S0": {
                "A0": 19.635713340252575,
                "A1": 17.641706586072495
            },
            "S1": {
                "A0": 17.790158144083982,
                "A1": 19.633788105785687
            }
        }
    },
    {
        "episode": 43,
        "current_state": "S0",
        "current_action": "A0",
        "td_delta": 0.015247510232004657,
        "q_table": {
            "S0": {
                "A0": 19.68402275025476,
                "A1": 17.641706586072495
            },
            "S1": {
                "A0": 17.790158144083982,
                "A1": 19.67049073313561
            }
        }
    },
    {
        "episode": 44,
        "current_state": "S0",
        "current_action": "A0",
        "td_delta": -0.0037543151307950495,
        "q_table": {
            "S0": {
                "A0": 19.67467320742007,
                "A1": 17.641706586072495
            },
            "S1": {
                "A0": 17.790158144083982,
                "A1": 19.657448676737797
            }
        }
    },
    {
        "episode": 45,
        "current_state": "S1",
        "current_action": "A1",
        "td_delta": -0.0014323905491302469,
        "q_table": {
            "S0": {
                "A0": 19.684473767332996,
                "A1": 17.641706586072495
            },
            "S1": {
                "A0": 17.790158144083982,
                "A1": 19.67230950812478
            }
        }
    },
    {
        "episode": 46,
        "current_state": "S0",
        "current_action": "A0",
        "td_delta": -0.011803447552313884,
        "q_table": {
            "S0": {
                "A0": 19.67462218659549,
                "A1": 17.641706586072495
            },
            "S1": {
                "A0": 17.790158144083982,
                "A1": 19.684156986246386
            }
        }
    },
    {
        "episode": 47,
        "current_state": "S0",
        "current_action": "A0",
        "td_delta": -0.002012128890921616,
        "q_table": {
            "S0": {
                "A0": 19.683342150151184,
                "A1": 17.641706586072495
            },
            "S1": {
                "A0": 17.790158144083982,
                "A1": 19.69165094773241
            }
        }
    },
    {
        "episode": 48,
        "current_state": "S1",
        "current_action": "A1",
        "td_delta": 0.012832348666435678,
        "q_table": {
            "S0": {
                "A0": 19.65726244030637,
                "A1": 17.641706586072495
            },
            "S1": {
                "A0": 17.790158144083982,
                "A1": 19.69022450961766
            }
        }
    },
    {
        "episode": 49,
        "current_state": "S1",
        "current_action": "A1",
        "td_delta": -0.009060529318965393,
        "q_table": {
            "S0": {
                "A0": 19.661932925407775,
                "A1": 17.641706586072495
            },
            "S1": {
                "A0": 17.790158144083982,
                "A1": 19.669418353611956
            }
        }
    },
    {
        "episode": 50,
        "current_state": "S1",
        "current_action": "A1",
        "td_delta": 0.0007675741066037745,
        "q_table": {
            "S0": {
                "A0": 19.65621697784774,
                "A1": 17.641706586072495
            },
            "S1": {
                "A0": 17.790158144083982,
                "A1": 19.661112148999383
            }
        }
    },
    {
        "episode": 51,
        "current_state": "S0",
        "current_action": "A0",
        "td_delta": -0.0037690052608354563,
        "q_table": {
            "S0": {
                "A0": 19.621718545290317,
                "A1": 17.641706586072495
            },
            "S1": {
                "A0": 17.790158144083982,
                "A1": 19.63739940166824
            }
        }
    },
    {
        "episode": 52,
        "current_state": "S1",
        "current_action": "A1",
        "td_delta": -0.0182141059739358,
        "q_table": {
            "S0": {
                "A0": 19.550714951620243,
                "A1": 17.641706586072495
            },
            "S1": {
                "A0": 17.790158144083982,
                "A1": 19.581886579686206
            }
        }
    },
    {
        "episode": 53,
        "current_state": "S0",
        "current_action": "A0",
        "td_delta": -0.0068693596203601714,
        "q_table": {
            "S0": {
                "A0": 19.49534253930905,
                "A1": 17.641706586072495
            },
            "S1": {
                "A0": 17.790158144083982,
                "A1": 19.519875894424363
            }
        }
    },
    {
        "episode": 54,
        "current_state": "S1",
        "current_action": "A1",
        "td_delta": -0.011608479710922381,
        "q_table": {
            "S0": {
                "A0": 19.44422413566854,
                "A1": 17.641706586072495
            },
            "S1": {
                "A0": 17.790158144083982,
                "A1": 19.460821277983367
            }
        }
    },
    {
        "episode": 55,
        "current_state": "S0",
        "current_action": "A0",
        "td_delta": 0.00407542972983066,
        "q_table": {
            "S0": {
                "A0": 19.41884709263923,
                "A1": 17.641706586072495
            },
            "S1": {
                "A0": 17.790158144083982,
                "A1": 19.436253097374976
            }
        }
    },
    {
        "episode": 56,
        "current_state": "S0",
        "current_action": "A0",
        "td_delta": -0.0034808255888307826,
        "q_table": {
            "S0": {
                "A0": 19.38251165058916,
                "A1": 17.641706586072495
            },
            "S1": {
                "A0": 17.790158144083982,
                "A1": 19.40342305294009
            }
        }
    },
    {
        "episode": 57,
        "current_state": "S0",
        "current_action": "A0",
        "td_delta": 0.0008656123342305477,
        "q_table": {
            "S0": {
                "A0": 19.398461608029365,
                "A1": 17.641706586072495
            },
            "S1": {
                "A0": 17.790158144083982,
                "A1": 19.397190182628925
            }
        }
    },
    {
        "episode": 58,
        "current_state": "S0",
        "current_action": "A0",
        "td_delta": -0.0017119909048055604,
        "q_table": {
            "S0": {
                "A0": 19.417495493822166,
                "A1": 17.641706586072495
            },
            "S1": {
                "A0": 17.790158144083982,
                "A1": 19.41192101097961
            }
        }
    },
    {
        "episode": 59,
        "current_state": "S1",
        "current_action": "A1",
        "td_delta": -0.0045676263165113085,
        "q_table": {
            "S0": {
                "A0": 19.414269396537712,
                "A1": 17.641706586072495
            },
            "S1": {
                "A0": 17.790158144083982,
                "A1": 19.41469275822108
            }
        }
    },
    {
        "episode": 60,
        "current_state": "S0",
        "current_action": "A0",
        "td_delta": -0.002957127348793165,
        "q_table": {
            "S0": {
                "A0": 19.4051190166835,
                "A1": 17.641706586072495
            },
            "S1": {
                "A0": 17.790158144083982,
                "A1": 19.41678243472259
            }
        }
    },
    {
        "episode": 61,
        "current_state": "S1",
        "current_action": "A1",
        "td_delta": -0.004299285688986743,
        "q_table": {
            "S0": {
                "A0": 19.429426867739245,
                "A1": 17.641706586072495
            },
            "S1": {
                "A0": 17.790158144083982,
                "A1": 19.427884975520215
            }
        }
    },
    {
        "episode": 62,
        "current_state": "S0",
        "current_action": "A0",
        "td_delta": 0.008268336381082264,
        "q_table": {
            "S0": {
                "A0": 19.451409830251457,
                "A1": 17.641706586072495
            },
            "S1": {
                "A0": 17.790158144083982,
                "A1": 19.446298639810554
            }
        }
    },
    {
        "episode": 63,
        "current_state": "S1",
        "current_action": "A1",
        "td_delta": -0.006435489947641315,
        "q_table": {
            "S0": {
                "A0": 19.47621877084197,
                "A1": 17.641706586072495
            },
            "S1": {
                "A0": 17.790158144083982,
                "A1": 19.462701856796304
            }
        }
    },
    {
        "episode": 64,
        "current_state": "S0",
        "current_action": "A0",
        "td_delta": 0.020926950295692137,
        "q_table": {
            "S0": {
                "A0": 19.49403161971191,
                "A1": 17.641706586072495
            },
            "S1": {
                "A0": 17.790158144083982,
                "A1": 19.47064527301312
            }
        }
    },
    {
        "episode": 65,
        "current_state": "S0",
        "current_action": "A0",
        "td_delta": 0.003695847244785,
        "q_table": {
            "S0": {
                "A0": 19.528396226327803,
                "A1": 17.641706586072495
            },
            "S1": {
                "A0": 17.790158144083982,
                "A1": 19.520144603622665
            }
        }
    },
    {
        "episode": 66,
        "current_state": "S0",
        "current_action": "A0",
        "td_delta": 0.008601908883814957,
        "q_table": {
            "S0": {
                "A0": 19.552767463911998,
                "A1": 17.641706586072495
            },
            "S1": {
                "A0": 17.790158144083982,
                "A1": 19.538469347565673
            }
        }
    },
    {
        "episode": 67,
        "current_state": "S0",
        "current_action": "A0",
        "td_delta": 0.00469418855961834,
        "q_table": {
            "S0": {
                "A0": 19.57209389298451,
                "A1": 17.641706586072495
            },
            "S1": {
                "A0": 17.790158144083982,
                "A1": 19.563308221376673
            }
        }
    },
    {
        "episode": 68,
        "current_state": "S0",
        "current_action": "A0",
        "td_delta": -0.0016081184015384054,
        "q_table": {
            "S0": {
                "A0": 19.618081586914915,
                "A1": 17.641706586072495
            },
            "S1": {
                "A0": 17.790158144083982,
                "A1": 19.609183099215343
            }
        }
    },
    {
        "episode": 69,
        "current_state": "S1",
        "current_action": "A1",
        "td_delta": 0.00508205531830086,
        "q_table": {
            "S0": {
                "A0": 19.635461944590986,
                "A1": 17.641706586072495
            },
            "S1": {
                "A0": 17.790158144083982,
                "A1": 19.636862337603198
            }
        }
    },
    {
        "episode": 70,
        "current_state": "S0",
        "current_action": "A0",
        "td_delta": -0.009215241502253946,
        "q_table": {
            "S0": {
                "A0": 19.648705591365303,
                "A1": 17.641706586072495
            },
            "S1": {
                "A0": 17.790158144083982,
                "A1": 19.66255378950137
            }
        }
    },
    {
        "episode": 71,
        "current_state": "S0",
        "current_action": "A0",
        "td_delta": -0.015562777495269131,
        "q_table": {
            "S0": {
                "A0": 19.653209475812854,
                "A1": 17.641706586072495
            },
            "S1": {
                "A0": 17.790158144083982,
                "A1": 19.673526730554478
            }
        }
    },
    {
        "episode": 72,
        "current_state": "S0",
        "current_action": "A0",
        "td_delta": 0.010688075541931852,
        "q_table": {
            "S0": {
                "A0": 19.634497435928775,
                "A1": 17.641706586072495
            },
            "S1": {
                "A0": 17.790158144083982,
                "A1": 19.670813553818892
            }
        }
    },
    {
        "episode": 73,
        "current_state": "S1",
        "current_action": "A1",
        "td_delta": -0.010348792293978448,
        "q_table": {
            "S0": {
                "A0": 19.63044666279048,
                "A1": 17.641706586072495
            },
            "S1": {
                "A0": 17.790158144083982,
                "A1": 19.67369725020675
            }
        }
    },
    {
        "episode": 74,
        "current_state": "S0",
        "current_action": "A0",
        "td_delta": 0.007505761710586256,
        "q_table": {
            "S0": {
                "A0": 19.63134905750117,
                "A1": 17.641706586072495
            },
            "S1": {
                "A0": 17.790158144083982,
                "A1": 19.674596416537515
            }
        }
    },
    {
        "episode": 75,
        "current_state": "S0",
        "current_action": "A0",
        "td_delta": 0.01527151221791101,
        "q_table": {
            "S0": {
                "A0": 19.590145698943207,
                "A1": 17.641706586072495
            },
            "S1": {
                "A0": 17.790158144083982,
                "A1": 19.640401015064743
            }
        }
    },
    {
        "episode": 76,
        "current_state": "S1",
        "current_action": "A1",
        "td_delta": -0.02541364751731834,
        "q_table": {
            "S0": {
                "A0": 19.530810198400363,
                "A1": 17.641706586072495
            },
            "S1": {
                "A0": 17.790158144083982,
                "A1": 19.578627472882143
            }
        }
    },
    {
        "episode": 77,
        "current_state": "S1",
        "current_action": "A1",
        "td_delta": -0.010324740869634752,
        "q_table": {
            "S0": {
                "A0": 19.51093418541735,
                "A1": 17.641706586072495
            },
            "S1": {
                "A0": 17.790158144083982,
                "A1": 19.54059689483965
            }
        }
    },
    {
        "episode": 78,
        "current_state": "S1",
        "current_action": "A1",
        "td_delta": -0.01549978003871999,
        "q_table": {
            "S0": {
                "A0": 19.477469946389196,
                "A1": 17.641706586072495
            },
            "S1": {
                "A0": 17.790158144083982,
                "A1": 19.51324161356498
            }
        }
    },
    {
        "episode": 79,
        "current_state": "S1",
        "current_action": "A1",
        "td_delta": 0.019365981135955224,
        "q_table": {
            "S0": {
                "A0": 19.489839727853077,
                "A1": 17.641706586072495
            },
            "S1": {
                "A0": 17.790158144083982,
                "A1": 19.52181613836783
            }
        }
    },
    {
        "episode": 80,
        "current_state": "S1",
        "current_action": "A1",
        "td_delta": -0.010693040039736701,
        "q_table": {
            "S0": {
                "A0": 19.49738958615025,
                "A1": 17.641706586072495
            },
            "S1": {
                "A0": 17.790158144083982,
                "A1": 19.51965979002801
            }
        }
    },
    {
        "episode": 81,
        "current_state": "S1",
        "current_action": "A1",
        "td_delta": -0.004529002952484262,
        "q_table": {
            "S0": {
                "A0": 19.511055901546523,
                "A1": 17.641706586072495
            },
            "S1": {
                "A0": 17.790158144083982,
                "A1": 19.527596283156605
            }
        }
    },
    {
        "episode": 82,
        "current_state": "S1",
        "current_action": "A1",
        "td_delta": 0.013745584107518027,
        "q_table": {
            "S0": {
                "A0": 19.503943023375083,
                "A1": 17.641706586072495
            },
            "S1": {
                "A0": 17.790158144083982,
                "A1": 19.52756724071072
            }
        }
    },
    {
        "episode": 83,
        "current_state": "S0",
        "current_action": "A0",
        "td_delta": 0.013066261296827975,
        "q_table": {
            "S0": {
                "A0": 19.513903441949793,
                "A1": 17.641706586072495
            },
            "S1": {
                "A0": 17.790158144083982,
                "A1": 19.540248192381878
            }
        }
    },
    {
        "episode": 84,
        "current_state": "S0",
        "current_action": "A0",
        "td_delta": 0.014941813292516315,
        "q_table": {
            "S0": {
                "A0": 19.5598304310412,
                "A1": 17.641706586072495
            },
            "S1": {
                "A0": 17.790158144083982,
                "A1": 19.589100385530507
            }
        }
    },
    {
        "episode": 85,
        "current_state": "S0",
        "current_action": "A0",
        "td_delta": -0.015300959030589922,
        "q_table": {
            "S0": {
                "A0": 19.591695016172604,
                "A1": 17.641706586072495
            },
            "S1": {
                "A0": 17.790158144083982,
                "A1": 19.636321695243872
            }
        }
    },
    {
        "episode": 86,
        "current_state": "S1",
        "current_action": "A1",
        "td_delta": 0.020164796342942992,
        "q_table": {
            "S0": {
                "A0": 19.608643488346384,
                "A1": 17.641706586072495
            },
            "S1": {
                "A0": 17.790158144083982,
                "A1": 19.645277488851804
            }
        }
    },
    {
        "episode": 87,
        "current_state": "S0",
        "current_action": "A0",
        "td_delta": -0.024292506159746097,
        "q_table": {
            "S0": {
                "A0": 19.596914229308837,
                "A1": 17.641706586072495
            },
            "S1": {
                "A0": 17.790158144083982,
                "A1": 19.6356546921157
            }
        }
    },
    {
        "episode": 88,
        "current_state": "S1",
        "current_action": "A1",
        "td_delta": 0.030326456420421977,
        "q_table": {
            "S0": {
                "A0": 19.59696805770216,
                "A1": 17.641706586072495
            },
            "S1": {
                "A0": 17.790158144083982,
                "A1": 19.641130407480937
            }
        }
    },
    {
        "episode": 89,
        "current_state": "S0",
        "current_action": "A0",
        "td_delta": -0.0010876832509936207,
        "q_table": {
            "S0": {
                "A0": 19.594494563873113,
                "A1": 17.641706586072495
            },
            "S1": {
                "A0": 17.790158144083982,
                "A1": 19.631695503665117
            }
        }
    },
    {
        "episode": 90,
        "current_state": "S1",
        "current_action": "A1",
        "td_delta": -0.03172744408095696,
        "q_table": {
            "S0": {
                "A0": 19.553877305601738,
                "A1": 17.641706586072495
            },
            "S1": {
                "A0": 17.790158144083982,
                "A1": 19.618627614408606
            }
        }
    },
    {
        "episode": 91,
        "current_state": "S0",
        "current_action": "A0",
        "td_delta": 0.013166025306379225,
        "q_table": {
            "S0": {
                "A0": 19.56995841981557,
                "A1": 17.641706586072495
            },
            "S1": {
                "A0": 17.790158144083982,
                "A1": 19.61609079300091
            }
        }
    },
    {
        "episode": 92,
        "current_state": "S0",
        "current_action": "A0",
        "td_delta": 0.019517840741258397,
        "q_table": {
            "S0": {
                "A0": 19.582521869208104,
                "A1": 17.641706586072495
            },
            "S1": {
                "A0": 17.790158144083982,
                "A1": 19.637196807979578
            }
        }
    },
    {
        "episode": 93,
        "current_state": "S1",
        "current_action": "A1",
        "td_delta": 0.03704776470340221,
        "q_table": {
            "S0": {
                "A0": 19.549817466724758,
                "A1": 17.641706586072495
            },
            "S1": {
                "A0": 17.790158144083982,
                "A1": 19.612398465313586
            }
        }
    },
    {
        "episode": 94,
        "current_state": "S0",
        "current_action": "A0",
        "td_delta": 0.008508407267953544,
        "q_table": {
            "S0": {
                "A0": 19.556829163511313,
                "A1": 17.641706586072495
            },
            "S1": {
                "A0": 17.790158144083982,
                "A1": 19.60908589615935
            }
        }
    },
    {
        "episode": 95,
        "current_state": "S0",
        "current_action": "A0",
        "td_delta": 0.019653758803524823,
        "q_table": {
            "S0": {
                "A0": 19.586304854976294,
                "A1": 17.641706586072495
            },
            "S1": {
                "A0": 17.790158144083982,
                "A1": 19.647391444530918
            }
        }
    },
    {
        "episode": 96,
        "current_state": "S1",
        "current_action": "A1",
        "td_delta": -0.0158398255033525,
        "q_table": {
            "S0": {
                "A0": 19.57884630575238,
                "A1": 17.641706586072495
            },
            "S1": {
                "A0": 17.790158144083982,
                "A1": 19.638335061904066
            }
        }
    },
    {
        "episode": 97,
        "current_state": "S0",
        "current_action": "A0",
        "td_delta": 0.025232548503350216,
        "q_table": {
            "S0": {
                "A0": 19.56461414858596,
                "A1": 17.641706586072495
            },
            "S1": {
                "A0": 17.790158144083982,
                "A1": 19.629386033832574
            }
        }
    },
    {
        "episode": 98,
        "current_state": "S0",
        "current_action": "A0",
        "td_delta": 0.01917239316970054,
        "q_table": {
            "S0": {
                "A0": 19.574857139456963,
                "A1": 17.641706586072495
            },
            "S1": {
                "A0": 17.790158144083982,
                "A1": 19.638101584919927
            }
        }
    },
    {
        "episode": 99,
        "current_state": "S0",
        "current_action": "A0",
        "td_delta": -0.04029228942759744,
        "q_table": {
            "S0": {
                "A0": 19.557848230548313,
                "A1": 17.641706586072495
            },
            "S1": {
                "A0": 17.790158144083982,
                "A1": 19.60451672807555
            }
        }
    },
    {
        "episode": 100,
        "current_state": "S0",
        "current_action": "A0",
        "td_delta": 0.0071780183690997035,
        "q_table": {
            "S0": {
                "A0": 19.53862145704609,
                "A1": 17.641706586072495
            },
            "S1": {
                "A0": 17.790158144083982,
                "A1": 19.590362656806946
            }
        }
    },
    {
        "episode": 101,
        "current_state": "S0",
        "current_action": "A0",
        "td_delta": 0.01283070630607952,
        "q_table": {
            "S0": {
                "A0": 19.530680660680403,
                "A1": 17.641706586072495
            },
            "S1": {
                "A0": 17.790158144083982,
                "A1": 19.573547621440333
            }
        }
    },
    {
        "episode": 102,
        "current_state": "S1",
        "current_action": "A1",
        "td_delta": 0.03134942271656982,
        "q_table": {
            "S0": {
                "A0": 19.556504729788408,
                "A1": 17.641706586072495
            },
            "S1": {
                "A0": 17.790158144083982,
                "A1": 19.592738096789006
            }
        }
    },
    {
        "episode": 103,
        "current_state": "S0",
        "current_action": "A0",
        "td_delta": -0.021341355133163376,
        "q_table": {
            "S0": {
                "A0": 19.578651959876133,
                "A1": 17.641706586072495
            },
            "S1": {
                "A0": 17.790158144083982,
                "A1": 19.613685045946138
            }
        }
    },
    {
        "episode": 104,
        "current_state": "S0",
        "current_action": "A0",
        "td_delta": -0.02061740567327064,
        "q_table": {
            "S0": {
                "A0": 19.576630542626816,
                "A1": 17.641706586072495
            },
            "S1": {
                "A0": 17.790158144083982,
                "A1": 19.616248060072927
            }
        }
    },
    {
        "episode": 105,
        "current_state": "S1",
        "current_action": "A1",
        "td_delta": -0.003567522816030788,
        "q_table": {
            "S0": {
                "A0": 19.58319378158081,
                "A1": 17.641706586072495
            },
            "S1": {
                "A0": 17.790158144083982,
                "A1": 19.610659246027083
            }
        }
    },
    {
        "episode": 106,
        "current_state": "S0",
        "current_action": "A0",
        "td_delta": 0.017752912112996455,
        "q_table": {
            "S0": {
                "A0": 19.570458037009505,
                "A1": 17.641706586072495
            },
            "S1": {
                "A0": 17.790158144083982,
                "A1": 19.610850417940362
            }
        }
    },
    {
        "episode": 107,
        "current_state": "S0",
        "current_action": "A0",
        "td_delta": 0.010983639781116494,
        "q_table": {
            "S0": {
                "A0": 19.572767998659952,
                "A1": 17.641706586072495
            },
            "S1": {
                "A0": 17.790158144083982,
                "A1": 19.60945722587583
            }
        }
    },
    {
        "episode": 108,
        "current_state": "S1",
        "current_action": "A1",
        "td_delta": -0.003275697678493117,
        "q_table": {
            "S0": {
                "A0": 19.594046188029616,
                "A1": 17.641706586072495
            },
            "S1": {
                "A0": 17.790158144083982,
                "A1": 19.630669322805694
            }
        }
    },
    {
        "episode": 109,
        "current_state": "S0",
        "current_action": "A0",
        "td_delta": 0.018517227333536113,
        "q_table": {
            "S0": {
                "A0": 19.596360470234046,
                "A1": 17.641706586072495
            },
            "S1": {
                "A0": 17.790158144083982,
                "A1": 19.638029838809217
            }
        }
    },
    {
        "episode": 110,
        "current_state": "S0",
        "current_action": "A0",
        "td_delta": 0.013956155318094687,
        "q_table": {
            "S0": {
                "A0": 19.637788919687388,
                "A1": 17.641706586072495
            },
            "S1": {
                "A0": 17.790158144083982,
                "A1": 19.670597596225576
            }
        }
    },
    {
        "episode": 111,
        "current_state": "S0",
        "current_action": "A0",
        "td_delta": -0.01851848236984921,
        "q_table": {
            "S0": {
                "A0": 19.657725972154864,
                "A1": 17.641706586072495
            },
            "S1": {
                "A0": 17.790158144083982,
                "A1": 19.70208158557805
            }
        }
    },
    {
        "episode": 112,
        "current_state": "S0",
        "current_action": "A0",
        "td_delta": 0.013818943699764219,
        "q_table": {
            "S0": {
                "A0": 19.675553139804787,
                "A1": 17.641706586072495
            },
            "S1": {
                "A0": 17.790158144083982,
                "A1": 19.712995890070196
            }
        }
    },
    {
        "episode": 113,
        "current_state": "S1",
        "current_action": "A1",
        "td_delta": -0.015645242657090108,
        "q_table": {
            "S0": {
                "A0": 19.675138088656254,
                "A1": 17.641706586072495
            },
            "S1": {
                "A0": 17.790158144083982,
                "A1": 19.709260078297874
            }
        }
    },
    {
        "episode": 114,
        "current_state": "S0",
        "current_action": "A0",
        "td_delta": 0.0029287895293279576,
        "q_table": {
            "S0": {
                "A0": 19.653363138040547,
                "A1": 17.641706586072495
            },
            "S1": {
                "A0": 17.790158144083982,
                "A1": 19.67911269326098
            }
        }
    },
    {
        "episode": 115,
        "current_state": "S0",
        "current_action": "A0",
        "td_delta": 0.006348850215459834,
        "q_table": {
            "S0": {
                "A0": 19.66099776314222,
                "A1": 17.641706586072495
            },
            "S1": {
                "A0": 17.790158144083982,
                "A1": 19.68305428229472
            }
        }
    },
    {
        "episode": 116,
        "current_state": "S1",
        "current_action": "A1",
        "td_delta": -0.003302302671428947,
        "q_table": {
            "S0": {
                "A0": 19.673952064605267,
                "A1": 17.641706586072495
            },
            "S1": {
                "A0": 17.790158144083982,
                "A1": 19.703166654979174
            }
        }
    },
    {
        "episode": 117,
        "current_state": "S0",
        "current_action": "A0",
        "td_delta": 0.013571675190533483,
        "q_table": {
            "S0": {
                "A0": 19.718903354626484,
                "A1": 17.641706586072495
            },
            "S1": {
                "A0": 17.790158144083982,
                "A1": 19.75142954367456
            }
        }
    },
    {
        "episode": 118,
        "current_state": "S1",
        "current_action": "A1",
        "td_delta": -0.009951492707859444,
        "q_table": {
            "S0": {
                "A0": 19.757411505979377,
                "A1": 17.641706586072495
            },
            "S1": {
                "A0": 17.790158144083982,
                "A1": 19.801769211604814
            }
        }
    },
    {
        "episode": 119,
        "current_state": "S0",
        "current_action": "A0",
        "td_delta": 0.022644796123753252,
        "q_table": {
            "S0": {
                "A0": 19.806403619150014,
                "A1": 17.641706586072495
            },
            "S1": {
                "A0": 17.790158144083982,
                "A1": 19.838418120727717
            }
        }
    },
    {
        "episode": 120,
        "current_state": "S0",
        "current_action": "A0",
        "td_delta": 0.01746207892465179,
        "q_table": {
            "S0": {
                "A0": 19.84876421958259,
                "A1": 17.641706586072495
            },
            "S1": {
                "A0": 17.790158144083982,
                "A1": 19.878206709133337
            }
        }
    },
    {
        "episode": 121,
        "current_state": "S1",
        "current_action": "A1",
        "td_delta": -0.0007205409369035465,
        "q_table": {
            "S0": {
                "A0": 19.88302312978454,
                "A1": 17.641706586072495
            },
            "S1": {
                "A0": 17.790158144083982,
                "A1": 19.911737418438737
            }
        }
    },
    {
        "episode": 122,
        "current_state": "S0",
        "current_action": "A0",
        "td_delta": 0.013562837900643387,
        "q_table": {
            "S0": {
                "A0": 19.89840988609392,
                "A1": 17.641706586072495
            },
            "S1": {
                "A0": 17.790158144083982,
                "A1": 19.93169826046144
            }
        }
    },
    {
        "episode": 123,
        "current_state": "S1",
        "current_action": "A1",
        "td_delta": -0.0061412154970454935,
        "q_table": {
            "S0": {
                "A0": 19.89641063531423,
                "A1": 17.641706586072495
            },
            "S1": {
                "A0": 17.790158144083982,
                "A1": 19.922594208416978
            }
        }
    },
    {
        "episode": 124,
        "current_state": "S1",
        "current_action": "A1",
        "td_delta": -0.003830904952852876,
        "q_table": {
            "S0": {
                "A0": 19.904969578921886,
                "A1": 17.641706586072495
            },
            "S1": {
                "A0": 17.790158144083982,
                "A1": 19.926890139970958
            }
        }
    },
    {
        "episode": 125,
        "current_state": "S0",
        "current_action": "A0",
        "td_delta": 0.0010106211542435517,
        "q_table": {
            "S0": {
                "A0": 19.899624883950633,
                "A1": 17.641706586072495
            },
            "S1": {
                "A0": 17.790158144083982,
                "A1": 19.924209819621893
            }
        }
    },
    {
        "episode": 126,
        "current_state": "S1",
        "current_action": "A1",
        "td_delta": 0.011650542730748725,
        "q_table": {
            "S0": {
                "A0": 19.88049134953724,
                "A1": 17.641706586072495
            },
            "S1": {
                "A0": 17.790158144083982,
                "A1": 19.904492234959314
            }
        }
    },
    {
        "episode": 127,
        "current_state": "S0",
        "current_action": "A0",
        "td_delta": 0.008315373034726292,
        "q_table": {
            "S0": {
                "A0": 19.879262774584937,
                "A1": 17.641706586072495
            },
            "S1": {
                "A0": 17.790158144083982,
                "A1": 19.897920257711423
            }
        }
    },
    {
        "episode": 128,
        "current_state": "S1",
        "current_action": "A1",
        "td_delta": 0.0051968483138118415,
        "q_table": {
            "S0": {
                "A0": 19.882261923831567,
                "A1": 17.641706586072495
            },
            "S1": {
                "A0": 17.790158144083982,
                "A1": 19.89827307994302
            }
        }
    },
    {
        "episode": 129,
        "current_state": "S1",
        "current_action": "A1",
        "td_delta": -0.005581985040645776,
        "q_table": {
            "S0": {
                "A0": 19.875564124093938,
                "A1": 17.641706586072495
            },
            "S1": {
                "A0": 17.790158144083982,
                "A1": 19.88773979488149
            }
        }
    },
    {
        "episode": 130,
        "current_state": "S0",
        "current_action": "A0",
        "td_delta": 0.0021472899009360447,
        "q_table": {
            "S0": {
                "A0": 19.877260521104024,
                "A1": 17.641706586072495
            },
            "S1": {
                "A0": 17.790158144083982,
                "A1": 19.887636563061736
            }
        }
    },
    {
        "episode": 131,
        "current_state": "S0",
        "current_action": "A0",
        "td_delta": -0.0014036978680884715,
        "q_table": {
            "S0": {
                "A0": 19.852280525882918,
                "A1": 17.641706586072495
            },
            "S1": {
                "A0": 17.790158144083982,
                "A1": 19.87268084056506
            }
        }
    },
    {
        "episode": 132,
        "current_state": "S0",
        "current_action": "A0",
        "td_delta": 0.0059605237082323015,
        "q_table": {
            "S0": {
                "A0": 19.849657322104157,
                "A1": 17.641706586072495
            },
            "S1": {
                "A0": 17.790158144083982,
                "A1": 19.859513896149636
            }
        }
    },
    {
        "episode": 133,
        "current_state": "S0",
        "current_action": "A0",
        "td_delta": 0.0024280312765050382,
        "q_table": {
            "S0": {
                "A0": 19.851946506938354,
                "A1": 17.641706586072495
            },
            "S1": {
                "A0": 17.790158144083982,
                "A1": 19.858897983723654
            }
        }
    },
    {
        "episode": 134,
        "current_state": "S1",
        "current_action": "A1",
        "td_delta": 0.0002338755253283864,
        "q_table": {
            "S0": {
                "A0": 19.855629108977062,
                "A1": 17.641706586072495
            },
            "S1": {
                "A0": 17.790158144083982,
                "A1": 19.861598717606995
            }
        }
    },
    {
        "episode": 135,
        "current_state": "S1",
        "current_action": "A1",
        "td_delta": -0.0007311056243466396,
        "q_table": {
            "S0": {
                "A0": 19.870952651079236,
                "A1": 17.641706586072495
            },
            "S1": {
                "A0": 17.790158144083982,
                "A1": 19.871240524055406
            }
        }
    },
    {
        "episode": 136,
        "current_state": "S0",
        "current_action": "A0",
        "td_delta": -0.0009712068419567288,
        "q_table": {
            "S0": {
                "A0": 19.872023102067843,
                "A1": 17.641706586072495
            },
            "S1": {
                "A0": 17.790158144083982,
                "A1": 19.87207079952152
            }
        }
    },
    {
        "episode": 137,
        "current_state": "S1",
        "current_action": "A1",
        "td_delta": 0.007471819475501462,
        "q_table": {
            "S0": {
                "A0": 19.87296259182237,
                "A1": 17.641706586072495
            },
            "S1": {
                "A0": 17.790158144083982,
                "A1": 19.877254427155588
            }
        }
    },
    {
        "episode": 138,
        "current_state": "S0",
        "current_action": "A0",
        "td_delta": 0.0015369600778960546,
        "q_table": {
            "S0": {
                "A0": 19.88225470702348,
                "A1": 17.641706586072495
            },
            "S1": {
                "A0": 17.790158144083982,
                "A1": 19.88886576670789
            }
        }
    },
    {
        "episode": 139,
        "current_state": "S1",
        "current_action": "A1",
        "td_delta": 0.00030991814047709454,
        "q_table": {
            "S0": {
                "A0": 19.88235824211294,
                "A1": 17.641706586072495
            },
            "S1": {
                "A0": 17.790158144083982,
                "A1": 19.88853726838617
            }
        }
    },
    {
        "episode": 140,
        "current_state": "S0",
        "current_action": "A0",
        "td_delta": -0.0020255003669618077,
        "q_table": {
            "S0": {
                "A0": 19.869960789115545,
                "A1": 17.641706586072495
            },
            "S1": {
                "A0": 17.790158144083982,
                "A1": 19.87507348189031
            }
        }
    },
    {
        "episode": 141,
        "current_state": "S1",
        "current_action": "A1",
        "td_delta": -0.0034252743487606097,
        "q_table": {
            "S0": {
                "A0": 19.858080407871054,
                "A1": 17.641706586072495
            },
            "S1": {
                "A0": 17.790158144083982,
                "A1": 19.86815425457153
            }
        }
    },
    {
        "episode": 142,
        "current_state": "S1",
        "current_action": "A1",
        "td_delta": -0.004340807056049556,
        "q_table": {
            "S0": {
                "A0": 19.851800331704894,
                "A1": 17.641706586072495
            },
            "S1": {
                "A0": 17.790158144083982,
                "A1": 19.86120366134417
            }
        }
    },
    {
        "episode": 143,
        "current_state": "S0",
        "current_action": "A0",
        "td_delta": 0.0006025855465701113,
        "q_table": {
            "S0": {
                "A0": 19.84666700687467,
                "A1": 17.641706586072495
            },
            "S1": {
                "A0": 17.790158144083982,
                "A1": 19.857054334405117
            }
        }
    },
    {
        "episode": 144,
        "current_state": "S1",
        "current_action": "A1",
        "td_delta": -0.002352068624972503,
        "q_table": {
            "S0": {
                "A0": 19.839917700554896,
                "A1": 17.641706586072495
            },
            "S1": {
                "A0": 17.790158144083982,
                "A1": 19.85109965265956
            }
        }
    },
    {
        "episode": 145,
        "current_state": "S1",
        "current_action": "A1",
        "td_delta": -0.003999095265896813,
        "q_table": {
            "S0": {
                "A0": 19.84282065392435,
                "A1": 17.641706586072495
            },
            "S1": {
                "A0": 17.790158144083982,
                "A1": 19.854707236027526
            }
        }
    },
    {
        "episode": 146,
        "current_state": "S1",
        "current_action": "A1",
        "td_delta": -0.008654136564810955,
        "q_table": {
            "S0": {
                "A0": 19.830852606655768,
                "A1": 17.641706586072495
            },
            "S1": {
                "A0": 17.790158144083982,
                "A1": 19.83914219524161
            }
        }
    },
    {
        "episode": 147,
        "current_state": "S0",
        "current_action": "A0",
        "td_delta": -0.00651494908976602,
        "q_table": {
            "S0": {
                "A0": 19.81248305548405,
                "A1": 17.641706586072495
            },
            "S1": {
                "A0": 17.790158144083982,
                "A1": 19.82083873592046
            }
        }
    },
    {
        "episode": 148,
        "current_state": "S0",
        "current_action": "A0",
        "td_delta": -0.002401525097742052,
        "q_table": {
            "S0": {
                "A0": 19.808459054854485,
                "A1": 17.641706586072495
            },
            "S1": {
                "A0": 17.790158144083982,
                "A1": 19.816676668901767
            }
        }
    },
    {
        "episode": 149,
        "current_state": "S1",
        "current_action": "A1",
        "td_delta": -0.007229039786523117,
        "q_table": {
            "S0": {
                "A0": 19.785004983564367,
                "A1": 17.641706586072495
            },
            "S1": {
                "A0": 17.790158144083982,
                "A1": 19.79139444793911
            }
        }
    },
    {
        "episode": 150,
        "current_state": "S0",
        "current_action": "A0",
        "td_delta": -0.002364212846995173,
        "q_table": {
            "S0": {
                "A0": 19.766750666305985,
                "A1": 17.641706586072495
            },
            "S1": {
                "A0": 17.790158144083982,
                "A1": 19.76485434072348
            }
        }
    },
    {
        "episode": 151,
        "current_state": "S0",
        "current_action": "A0",
        "td_delta": 0.002856360892071308,
        "q_table": {
            "S0": {
                "A0": 19.75835375678233,
                "A1": 17.641706586072495
            },
            "S1": {
                "A0": 17.790158144083982,
                "A1": 19.753778610883966
            }
        }
    },
    {
        "episode": 152,
        "current_state": "S0",
        "current_action": "A0",
        "td_delta": 0.0010510988527983045,
        "q_table": {
            "S0": {
                "A0": 19.753795109797217,
                "A1": 17.641706586072495
            },
            "S1": {
                "A0": 17.790158144083982,
                "A1": 19.754566232644233
            }
        }
    },
    {
        "episode": 153,
        "current_state": "S1",
        "current_action": "A1",
        "td_delta": 0.004698803394120432,
        "q_table": {
            "S0": {
                "A0": 19.764735369289504,
                "A1": 17.641706586072495
            },
            "S1": {
                "A0": 17.790158144083982,
                "A1": 19.76196529760658
            }
        }
    },
    {
        "episode": 154,
        "current_state": "S1",
        "current_action": "A1",
        "td_delta": 0.0036424261742524777,
        "q_table": {
            "S0": {
                "A0": 19.78096494862881,
                "A1": 17.641706586072495
            },
            "S1": {
                "A0": 17.790158144083982,
                "A1": 19.781181021827948
            }
        }
    },
    {
        "episode": 155,
        "current_state": "S0",
        "current_action": "A0",
        "td_delta": 0.003976051246286971,
        "q_table": {
            "S0": {
                "A0": 19.794364400890213,
                "A1": 17.641706586072495
            },
            "S1": {
                "A0": 17.790158144083982,
                "A1": 19.797216463881146
            }
        }
    },
    {
        "episode": 156,
        "current_state": "S1",
        "current_action": "A1",
        "td_delta": 0.004212399427103719,
        "q_table": {
            "S0": {
                "A0": 19.795048154034596,
                "A1": 17.641706586072495
            },
            "S1": {
                "A0": 17.790158144083982,
                "A1": 19.801911874015765
            }
        }
    },
    {
        "episode": 157,
        "current_state": "S1",
        "current_action": "A1",
        "td_delta": -0.006048530494499715,
        "q_table": {
            "S0": {
                "A0": 19.783586453732184,
                "A1": 17.641706586072495
            },
            "S1": {
                "A0": 17.790158144083982,
                "A1": 19.79661853102816
            }
        }
    },
    {
        "episode": 158,
        "current_state": "S1",
        "current_action": "A1",
        "td_delta": 0.004902126958072017,
        "q_table": {
            "S0": {
                "A0": 19.762258732157452,
                "A1": 17.641706586072495
            },
            "S1": {
                "A0": 17.790158144083982,
                "A1": 19.7750891675008
            }
        }
    },
    {
        "episode": 159,
        "current_state": "S1",
        "current_action": "A1",
        "td_delta": -0.00524536888729088,
        "q_table": {
            "S0": {
                "A0": 19.754376899479098,
                "A1": 17.641706586072495
            },
            "S1": {
                "A0": 17.790158144083982,
                "A1": 19.766723367925643
            }
        }
    },
    {
        "episode": 160,
        "current_state": "S0",
        "current_action": "A0",
        "td_delta": -0.009678181195898361,
        "q_table": {
            "S0": {
                "A0": 19.750287008366634,
                "A1": 17.641706586072495
            },
            "S1": {
                "A0": 17.790158144083982,
                "A1": 19.766859094991666
            }
        }
    },
    {
        "episode": 161,
        "current_state": "S0",
        "current_action": "A0",
        "td_delta": 0.006456900174097058,
        "q_table": {
            "S0": {
                "A0": 19.757185583719146,
                "A1": 17.641706586072495
            },
            "S1": {
                "A0": 17.790158144083982,
                "A1": 19.775015859190948
            }
        }
    },
    {
        "episode": 162,
        "current_state": "S1",
        "current_action": "A1",
        "td_delta": 0.01366918566897013,
        "q_table": {
            "S0": {
                "A0": 19.76975783641309,
                "A1": 17.641706586072495
            },
            "S1": {
                "A0": 17.790158144083982,
                "A1": 19.783596446901658
            }
        }
    },
    {
        "episode": 163,
        "current_state": "S1",
        "current_action": "A1",
        "td_delta": -0.005715427048709643,
        "q_table": {
            "S0": {
                "A0": 19.777060800753052,
                "A1": 17.641706586072495
            },
            "S1": {
                "A0": 17.790158144083982,
                "A1": 19.796403289835517
            }
        }
    },
    {
        "episode": 164,
        "current_state": "S1",
        "current_action": "A1",
        "td_delta": 0.010804972829124182,
        "q_table": {
            "S0": {
                "A0": 19.783596964708806,
                "A1": 17.641706586072495
            },
            "S1": {
                "A0": 17.790158144083982,
                "A1": 19.804188225306422
            }
        }
    },
    {
        "episode": 165,
        "current_state": "S0",
        "current_action": "A0",
        "td_delta": 0.005449751177312834,
        "q_table": {
            "S0": {
                "A0": 19.78606623355168,
                "A1": 17.641706586072495
            },
            "S1": {
                "A0": 17.790158144083982,
                "A1": 19.80081395864197
            }
        }
    },
    {
        "episode": 166,
        "current_state": "S1",
        "current_action": "A1",
        "td_delta": -0.007735485379701146,
        "q_table": {
            "S0": {
                "A0": 19.78275873791019,
                "A1": 17.641706586072495
            },
            "S1": {
                "A0": 17.790158144083982,
                "A1": 19.79677071287885
            }
        }
    },
    {
        "episode": 167,
        "current_state": "S1",
        "current_action": "A1",
        "td_delta": -0.007554306184918147,
        "q_table": {
            "S0": {
                "A0": 19.773013748418983,
                "A1": 17.641706586072495
            },
            "S1": {
                "A0": 17.790158144083982,
                "A1": 19.78838698881556
            }
        }
    },
    {
        "episode": 168,
        "current_state": "S1",
        "current_action": "A1",
        "td_delta": -0.00508945213206502,
        "q_table": {
            "S0": {
                "A0": 19.75903260338044,
                "A1": 17.641706586072495
            },
            "S1": {
                "A0": 17.790158144083982,
                "A1": 19.767192941639006
            }
        }
    },
    {
        "episode": 169,
        "current_state": "S0",
        "current_action": "A0",
        "td_delta": -0.002658236325856933,
        "q_table": {
            "S0": {
                "A0": 19.7491981452518,
                "A1": 17.641706586072495
            },
            "S1": {
                "A0": 17.790158144083982,
                "A1": 19.755136912334738
            }
        }
    },
    {
        "episode": 170,
        "current_state": "S0",
        "current_action": "A0",
        "td_delta": 4.037358391428825e-05,
        "q_table": {
            "S0": {
                "A0": 19.737502072695175,
                "A1": 17.641706586072495
            },
            "S1": {
                "A0": 17.790158144083982,
                "A1": 19.743934834589577
            }
        }
    },
    {
        "episode": 171,
        "current_state": "S1",
        "current_action": "A1",
        "td_delta": 0.0022486036619646654,
        "q_table": {
            "S0": {
                "A0": 19.738691119474996,
                "A1": 17.641706586072495
            },
            "S1": {
                "A0": 17.790158144083982,
                "A1": 19.742817279736343
            }
        }
    },
    {
        "episode": 172,
        "current_state": "S0",
        "current_action": "A0",
        "td_delta": -0.0006725668348330771,
        "q_table": {
            "S0": {
                "A0": 19.73664533336318,
                "A1": 17.641706586072495
            },
            "S1": {
                "A0": 17.790158144083982,
                "A1": 19.74058037164654
            }
        }
    },
    {
        "episode": 173,
        "current_state": "S0",
        "current_action": "A0",
        "td_delta": 0.0039463510684996095,
        "q_table": {
            "S0": {
                "A0": 19.739311919041604,
                "A1": 17.641706586072495
            },
            "S1": {
                "A0": 17.790158144083982,
                "A1": 19.746173795043337
            }
        }
    },
    {
        "episode": 174,
        "current_state": "S1",
        "current_action": "A1",
        "td_delta": -0.0010186292929112994,
        "q_table": {
            "S0": {
                "A0": 19.741100884666142,
                "A1": 17.641706586072495
            },
            "S1": {
                "A0": 17.790158144083982,
                "A1": 19.745992264588146
            }
        }
    },
    {
        "episode": 175,
        "current_state": "S1",
        "current_action": "A1",
        "td_delta": -0.0012035387252034013,
        "q_table": {
            "S0": {
                "A0": 19.74123410808644,
                "A1": 17.641706586072495
            },
            "S1": {
                "A0": 17.790158144083982,
                "A1": 19.74518846379402
            }
        }
    },
    {
        "episode": 176,
        "current_state": "S0",
        "current_action": "A0",
        "td_delta": -0.009088411631985593,
        "q_table": {
            "S0": {
                "A0": 19.731833006766365,
                "A1": 17.641706586072495
            },
            "S1": {
                "A0": 17.790158144083982,
                "A1": 19.739550177936067
            }
        }
    },
    {
        "episode": 177,
        "current_state": "S0",
        "current_action": "A0",
        "td_delta": -0.006069488481454499,
        "q_table": {
            "S0": {
                "A0": 19.719919996639504,
                "A1": 17.641706586072495
            },
            "S1": {
                "A0": 17.790158144083982,
                "A1": 19.728792820136533
            }
        }
    },
    {
        "episode": 178,
        "current_state": "S1",
        "current_action": "A1",
        "td_delta": -0.003670909809521561,
        "q_table": {
            "S0": {
                "A0": 19.71845903305269,
                "A1": 17.641706586072495
            },
            "S1": {
                "A0": 17.790158144083982,
                "A1": 19.72261646616382
            }
        }
    },
    {
        "episode": 179,
        "current_state": "S0",
        "current_action": "A0",
        "td_delta": -0.0012925118671880398,
        "q_table": {
            "S0": {
                "A0": 19.709689838028332,
                "A1": 17.641706586072495
            },
            "S1": {
                "A0": 17.790158144083982,
                "A1": 19.714684841579313
            }
        }
    },
    {
        "episode": 180,
        "current_state": "S0",
        "current_action": "A0",
        "td_delta": -0.008160740059462768,
        "q_table": {
            "S0": {
                "A0": 19.695088025109825,
                "A1": 17.641706586072495
            },
            "S1": {
                "A0": 17.790158144083982,
                "A1": 19.70588923584674
            }
        }
    },
    {
        "episode": 181,
        "current_state": "S1",
        "current_action": "A1",
        "td_delta": -0.005708556099936146,
        "q_table": {
            "S0": {
                "A0": 19.681451055657657,
                "A1": 17.641706586072495
            },
            "S1": {
                "A0": 17.790158144083982,
                "A1": 19.691069615486423
            }
        }
    },
    {
        "episode": 182,
        "current_state": "S0",
        "current_action": "A0",
        "td_delta": -0.0008804056560123286,
        "q_table": {
            "S0": {
                "A0": 19.678156518421,
                "A1": 17.641706586072495
            },
            "S1": {
                "A0": 17.790158144083982,
                "A1": 19.68459660849081
            }
        }
    },
    {
        "episode": 183,
        "current_state": "S1",
        "current_action": "A1",
        "td_delta": 0.005125795546081946,
        "q_table": {
            "S0": {
                "A0": 19.670538783262735,
                "A1": 17.641706586072495
            },
            "S1": {
                "A0": 17.790158144083982,
                "A1": 19.677312716167776
            }
        }
    },
    {
        "episode": 184,
        "current_state": "S0",
        "current_action": "A0",
        "td_delta": 0.0022516896806692444,
        "q_table": {
            "S0": {
                "A0": 19.67874955407648,
                "A1": 17.641706586072495
            },
            "S1": {
                "A0": 17.790158144083982,
                "A1": 19.68391469338411
            }
        }
    },
    {
        "episode": 185,
        "current_state": "S1",
        "current_action": "A1",
        "td_delta": -0.0035902924994601904,
        "q_table": {
            "S0": {
                "A0": 19.667634935649346,
                "A1": 17.641706586072495
            },
            "S1": {
                "A0": 17.790158144083982,
                "A1": 19.676198495726098
            }
        }
    },
    {
        "episode": 186,
        "current_state": "S0",
        "current_action": "A0",
        "td_delta": -0.003386907928181415,
        "q_table": {
            "S0": {
                "A0": 19.66865387860882,
                "A1": 17.641706586072495
            },
            "S1": {
                "A0": 17.790158144083982,
                "A1": 19.677637285806632
            }
        }
    },
    {
        "episode": 187,
        "current_state": "S0",
        "current_action": "A0",
        "td_delta": -0.0025822068175962443,
        "q_table": {
            "S0": {
                "A0": 19.675318958553603,
                "A1": 17.641706586072495
            },
            "S1": {
                "A0": 17.790158144083982,
                "A1": 19.681542646236927
            }
        }
    },
    {
        "episode": 188,
        "current_state": "S1",
        "current_action": "A1",
        "td_delta": -0.0023239393933494057,
        "q_table": {
            "S0": {
                "A0": 19.680739709137267,
                "A1": 17.641706586072495
            },
            "S1": {
                "A0": 17.790158144083982,
                "A1": 19.68468899315031
            }
        }
    },
    {
        "episode": 189,
        "current_state": "S1",
        "current_action": "A1",
        "td_delta": 0.002245831098569795,
        "q_table": {
            "S0": {
                "A0": 19.67629980394775,
                "A1": 17.641706586072495
            },
            "S1": {
                "A0": 17.790158144083982,
                "A1": 19.681885874304495
            }
        }
    },
    {
        "episode": 190,
        "current_state": "S0",
        "current_action": "A0",
        "td_delta": 0.0006510603830989226,
        "q_table": {
            "S0": {
                "A0": 19.676083688942068,
                "A1": 17.641706586072495
            },
            "S1": {
                "A0": 17.790158144083982,
                "A1": 19.67984111244743
            }
        }
    },
    {
        "episode": 191,
        "current_state": "S1",
        "current_action": "A1",
        "td_delta": -9.76668596699426e-05,
        "q_table": {
            "S0": {
                "A0": 19.678592680281618,
                "A1": 17.641706586072495
            },
            "S1": {
                "A0": 17.790158144083982,
                "A1": 19.682687708502677
            }
        }
    },
    {
        "episode": 192,
        "current_state": "S0",
        "current_action": "A0",
        "td_delta": 0.00488324211694291,
        "q_table": {
            "S0": {
                "A0": 19.677527361120166,
                "A1": 17.641706586072495
            },
            "S1": {
                "A0": 17.790158144083982,
                "A1": 19.68238899663089
            }
        }
    },
    {
        "episode": 193,
        "current_state": "S1",
        "current_action": "A1",
        "td_delta": -0.00020880480854046368,
        "q_table": {
            "S0": {
                "A0": 19.68498368253119,
                "A1": 17.641706586072495
            },
            "S1": {
                "A0": 17.790158144083982,
                "A1": 19.69162263123114
            }
        }
    },
    {
        "episode": 194,
        "current_state": "S0",
        "current_action": "A0",
        "td_delta": 0.0027955417878331446,
        "q_table": {
            "S0": {
                "A0": 19.687540164130418,
                "A1": 17.641706586072495
            },
            "S1": {
                "A0": 17.790158144083982,
                "A1": 19.695103189485653
            }
        }
    },
    {
        "episode": 195,
        "current_state": "S0",
        "current_action": "A0",
        "td_delta": -0.0007163508094052418,
        "q_table": {
            "S0": {
                "A0": 19.68497151626086,
                "A1": 17.641706586072495
            },
            "S1": {
                "A0": 17.790158144083982,
                "A1": 19.692770904948965
            }
        }
    },
    {
        "episode": 196,
        "current_state": "S0",
        "current_action": "A0",
        "td_delta": 0.004491248908177425,
        "q_table": {
            "S0": {
                "A0": 19.66843514011853,
                "A1": 17.641706586072495
            },
            "S1": {
                "A0": 17.790158144083982,
                "A1": 19.684425020158322
            }
        }
    },
    {
        "episode": 197,
        "current_state": "S0",
        "current_action": "A0",
        "td_delta": -0.0010942688096911013,
        "q_table": {
            "S0": {
                "A0": 19.666878229024906,
                "A1": 17.641706586072495
            },
            "S1": {
                "A0": 17.790158144083982,
                "A1": 19.676591363233804
            }
        }
    },
    {
        "episode": 198,
        "current_state": "S1",
        "current_action": "A1",
        "td_delta": 0.007379088540226064,
        "q_table": {
            "S0": {
                "A0": 19.657900364525382,
                "A1": 17.641706586072495
            },
            "S1": {
                "A0": 17.790158144083982,
                "A1": 19.6736509487694
            }
        }
    },
    {
        "episode": 199,
        "current_state": "S1",
        "current_action": "A1",
        "td_delta": -0.006086373258607836,
        "q_table": {
            "S0": {
                "A0": 19.646688751572473,
                "A1": 17.641706586072495
            },
            "S1": {
                "A0": 17.790158144083982,
                "A1": 19.663811591590758
            }
        }
    }
]