[
    {
        "episode": 0,
        "current_state": "S0",
        "current_action": "A0",
        "td_delta": 1.4184485950713714,
        "q_table": {
            "S0": {
                "A0": 5.197042057926654,
                "A1": 3.18396795549359
            },
            "S1": {
                "A0": 3.7319704315076567,
                "A1": 4.943102863263358
            }
        }
    },
    {
        "episode": 1,
        "current_state": "S0",
        "current_action": "A0",
        "td_delta": 1.1172094828981791,
        "q_table": {
            "S0": {
                "A0": 9.383453050915245,
                "A1": 6.711038998778786
            },
            "S1": {
                "A0": 7.958484318552168,
                "A1": 8.845626484274192
            }
        }
    },
    {
        "episode": 2,
        "current_state": "S1",
        "current_action": "A0",
        "td_delta": 1.4846922903194884,
        "q_table": {
            "S0": {
                "A0": 11.987634034882335,
                "A1": 10.984806637382821
            },
            "S1": {
                "A0": 10.513569997612597,
                "A1": 12.285975576697156
            }
        }
    },
    {
        "episode": 3,
        "current_state": "S1",
        "current_action": "A1",
        "td_delta": 0.5925327650707626,
        "q_table": {
            "S0": {
                "A0": 14.581592521318651,
                "A1": 12.679250457493062
            },
            "S1": {
                "A0": 12.58986371312961,
                "A1": 14.60021572766866
            }
        }
    },
    {
        "episode": 4,
        "current_state": "S0",
        "current_action": "A0",
        "td_delta": 0.4577608091095513,
        "q_table": {
            "S0": {
                "A0": 16.263532208577278,
                "A1": 14.172428115643806
            },
            "S1": {
                "A0": 14.638742093195525,
                "A1": 16.29527044933349
            }
        }
    },
    {
        "episode": 5,
        "current_state": "S1",
        "current_action": "A1",
        "td_delta": 0.23346400922480726,
        "q_table": {
            "S0": {
                "A0": 17.433753577734286,
                "A1": 15.83155325193754
            },
            "S1": {
                "A0": 15.866158898739293,
                "A1": 17.486032715766918
            }
        }
    },
    {
        "episode": 6,
        "current_state": "S1",
        "current_action": "A1",
        "td_delta": 0.17389018298060677,
        "q_table": {
            "S0": {
                "A0": 18.3456876597633,
                "A1": 16.64262510560242
            },
            "S1": {
                "A0": 16.941615783823487,
                "A1": 18.296922852762957
            }
        }
    },
    {
        "episode": 7,
        "current_state": "S0",
        "current_action": "A1",
        "td_delta": 0.7596299579562782,
        "q_table": {
            "S0": {
                "A0": 19.05214948860233,
                "A1": 17.342778977066455
            },
            "S1": {
                "A0": 17.100793283299065,
                "A1": 19.049354796163037
            }
        }
    },
    {
        "episode": 8,
        "current_state": "S1",
        "current_action": "A1",
        "td_delta": 0.06266729320762465,
        "q_table": {
            "S0": {
                "A0": 19.548260391429384,
                "A1": 17.97395819955643
            },
            "S1": {
                "A0": 17.777280507668912,
                "A1": 19.49774926383379
            }
        }
    },
    {
        "episode": 9,
        "current_state": "S0",
        "current_action": "A1",
        "td_delta": 0.31377593738947596,
        "q_table": {
            "S0": {
                "A0": 19.81031046211218,
                "A1": 18.414809776615257
            },
            "S1": {
                "A0": 18.477515933658477,
                "A1": 19.78015503650868
            }
        }
    },
    {
        "episode": 10,
        "current_state": "S0",
        "current_action": "A0",
        "td_delta": 0.03441950844950625,
        "q_table": {
            "S0": {
                "A0": 20.09090274528644,
                "A1": 18.414809776615257
            },
            "S1": {
                "A0": 18.477515933658477,
                "A1": 20.05618548436983
            }
        }
    },
    {
        "episode": 11,
        "current_state": "S0",
        "current_action": "A0",
        "td_delta": 0.043300320219440636,
        "q_table": {
            "S0": {
                "A0": 20.26852358487475,
                "A1": 18.414809776615257
            },
            "S1": {
                "A0": 18.477515933658477,
                "A1": 20.241918431926855
            }
        }
    },
    {
        "episode": 12,
        "current_state": "S0",
        "current_action": "A0",
        "td_delta": 0.0190393834337641,
        "q_table": {
            "S0": {
                "A0": 20.40629500943614,
                "A1": 18.414809776615257
            },
            "S1": {
                "A0": 18.477515933658477,
                "A1": 20.383442958978844
            }
        }
    },
    {
        "episode": 13,
        "current_state": "S1",
        "current_action": "A1",
        "td_delta": 0.008537069169687328,
        "q_table": {
            "S0": {
                "A0": 20.47539814404946,
                "A1": 18.414809776615257
            },
            "S1": {
                "A0": 18.477515933658477,
                "A1": 20.46068947712495
            }
        }
    },
    {
        "episode": 14,
        "current_state": "S1",
        "current_action": "A1",
        "td_delta": -0.022838441801347642,
        "q_table": {
            "S0": {
                "A0": 20.490535741065226,
                "A1": 18.414809776615257
            },
            "S1": {
                "A0": 18.477515933658477,
                "A1": 20.46337255626293
            }
        }
    },
    {
        "episode": 15,
        "current_state": "S1",
        "current_action": "A1",
        "td_delta": -0.0007714732319179518,
        "q_table": {
            "S0": {
                "A0": 20.474198877222683,
                "A1": 18.414809776615257
            },
            "S1": {
                "A0": 18.477515933658477,
                "A1": 20.446828222620898
            }
        }
    },
    {
        "episode": 16,
        "current_state": "S0",
        "current_action": "A0",
        "td_delta": -0.01309247971964922,
        "q_table": {
            "S0": {
                "A0": 20.439726001820624,
                "A1": 18.414809776615257
            },
            "S1": {
                "A0": 18.477515933658477,
                "A1": 20.415494602811748
            }
        }
    },
    {
        "episode": 17,
        "current_state": "S1",
        "current_action": "A1",
        "td_delta": -0.017419144380479423,
        "q_table": {
            "S0": {
                "A0": 20.41733664533548,
                "A1": 18.414809776615257
            },
            "S1": {
                "A0": 18.477515933658477,
                "A1": 20.39086708911846
            }
        }
    },
    {
        "episode": 18,
        "current_state": "S1",
        "current_action": "A1",
        "td_delta": -0.010376394730933214,
        "q_table": {
            "S0": {
                "A0": 20.402203079121964,
                "A1": 18.414809776615257
            },
            "S1": {
                "A0": 18.477515933658477,
                "A1": 20.377482522922822
            }
        }
    },
    {
        "episode": 19,
        "current_state": "S1",
        "current_action": "A1",
        "td_delta": -0.019614798443349457,
        "q_table": {
            "S0": {
                "A0": 20.4016614456955,
                "A1": 18.414809776615257
            },
            "S1": {
                "A0": 18.477515933658477,
                "A1": 20.378914247417534
            }
        }
    },
    {
        "episode": 20,
        "current_state": "S1",
        "current_action": "A1",
        "td_delta": -0.0054709638347887335,
        "q_table": {
            "S0": {
                "A0": 20.375434571375614,
                "A1": 18.414809776615257
            },
            "S1": {
                "A0": 18.477515933658477,
                "A1": 20.356985654156393
            }
        }
    },
    {
        "episode": 21,
        "current_state": "S0",
        "current_action": "A0",
        "td_delta": 0.014798829174431205,
        "q_table": {
            "S0": {
                "A0": 20.36073754044042,
                "A1": 18.414809776615257
            },
            "S1": {
                "A0": 18.477515933658477,
                "A1": 20.338085330928603
            }
        }
    },
    {
        "episode": 22,
        "current_state": "S1",
        "current_action": "A1",
        "td_delta": 0.002462414311331429,
        "q_table": {
            "S0": {
                "A0": 20.34056738058987,
                "A1": 18.414809776615257
            },
            "S1": {
                "A0": 18.477515933658477,
                "A1": 20.32437779744377
            }
        }
    },
    {
        "episode": 23,
        "current_state": "S0",
        "current_action": "A0",
        "td_delta": -0.012550093668256324,
        "q_table": {
            "S0": {
                "A0": 20.29919278266169,
                "A1": 18.414809776615257
            },
            "S1": {
                "A0": 18.477515933658477,
                "A1": 20.28820748050041
            }
        }
    },
    {
        "episode": 24,
        "current_state": "S0",
        "current_action": "A0",
        "td_delta": -0.009190160061482544,
        "q_table": {
            "S0": {
                "A0": 20.25965019199838,
                "A1": 18.414809776615257
            },
            "S1": {
                "A0": 18.477515933658477,
                "A1": 20.249440395641336
            }
        }
    },
    {
        "episode": 25,
        "current_state": "S0",
        "current_action": "A0",
        "td_delta": -0.0058339509377951515,
        "q_table": {
            "S0": {
                "A0": 20.237450610048562,
                "A1": 18.414809776615257
            },
            "S1": {
                "A0": 18.477515933658477,
                "A1": 20.223735386721113
            }
        }
    },
    {
        "episode": 26,
        "current_state": "S0",
        "current_action": "A0",
        "td_delta": -0.001725806485627146,
        "q_table": {
            "S0": {
                "A0": 20.23669594441516,
                "A1": 18.414809776615257
            },
            "S1": {
                "A0": 18.477515933658477,
                "A1": 20.21850838473577
            }
        }
    },
    {
        "episode": 27,
        "current_state": "S1",
        "current_action": "A1",
        "td_delta": -0.02253720313978036,
        "q_table": {
            "S0": {
                "A0": 20.243920396185548,
                "A1": 18.414809776615257
            },
            "S1": {
                "A0": 18.477515933658477,
                "A1": 20.216876852561203
            }
        }
    },
    {
        "episode": 28,
        "current_state": "S0",
        "current_action": "A0",
        "td_delta": -0.018241975788949816,
        "q_table": {
            "S0": {
                "A0": 20.225560832519857,
                "A1": 18.414809776615257
            },
            "S1": {
                "A0": 18.477515933658477,
                "A1": 20.190777324124078
            }
        }
    },
    {
        "episode": 29,
        "current_state": "S0",
        "current_action": "A0",
        "td_delta": -0.018813572093272057,
        "q_table": {
            "S0": {
                "A0": 20.21004286768502,
                "A1": 18.414809776615257
            },
            "S1": {
                "A0": 18.477515933658477,
                "A1": 20.168950875935195
            }
        }
    },
    {
        "episode": 30,
        "current_state": "S1",
        "current_action": "A1",
        "td_delta": 0.011599157145646188,
        "q_table": {
            "S0": {
                "A0": 20.16465864133707,
                "A1": 18.414809776615257
            },
            "S1": {
                "A0": 18.477515933658477,
                "A1": 20.130594171129264
            }
        }
    },
    {
        "episode": 31,
        "current_state": "S0",
        "current_action": "A0",
        "td_delta": 0.019301750771887782,
        "q_table": {
            "S0": {
                "A0": 20.159423507950198,
                "A1": 18.414809776615257
            },
            "S1": {
                "A0": 18.477515933658477,
                "A1": 20.128964350171987
            }
        }
    },
    {
        "episode": 32,
        "current_state": "S1",
        "current_action": "A1",
        "td_delta": 0.015511641389348796,
        "q_table": {
            "S0": {
                "A0": 20.192299330533775,
                "A1": 18.414809776615257
            },
            "S1": {
                "A0": 18.477515933658477,
                "A1": 20.15868980479089
            }
        }
    },
    {
        "episode": 33,
        "current_state": "S1",
        "current_action": "A1",
        "td_delta": 0.028341700895698096,
        "q_table": {
            "S0": {
                "A0": 20.230563261057778,
                "A1": 18.414809776615257
            },
            "S1": {
                "A0": 18.477515933658477,
                "A1": 20.182350063541246
            }
        }
    },
    {
        "episode": 34,
        "current_state": "S1",
        "current_action": "A1",
        "td_delta": 0.01063049653735959,
        "q_table": {
            "S0": {
                "A0": 20.233229676406904,
                "A1": 18.414809776615257
            },
            "S1": {
                "A0": 18.477515933658477,
                "A1": 20.20052211071195
            }
        }
    },
    {
        "episode": 35,
        "current_state": "S0",
        "current_action": "A0",
        "td_delta": 0.01963156409652811,
        "q_table": {
            "S0": {
                "A0": 20.236716846606996,
                "A1": 18.414809776615257
            },
            "S1": {
                "A0": 18.477515933658477,
                "A1": 20.206265585588355
            }
        }
    },
    {
        "episode": 36,
        "current_state": "S0",
        "current_action": "A0",
        "td_delta": -0.002610573355248391,
        "q_table": {
            "S0": {
                "A0": 20.24179777781771,
                "A1": 18.414809776615257
            },
            "S1": {
                "A0": 18.477515933658477,
                "A1": 20.217645865792647
            }
        }
    },
    {
        "episode": 37,
        "current_state": "S0",
        "current_action": "A0",
        "td_delta": -0.004546291382915513,
        "q_table": {
            "S0": {
                "A0": 20.24876013188108,
                "A1": 18.414809776615257
            },
            "S1": {
                "A0": 18.477515933658477,
                "A1": 20.226942595237485
            }
        }
    },
    {
        "episode": 38,
        "current_state": "S0",
        "current_action": "A0",
        "td_delta": 0.007956483635936706,
        "q_table": {
            "S0": {
                "A0": 20.241733740512032,
                "A1": 18.414809776615257
            },
            "S1": {
                "A0": 18.477515933658477,
                "A1": 20.226198004288218
            }
        }
    },
    {
        "episode": 39,
        "current_state": "S1",
        "current_action": "A1",
        "td_delta": 0.002791431919931142,
        "q_table": {
            "S0": {
                "A0": 20.24596890784439,
                "A1": 18.414809776615257
            },
            "S1": {
                "A0": 18.477515933658477,
                "A1": 20.229655564311116
            }
        }
    },
    {
        "episode": 40,
        "current_state": "S1",
        "current_action": "A1",
        "td_delta": 0.0026942474394182625,
        "q_table": {
            "S0": {
                "A0": 20.24027486903093,
                "A1": 18.414809776615257
            },
            "S1": {
                "A0": 18.477515933658477,
                "A1": 20.228888153086995
            }
        }
    },
    {
        "episode": 41,
        "current_state": "S1",
        "current_action": "A1",
        "td_delta": -0.0030577113347405316,
        "q_table": {
            "S0": {
                "A0": 20.237345455289816,
                "A1": 18.414809776615257
            },
            "S1": {
                "A0": 18.477515933658477,
                "A1": 20.22865825276996
            }
        }
    },
    {
        "episode": 42,
        "current_state": "S0",
        "current_action": "A0",
        "td_delta": 4.770459912606384e-05,
        "q_table": {
            "S0": {
                "A0": 20.242499988891442,
                "A1": 18.414809776615257
            },
            "S1": {
                "A0": 18.477515933658477,
                "A1": 20.237587101732565
            }
        }
    },
    {
        "episode": 43,
        "current_state": "S1",
        "current_action": "A1",
        "td_delta": -0.0031159461206726746,
        "q_table": {
            "S0": {
                "A0": 20.24558733137051,
                "A1": 18.414809776615257
            },
            "S1": {
                "A0": 18.477515933658477,
                "A1": 20.238818130560382
            }
        }
    },
    {
        "episode": 44,
        "current_state": "S1",
        "current_action": "A1",
        "td_delta": 0.002883865600818325,
        "q_table": {
            "S0": {
                "A0": 20.25229211503172,
                "A1": 18.414809776615257
            },
            "S1": {
                "A0": 18.477515933658477,
                "A1": 20.2515584375793
            }
        }
    },
    {
        "episode": 45,
        "current_state": "S1",
        "current_action": "A1",
        "td_delta": 0.0028724182690780253,
        "q_table": {
            "S0": {
                "A0": 20.25894825842812,
                "A1": 18.414809776615257
            },
            "S1": {
                "A0": 18.477515933658477,
                "A1": 20.255732724250894
            }
        }
    },
    {
        "episode": 46,
        "current_state": "S1",
        "current_action": "A1",
        "td_delta": -0.0002631503388172973,
        "q_table": {
            "S0": {
                "A0": 20.260764999728973,
                "A1": 18.414809776615257
            },
            "S1": {
                "A0": 18.477515933658477,
                "A1": 20.256837419779206
            }
        }
    },
    {
        "episode": 47,
        "current_state": "S1",
        "current_action": "A1",
        "td_delta": 0.00015001319225760312,
        "q_table": {
            "S0": {
                "A0": 20.2606415153167,
                "A1": 18.414809776615257
            },
            "S1": {
                "A0": 18.477515933658477,
                "A1": 20.259457381071975
            }
        }
    },
    {
        "episode": 48,
        "current_state": "S0",
        "current_action": "A0",
        "td_delta": 0.0019722492938853975,
        "q_table": {
            "S0": {
                "A0": 20.263714327914307,
                "A1": 18.414809776615257
            },
            "S1": {
                "A0": 18.477515933658477,
                "A1": 20.265035364364735
            }
        }
    },
    {
        "episode": 49,
        "current_state": "S0",
        "current_action": "A0",
        "td_delta": 0.003264769114746713,
        "q_table": {
            "S0": {
                "A0": 20.26837955088125,
                "A1": 18.414809776615257
            },
            "S1": {
                "A0": 18.477515933658477,
                "A1": 20.270129329217614
            }
        }
    },
    {
        "episode": 50,
        "current_state": "S0",
        "current_action": "A0",
        "td_delta": 0.0002478596686223966,
        "q_table": {
            "S0": {
                "A0": 20.27179437075645,
                "A1": 18.414809776615257
            },
            "S1": {
                "A0": 18.477515933658477,
                "A1": 20.270901415108227
            }
        }
    },
    {
        "episode": 51,
        "current_state": "S0",
        "current_action": "A0",
        "td_delta": -0.0007569459827863056,
        "q_table": {
            "S0": {
                "A0": 20.268275275259434,
                "A1": 18.414809776615257
            },
            "S1": {
                "A0": 18.477515933658477,
                "A1": 20.26809328673695
            }
        }
    },
    {
        "episode": 52,
        "current_state": "S1",
        "current_action": "A1",
        "td_delta": -0.0013219117389375867,
        "q_table": {
            "S0": {
                "A0": 20.265831505544178,
                "A1": 18.414809776615257
            },
            "S1": {
                "A0": 18.477515933658477,
                "A1": 20.267384863556615
            }
        }
    },
    {
        "episode": 53,
        "current_state": "S1",
        "current_action": "A1",
        "td_delta": -7.12672759526356e-05,
        "q_table": {
            "S0": {
                "A0": 20.265290672486405,
                "A1": 18.414809776615257
            },
            "S1": {
                "A0": 18.477515933658477,
                "A1": 20.26617238257747
            }
        }
    },
    {
        "episode": 54,
        "current_state": "S0",
        "current_action": "A0",
        "td_delta": 0.00029571219647550606,
        "q_table": {
            "S0": {
                "A0": 20.26801303737073,
                "A1": 18.414809776615257
            },
            "S1": {
                "A0": 18.477515933658477,
                "A1": 20.267099075087927
            }
        }
    },
    {
        "episode": 55,
        "current_state": "S1",
        "current_action": "A1",
        "td_delta": -0.0008185203064172697,
        "q_table": {
            "S0": {
                "A0": 20.26280285092972,
                "A1": 18.414809776615257
            },
            "S1": {
                "A0": 18.477515933658477,
                "A1": 20.263498461556342
            }
        }
    },
    {
        "episode": 56,
        "current_state": "S0",
        "current_action": "A0",
        "td_delta": 0.001080207417111012,
        "q_table": {
            "S0": {
                "A0": 20.26389792595117,
                "A1": 18.414809776615257
            },
            "S1": {
                "A0": 18.477515933658477,
                "A1": 20.264665544935113
            }
        }
    },
    {
        "episode": 57,
        "current_state": "S1",
        "current_action": "A1",
        "td_delta": -0.00027648681594882873,
        "q_table": {
            "S0": {
                "A0": 20.259135199871643,
                "A1": 18.414809776615257
            },
            "S1": {
                "A0": 18.477515933658477,
                "A1": 20.26167521303117
            }
        }
    },
    {
        "episode": 58,
        "current_state": "S1",
        "current_action": "A1",
        "td_delta": 0.00015369075505944352,
        "q_table": {
            "S0": {
                "A0": 20.26430226640412,
                "A1": 18.414809776615257
            },
            "S1": {
                "A0": 18.477515933658477,
                "A1": 20.269366427630892
            }
        }
    },
    {
        "episode": 59,
        "current_state": "S1",
        "current_action": "A1",
        "td_delta": -0.0014110049096274224,
        "q_table": {
            "S0": {
                "A0": 20.265990728697847,
                "A1": 18.414809776615257
            },
            "S1": {
                "A0": 18.477515933658477,
                "A1": 20.272032790795393
            }
        }
    },
    {
        "episode": 60,
        "current_state": "S0",
        "current_action": "A0",
        "td_delta": -0.0028638285790272278,
        "q_table": {
            "S0": {
                "A0": 20.271589651551544,
                "A1": 18.414809776615257
            },
            "S1": {
                "A0": 18.477515933658477,
                "A1": 20.2794465652741
            }
        }
    },
    {
        "episode": 61,
        "current_state": "S0",
        "current_action": "A0",
        "td_delta": 0.002932948072754016,
        "q_table": {
            "S0": {
                "A0": 20.27553694687469,
                "A1": 18.414809776615257
            },
            "S1": {
                "A0": 18.477515933658477,
                "A1": 20.285024935256757
            }
        }
    },
    {
        "episode": 62,
        "current_state": "S1",
        "current_action": "A1",
        "td_delta": -0.002389615332802464,
        "q_table": {
            "S0": {
                "A0": 20.275643898909586,
                "A1": 18.414809776615257
            },
            "S1": {
                "A0": 18.477515933658477,
                "A1": 20.28386953753997
            }
        }
    },
    {
        "episode": 63,
        "current_state": "S0",
        "current_action": "A0",
        "td_delta": 0.0010243981026647475,
        "q_table": {
            "S0": {
                "A0": 20.27299195921144,
                "A1": 18.414809776615257
            },
            "S1": {
                "A0": 18.477515933658477,
                "A1": 20.282324306761822
            }
        }
    },
    {
        "episode": 64,
        "current_state": "S1",
        "current_action": "A1",
        "td_delta": -0.002631537438844589,
        "q_table": {
            "S0": {
                "A0": 20.26951991339846,
                "A1": 18.414809776615257
            },
            "S1": {
                "A0": 18.477515933658477,
                "A1": 20.27792208730833
            }
        }
    },
    {
        "episode": 65,
        "current_state": "S1",
        "current_action": "A1",
        "td_delta": 0.0034787412769041737,
        "q_table": {
            "S0": {
                "A0": 20.270662249504976,
                "A1": 18.414809776615257
            },
            "S1": {
                "A0": 18.477515933658477,
                "A1": 20.277885847448157
            }
        }
    },
    {
        "episode": 66,
        "current_state": "S0",
        "current_action": "A0",
        "td_delta": 0.0027158009135312966,
        "q_table": {
            "S0": {
                "A0": 20.26894829600255,
                "A1": 18.414809776615257
            },
            "S1": {
                "A0": 18.477515933658477,
                "A1": 20.277669715747447
            }
        }
    },
    {
        "episode": 67,
        "current_state": "S1",
        "current_action": "A1",
        "td_delta": 0.0035292320504787256,
        "q_table": {
            "S0": {
                "A0": 20.26303450058852,
                "A1": 18.414809776615257
            },
            "S1": {
                "A0": 18.477515933658477,
                "A1": 20.272542797088967
            }
        }
    },
    {
        "episode": 68,
        "current_state": "S0",
        "current_action": "A0",
        "td_delta": 0.0015290777790610832,
        "q_table": {
            "S0": {
                "A0": 20.255687697529833,
                "A1": 18.414809776615257
            },
            "S1": {
                "A0": 18.477515933658477,
                "A1": 20.26325140412922
            }
        }
    },
    {
        "episode": 69,
        "current_state": "S0",
        "current_action": "A0",
        "td_delta": -0.0030655670488286546,
        "q_table": {
            "S0": {
                "A0": 20.256266221753968,
                "A1": 18.414809776615257
            },
            "S1": {
                "A0": 18.477515933658477,
                "A1": 20.265049892818375
            }
        }
    },
    {
        "episode": 70,
        "current_state": "S0",
        "current_action": "A0",
        "td_delta": 0.002669814777988222,
        "q_table": {
            "S0": {
                "A0": 20.265849014384706,
                "A1": 18.414809776615257
            },
            "S1": {
                "A0": 18.477515933658477,
                "A1": 20.272215788894936
            }
        }
    },
    {
        "episode": 71,
        "current_state": "S1",
        "current_action": "A1",
        "td_delta": 0.005350725665284273,
        "q_table": {
            "S0": {
                "A0": 20.271445056180372,
                "A1": 18.414809776615257
            },
            "S1": {
                "A0": 18.477515933658477,
                "A1": 20.279498756865287
            }
        }
    },
    {
        "episode": 72,
        "current_state": "S0",
        "current_action": "A0",
        "td_delta": 0.0011729528588482196,
        "q_table": {
            "S0": {
                "A0": 20.27820485283744,
                "A1": 18.414809776615257
            },
            "S1": {
                "A0": 18.477515933658477,
                "A1": 20.283512197953453
            }
        }
    },
    {
        "episode": 73,
        "current_state": "S1",
        "current_action": "A1",
        "td_delta": 0.002229529389932594,
        "q_table": {
            "S0": {
                "A0": 20.280426773462572,
                "A1": 18.414809776615257
            },
            "S1": {
                "A0": 18.477515933658477,
                "A1": 20.28480730189196
            }
        }
    },
    {
        "episode": 74,
        "current_state": "S1",
        "current_action": "A1",
        "td_delta": -0.0008348297723514975,
        "q_table": {
            "S0": {
                "A0": 20.283238364597807,
                "A1": 18.414809776615257
            },
            "S1": {
                "A0": 18.477515933658477,
                "A1": 20.285299568538647
            }
        }
    },
    {
        "episode": 75,
        "current_state": "S1",
        "current_action": "A1",
        "td_delta": -0.0013509547960097734,
        "q_table": {
            "S0": {
                "A0": 20.281723012875897,
                "A1": 18.414809776615257
            },
            "S1": {
                "A0": 18.477515933658477,
                "A1": 20.285801681938036
            }
        }
    },
    {
        "episode": 76,
        "current_state": "S0",
        "current_action": "A0",
        "td_delta": 0.003377938169386141,
        "q_table": {
            "S0": {
                "A0": 20.28704844305156,
                "A1": 18.414809776615257
            },
            "S1": {
                "A0": 18.477515933658477,
                "A1": 20.29237550086824
            }
        }
    },
    {
        "episode": 77,
        "current_state": "S0",
        "current_action": "A0",
        "td_delta": 0.0021138006114576058,
        "q_table": {
            "S0": {
                "A0": 20.293030467823655,
                "A1": 18.414809776615257
            },
            "S1": {
                "A0": 18.477515933658477,
                "A1": 20.296926816086003
            }
        }
    },
    {
        "episode": 78,
        "current_state": "S1",
        "current_action": "A1",
        "td_delta": 0.00015606252528854725,
        "q_table": {
            "S0": {
                "A0": 20.29510137216696,
                "A1": 18.414809776615257
            },
            "S1": {
                "A0": 18.477515933658477,
                "A1": 20.29827485712515
            }
        }
    },
    {
        "episode": 79,
        "current_state": "S0",
        "current_action": "A0",
        "td_delta": 0.0033676262354376263,
        "q_table": {
            "S0": {
                "A0": 20.297310478105032,
                "A1": 18.414809776615257
            },
            "S1": {
                "A0": 18.477515933658477,
                "A1": 20.30572900466872
            }
        }
    },
    {
        "episode": 80,
        "current_state": "S1",
        "current_action": "A1",
        "td_delta": -0.0008904691785573959,
        "q_table": {
            "S0": {
                "A0": 20.30138017205973,
                "A1": 18.414809776615257
            },
            "S1": {
                "A0": 18.477515933658477,
                "A1": 20.308561048870168
            }
        }
    },
    {
        "episode": 81,
        "current_state": "S0",
        "current_action": "A0",
        "td_delta": 0.004839460972021925,
        "q_table": {
            "S0": {
                "A0": 20.301670399380907,
                "A1": 18.414809776615257
            },
            "S1": {
                "A0": 18.477515933658477,
                "A1": 20.310560196931924
            }
        }
    },
    {
        "episode": 82,
        "current_state": "S1",
        "current_action": "A1",
        "td_delta": 0.005367748212151469,
        "q_table": {
            "S0": {
                "A0": 20.3057871938547,
                "A1": 18.414809776615257
            },
            "S1": {
                "A0": 18.477515933658477,
                "A1": 20.31233064180628
            }
        }
    },
    {
        "episode": 83,
        "current_state": "S0",
        "current_action": "A0",
        "td_delta": 0.0014932073773152865,
        "q_table": {
            "S0": {
                "A0": 20.30246812558396,
                "A1": 18.414809776615257
            },
            "S1": {
                "A0": 18.477515933658477,
                "A1": 20.308803146381855
            }
        }
    },
    {
        "episode": 84,
        "current_state": "S1",
        "current_action": "A1",
        "td_delta": 0.006434071284402876,
        "q_table": {
            "S0": {
                "A0": 20.299984625298386,
                "A1": 18.414809776615257
            },
            "S1": {
                "A0": 18.477515933658477,
                "A1": 20.309860249126476
            }
        }
    },
    {
        "episode": 85,
        "current_state": "S0",
        "current_action": "A0",
        "td_delta": 0.005012976078791809,
        "q_table": {
            "S0": {
                "A0": 20.29810575129195,
                "A1": 18.414809776615257
            },
            "S1": {
                "A0": 18.477515933658477,
                "A1": 20.310373505477415
            }
        }
    },
    {
        "episode": 86,
        "current_state": "S0",
        "current_action": "A0",
        "td_delta": 0.001097494416988809,
        "q_table": {
            "S0": {
                "A0": 20.295773584761264,
                "A1": 18.414809776615257
            },
            "S1": {
                "A0": 18.477515933658477,
                "A1": 20.30341022499772
            }
        }
    },
    {
        "episode": 87,
        "current_state": "S1",
        "current_action": "A1",
        "td_delta": -0.0010273191853542585,
        "q_table": {
            "S0": {
                "A0": 20.296818299788043,
                "A1": 18.414809776615257
            },
            "S1": {
                "A0": 18.477515933658477,
                "A1": 20.302731071064176
            }
        }
    },
    {
        "episode": 88,
        "current_state": "S1",
        "current_action": "A1",
        "td_delta": -0.00027875685093192715,
        "q_table": {
            "S0": {
                "A0": 20.30039007878751,
                "A1": 18.414809776615257
            },
            "S1": {
                "A0": 18.477515933658477,
                "A1": 20.305804824898345
            }
        }
    },
    {
        "episode": 89,
        "current_state": "S1",
        "current_action": "A1",
        "td_delta": -0.0001963186780038484,
        "q_table": {
            "S0": {
                "A0": 20.305212112296072,
                "A1": 18.414809776615257
            },
            "S1": {
                "A0": 18.477515933658477,
                "A1": 20.309238933415198
            }
        }
    },
    {
        "episode": 90,
        "current_state": "S1",
        "current_action": "A1",
        "td_delta": -0.00036816795694605275,
        "q_table": {
            "S0": {
                "A0": 20.30933121508992,
                "A1": 18.414809776615257
            },
            "S1": {
                "A0": 18.477515933658477,
                "A1": 20.316493718930587
            }
        }
    },
    {
        "episode": 91,
        "current_state": "S1",
        "current_action": "A1",
        "td_delta": -0.0003842335664216989,
        "q_table": {
            "S0": {
                "A0": 20.318109174051337,
                "A1": 18.414809776615257
            },
            "S1": {
                "A0": 18.477515933658477,
                "A1": 20.32577786664578
            }
        }
    },
    {
        "episode": 92,
        "current_state": "S0",
        "current_action": "A0",
        "td_delta": 0.0012093308755858345,
        "q_table": {
            "S0": {
                "A0": 20.321826363638877,
                "A1": 18.414809776615257
            },
            "S1": {
                "A0": 18.477515933658477,
                "A1": 20.32795130600797
            }
        }
    },
    {
        "episode": 93,
        "current_state": "S0",
        "current_action": "A0",
        "td_delta": 0.00042073374778794914,
        "q_table": {
            "S0": {
                "A0": 20.313762339519723,
                "A1": 18.414809776615257
            },
            "S1": {
                "A0": 18.477515933658477,
                "A1": 20.321041843647734
            }
        }
    },
    {
        "episode": 94,
        "current_state": "S1",
        "current_action": "A1",
        "td_delta": -0.0031421060113743238,
        "q_table": {
            "S0": {
                "A0": 20.30333585343379,
                "A1": 18.414809776615257
            },
            "S1": {
                "A0": 18.477515933658477,
                "A1": 20.31097287689359
            }
        }
    },
    {
        "episode": 95,
        "current_state": "S1",
        "current_action": "A1",
        "td_delta": -0.0021451093019813072,
        "q_table": {
            "S0": {
                "A0": 20.299259338319345,
                "A1": 18.414809776615257
            },
            "S1": {
                "A0": 18.477515933658477,
                "A1": 20.308066370921672
            }
        }
    },
    {
        "episode": 96,
        "current_state": "S1",
        "current_action": "A1",
        "td_delta": 0.008139547246109657,
        "q_table": {
            "S0": {
                "A0": 20.29553228368271,
                "A1": 18.414809776615257
            },
            "S1": {
                "A0": 18.477515933658477,
                "A1": 20.308322646678523
            }
        }
    },
    {
        "episode": 97,
        "current_state": "S1",
        "current_action": "A1",
        "td_delta": -0.004865722384025162,
        "q_table": {
            "S0": {
                "A0": 20.298087284001394,
                "A1": 18.414809776615257
            },
            "S1": {
                "A0": 18.477515933658477,
                "A1": 20.311383569528253
            }
        }
    },
    {
        "episode": 98,
        "current_state": "S1",
        "current_action": "A1",
        "td_delta": -0.004757264285483842,
        "q_table": {
            "S0": {
                "A0": 20.29731258349344,
                "A1": 18.414809776615257
            },
            "S1": {
                "A0": 18.477515933658477,
                "A1": 20.309894617292827
            }
        }
    },
    {
        "episode": 99,
        "current_state": "S1",
        "current_action": "A1",
        "td_delta": -0.005495563195434983,
        "q_table": {
            "S0": {
                "A0": 20.298493210286864,
                "A1": 18.414809776615257
            },
            "S1": {
                "A0": 18.477515933658477,
                "A1": 20.312888025761005
            }
        }
    },
    {
        "episode": 100,
        "current_state": "S1",
        "current_action": "A1",
        "td_delta": -0.007655898629639779,
        "q_table": {
            "S0": {
                "A0": 20.297967755464505,
                "A1": 18.414809776615257
            },
            "S1": {
                "A0": 18.477515933658477,
                "A1": 20.314008972555623
            }
        }
    },
    {
        "episode": 101,
        "current_state": "S0",
        "current_action": "A0",
        "td_delta": 0.0014185876557952781,
        "q_table": {
            "S0": {
                "A0": 20.291722005866834,
                "A1": 18.414809776615257
            },
            "S1": {
                "A0": 18.477515933658477,
                "A1": 20.305096107126037
            }
        }
    },
    {
        "episode": 102,
        "current_state": "S0",
        "current_action": "A0",
        "td_delta": -0.011425092951263593,
        "q_table": {
            "S0": {
                "A0": 20.28608982914933,
                "A1": 18.414809776615257
            },
            "S1": {
                "A0": 18.477515933658477,
                "A1": 20.302246920782583
            }
        }
    },
    {
        "episode": 103,
        "current_state": "S1",
        "current_action": "A1",
        "td_delta": -0.002413477940386599,
        "q_table": {
            "S0": {
                "A0": 20.280131883330714,
                "A1": 18.414809776615257
            },
            "S1": {
                "A0": 18.477515933658477,
                "A1": 20.292886602481456
            }
        }
    },
    {
        "episode": 104,
        "current_state": "S0",
        "current_action": "A0",
        "td_delta": 0.0018713955270257543,
        "q_table": {
            "S0": {
                "A0": 20.282616509129525,
                "A1": 18.414809776615257
            },
            "S1": {
                "A0": 18.477515933658477,
                "A1": 20.29582330659571
            }
        }
    },
    {
        "episode": 105,
        "current_state": "S1",
        "current_action": "A1",
        "td_delta": 0.008290390874030606,
        "q_table": {
            "S0": {
                "A0": 20.28088525679138,
                "A1": 18.414809776615257
            },
            "S1": {
                "A0": 18.477515933658477,
                "A1": 20.297652442691437
            }
        }
    },
    {
        "episode": 106,
        "current_state": "S0",
        "current_action": "A0",
        "td_delta": -0.011208397014083715,
        "q_table": {
            "S0": {
                "A0": 20.275561833159173,
                "A1": 18.414809776615257
            },
            "S1": {
                "A0": 18.477515933658477,
                "A1": 20.293025178304337
            }
        }
    },
    {
        "episode": 107,
        "current_state": "S0",
        "current_action": "A0",
        "td_delta": -0.010207482336273443,
        "q_table": {
            "S0": {
                "A0": 20.2812881191553,
                "A1": 18.414809776615257
            },
            "S1": {
                "A0": 18.477515933658477,
                "A1": 20.297252535512293
            }
        }
    },
    {
        "episode": 108,
        "current_state": "S0",
        "current_action": "A0",
        "td_delta": 0.00754621564617608,
        "q_table": {
            "S0": {
                "A0": 20.285356685557154,
                "A1": 18.414809776615257
            },
            "S1": {
                "A0": 18.477515933658477,
                "A1": 20.30635157896806
            }
        }
    },
    {
        "episode": 109,
        "current_state": "S1",
        "current_action": "A1",
        "td_delta": 0.010190384389495932,
        "q_table": {
            "S0": {
                "A0": 20.280792033509865,
                "A1": 18.414809776615257
            },
            "S1": {
                "A0": 18.477515933658477,
                "A1": 20.29715371673968
            }
        }
    },
    {
        "episode": 110,
        "current_state": "S0",
        "current_action": "A0",
        "td_delta": 0.00583837541738319,
        "q_table": {
            "S0": {
                "A0": 20.276915884928265,
                "A1": 18.414809776615257
            },
            "S1": {
                "A0": 18.477515933658477,
                "A1": 20.29435812926774
            }
        }
    },
    {
        "episode": 111,
        "current_state": "S0",
        "current_action": "A0",
        "td_delta": 0.003052838859385787,
        "q_table": {
            "S0": {
                "A0": 20.271753594412527,
                "A1": 18.414809776615257
            },
            "S1": {
                "A0": 18.477515933658477,
                "A1": 20.287085776784153
            }
        }
    },
    {
        "episode": 112,
        "current_state": "S0",
        "current_action": "A0",
        "td_delta": 0.0073324312713296536,
        "q_table": {
            "S0": {
                "A0": 20.268568157808296,
                "A1": 18.414809776615257
            },
            "S1": {
                "A0": 18.477515933658477,
                "A1": 20.2861460153313
            }
        }
    },
    {
        "episode": 113,
        "current_state": "S0",
        "current_action": "A0",
        "td_delta": 0.0029796577451612904,
        "q_table": {
            "S0": {
                "A0": 20.26643536714642,
                "A1": 18.414809776615257
            },
            "S1": {
                "A0": 18.477515933658477,
                "A1": 20.280798092239458
            }
        }
    },
    {
        "episode": 114,
        "current_state": "S1",
        "current_action": "A1",
        "td_delta": 0.00877563326626074,
        "q_table": {
            "S0": {
                "A0": 20.2618544462422,
                "A1": 18.414809776615257
            },
            "S1": {
                "A0": 18.477515933658477,
                "A1": 20.27624579366443
            }
        }
    },
    {
        "episode": 115,
        "current_state": "S1",
        "current_action": "A1",
        "td_delta": 0.00967320648336667,
        "q_table": {
            "S0": {
                "A0": 20.252907102890216,
                "A1": 18.414809776615257
            },
            "S1": {
                "A0": 18.477515933658477,
                "A1": 20.272486070305348
            }
        }
    },
    {
        "episode": 116,
        "current_state": "S0",
        "current_action": "A0",
        "td_delta": 0.004626682555464612,
        "q_table": {
            "S0": {
                "A0": 20.248047264950205,
                "A1": 18.414809776615257
            },
            "S1": {
                "A0": 18.477515933658477,
                "A1": 20.26392677256941
            }
        }
    },
    {
        "episode": 117,
        "current_state": "S0",
        "current_action": "A0",
        "td_delta": -0.007941355429217367,
        "q_table": {
            "S0": {
                "A0": 20.24920907491733,
                "A1": 18.414809776615257
            },
            "S1": {
                "A0": 18.477515933658477,
                "A1": 20.262321551128252
            }
        }
    },
    {
        "episode": 118,
        "current_state": "S0",
        "current_action": "A0",
        "td_delta": 0.004763576593255436,
        "q_table": {
            "S0": {
                "A0": 20.25574347415125,
                "A1": 18.414809776615257
            },
            "S1": {
                "A0": 18.477515933658477,
                "A1": 20.269527118181504
            }
        }
    },
    {
        "episode": 119,
        "current_state": "S1",
        "current_action": "A1",
        "td_delta": 0.00893111316547035,
        "q_table": {
            "S0": {
                "A0": 20.258206190915168,
                "A1": 18.414809776615257
            },
            "S1": {
                "A0": 18.477515933658477,
                "A1": 20.272573666652967
            }
        }
    },
    {
        "episode": 120,
        "current_state": "S1",
        "current_action": "A1",
        "td_delta": 0.009841615374714507,
        "q_table": {
            "S0": {
                "A0": 20.25665871587917,
                "A1": 18.414809776615257
            },
            "S1": {
                "A0": 18.477515933658477,
                "A1": 20.271878707281083
            }
        }
    },
    {
        "episode": 121,
        "current_state": "S1",
        "current_action": "A1",
        "td_delta": -0.005144322612409269,
        "q_table": {
            "S0": {
                "A0": 20.26044328935418,
                "A1": 18.414809776615257
            },
            "S1": {
                "A0": 18.477515933658477,
                "A1": 20.276421973900646
            }
        }
    },
    {
        "episode": 122,
        "current_state": "S0",
        "current_action": "A0",
        "td_delta": 0.004323044797168052,
        "q_table": {
            "S0": {
                "A0": 20.262136802847934,
                "A1": 18.414809776615257
            },
            "S1": {
                "A0": 18.477515933658477,
                "A1": 20.27753271284801
            }
        }
    },
    {
        "episode": 123,
        "current_state": "S1",
        "current_action": "A1",
        "td_delta": -0.003651212929476344,
        "q_table": {
            "S0": {
                "A0": 20.26195128170776,
                "A1": 18.414809776615257
            },
            "S1": {
                "A0": 18.477515933658477,
                "A1": 20.275451483903552
            }
        }
    },
    {
        "episode": 124,
        "current_state": "S1",
        "current_action": "A1",
        "td_delta": 0.008083809179545653,
        "q_table": {
            "S0": {
                "A0": 20.260995994684116,
                "A1": 18.414809776615257
            },
            "S1": {
                "A0": 18.477515933658477,
                "A1": 20.273077739740792
            }
        }
    },
    {
        "episode": 125,
        "current_state": "S1",
        "current_action": "A1",
        "td_delta": -0.0013675151829453114,
        "q_table": {
            "S0": {
                "A0": 20.259761332199638,
                "A1": 18.414809776615257
            },
            "S1": {
                "A0": 18.477515933658477,
                "A1": 20.26903568223453
            }
        }
    },
    {
        "episode": 126,
        "current_state": "S1",
        "current_action": "A1",
        "td_delta": -0.0031800991863875083,
        "q_table": {
            "S0": {
                "A0": 20.257423756964027,
                "A1": 18.414809776615257
            },
            "S1": {
                "A0": 18.477515933658477,
                "A1": 20.270095815200875
            }
        }
    },
    {
        "episode": 127,
        "current_state": "S0",
        "current_action": "A0",
        "td_delta": -0.005399825875528563,
        "q_table": {
            "S0": {
                "A0": 20.26471057265747,
                "A1": 18.414809776615257
            },
            "S1": {
                "A0": 18.477515933658477,
                "A1": 20.273964662009135
            }
        }
    },
    {
        "episode": 128,
        "current_state": "S0",
        "current_action": "A0",
        "td_delta": 0.0014460581526307692,
        "q_table": {
            "S0": {
                "A0": 20.268768051909586,
                "A1": 18.414809776615257
            },
            "S1": {
                "A0": 18.477515933658477,
                "A1": 20.276847777612435
            }
        }
    },
    {
        "episode": 129,
        "current_state": "S0",
        "current_action": "A0",
        "td_delta": -0.006231095726338509,
        "q_table": {
            "S0": {
                "A0": 20.264590596238218,
                "A1": 18.414809776615257
            },
            "S1": {
                "A0": 18.477515933658477,
                "A1": 20.274067315970353
            }
        }
    },
    {
        "episode": 130,
        "current_state": "S1",
        "current_action": "A1",
        "td_delta": 0.005144399497972074,
        "q_table": {
            "S0": {
                "A0": 20.266122945690604,
                "A1": 18.414809776615257
            },
            "S1": {
                "A0": 18.477515933658477,
                "A1": 20.273729889999213
            }
        }
    },
    {
        "episode": 131,
        "current_state": "S1",
        "current_action": "A1",
        "td_delta": -0.0013823789950819787,
        "q_table": {
            "S0": {
                "A0": 20.266663518211715,
                "A1": 18.414809776615257
            },
            "S1": {
                "A0": 18.477515933658477,
                "A1": 20.273533536185365
            }
        }
    },
    {
        "episode": 132,
        "current_state": "S0",
        "current_action": "A0",
        "td_delta": -0.005134310233803063,
        "q_table": {
            "S0": {
                "A0": 20.26363465744513,
                "A1": 18.414809776615257
            },
            "S1": {
                "A0": 18.477515933658477,
                "A1": 20.272402564324146
            }
        }
    },
    {
        "episode": 133,
        "current_state": "S0",
        "current_action": "A0",
        "td_delta": 0.002410971100132997,
        "q_table": {
            "S0": {
                "A0": 20.265850483925274,
                "A1": 18.414809776615257
            },
            "S1": {
                "A0": 18.477515933658477,
                "A1": 20.274603050556394
            }
        }
    },
    {
        "episode": 134,
        "current_state": "S0",
        "current_action": "A0",
        "td_delta": 0.0017032255445137423,
        "q_table": {
            "S0": {
                "A0": 20.26524788105629,
                "A1": 18.414809776615257
            },
            "S1": {
                "A0": 18.477515933658477,
                "A1": 20.272642781804915
            }
        }
    },
    {
        "episode": 135,
        "current_state": "S0",
        "current_action": "A0",
        "td_delta": 0.0011109908825837067,
        "q_table": {
            "S0": {
                "A0": 20.265925346361325,
                "A1": 18.414809776615257
            },
            "S1": {
                "A0": 18.477515933658477,
                "A1": 20.27307202888502
            }
        }
    },
    {
        "episode": 136,
        "current_state": "S0",
        "current_action": "A0",
        "td_delta": -0.0036270567505134466,
        "q_table": {
            "S0": {
                "A0": 20.267210205339453,
                "A1": 18.414809776615257
            },
            "S1": {
                "A0": 18.477515933658477,
                "A1": 20.274443056367932
            }
        }
    },
    {
        "episode": 137,
        "current_state": "S1",
        "current_action": "A1",
        "td_delta": -0.0024148821699654377,
        "q_table": {
            "S0": {
                "A0": 20.268818134913793,
                "A1": 18.414809776615257
            },
            "S1": {
                "A0": 18.477515933658477,
                "A1": 20.276076929903635
            }
        }
    },
    {
        "episode": 138,
        "current_state": "S0",
        "current_action": "A0",
        "td_delta": 0.0011161321922799061,
        "q_table": {
            "S0": {
                "A0": 20.270914546911524,
                "A1": 18.414809776615257
            },
            "S1": {
                "A0": 18.477515933658477,
                "A1": 20.27650040443062
            }
        }
    },
    {
        "episode": 139,
        "current_state": "S0",
        "current_action": "A0",
        "td_delta": 0.0022690511592173834,
        "q_table": {
            "S0": {
                "A0": 20.268279944697362,
                "A1": 18.414809776615257
            },
            "S1": {
                "A0": 18.477515933658477,
                "A1": 20.274716092124045
            }
        }
    },
    {
        "episode": 140,
        "current_state": "S1",
        "current_action": "A1",
        "td_delta": -0.0008715566134505082,
        "q_table": {
            "S0": {
                "A0": 20.271757202779533,
                "A1": 18.414809776615257
            },
            "S1": {
                "A0": 18.477515933658477,
                "A1": 20.27683545912578
            }
        }
    },
    {
        "episode": 141,
        "current_state": "S0",
        "current_action": "A0",
        "td_delta": -0.0011518654268911632,
        "q_table": {
            "S0": {
                "A0": 20.27487544868492,
                "A1": 18.414809776615257
            },
            "S1": {
                "A0": 18.477515933658477,
                "A1": 20.278544001015856
            }
        }
    },
    {
        "episode": 142,
        "current_state": "S0",
        "current_action": "A0",
        "td_delta": 0.002087471658548168,
        "q_table": {
            "S0": {
                "A0": 20.280039199242673,
                "A1": 18.414809776615257
            },
            "S1": {
                "A0": 18.477515933658477,
                "A1": 20.284216163309083
            }
        }
    },
    {
        "episode": 143,
        "current_state": "S0",
        "current_action": "A0",
        "td_delta": 0.0019181858187025114,
        "q_table": {
            "S0": {
                "A0": 20.284405024510487,
                "A1": 18.414809776615257
            },
            "S1": {
                "A0": 18.477515933658477,
                "A1": 20.288853689060584
            }
        }
    },
    {
        "episode": 144,
        "current_state": "S0",
        "current_action": "A0",
        "td_delta": -0.0031244782311432573,
        "q_table": {
            "S0": {
                "A0": 20.287762857623207,
                "A1": 18.414809776615257
            },
            "S1": {
                "A0": 18.477515933658477,
                "A1": 20.293687439945952
            }
        }
    },
    {
        "episode": 145,
        "current_state": "S0",
        "current_action": "A0",
        "td_delta": 0.0015440906788626307,
        "q_table": {
            "S0": {
                "A0": 20.291585170719245,
                "A1": 18.414809776615257
            },
            "S1": {
                "A0": 18.477515933658477,
                "A1": 20.296378075443382
            }
        }
    },
    {
        "episode": 146,
        "current_state": "S0",
        "current_action": "A0",
        "td_delta": -0.0017955669447644595,
        "q_table": {
            "S0": {
                "A0": 20.29464641438014,
                "A1": 18.414809776615257
            },
            "S1": {
                "A0": 18.477515933658477,
                "A1": 20.298648050427033
            }
        }
    },
    {
        "episode": 147,
        "current_state": "S0",
        "current_action": "A0",
        "td_delta": 0.0016554076524890604,
        "q_table": {
            "S0": {
                "A0": 20.297457770861744,
                "A1": 18.414809776615257
            },
            "S1": {
                "A0": 18.477515933658477,
                "A1": 20.301236862379792
            }
        }
    },
    {
        "episode": 148,
        "current_state": "S0",
        "current_action": "A0",
        "td_delta": 0.0012312698805736488,
        "q_table": {
            "S0": {
                "A0": 20.29798683287899,
                "A1": 18.414809776615257
            },
            "S1": {
                "A0": 18.477515933658477,
                "A1": 20.301324158690825
            }
        }
    },
    {
        "episode": 149,
        "current_state": "S0",
        "current_action": "A0",
        "td_delta": 0.0014057494810693072,
        "q_table": {
            "S0": {
                "A0": 20.296854310208012,
                "A1": 18.414809776615257
            },
            "S1": {
                "A0": 18.477515933658477,
                "A1": 20.30113438981928
            }
        }
    },
    {
        "episode": 150,
        "current_state": "S0",
        "current_action": "A0",
        "td_delta": 0.0012950268291369582,
        "q_table": {
            "S0": {
                "A0": 20.29528146460042,
                "A1": 18.414809776615257
            },
            "S1": {
                "A0": 18.477515933658477,
                "A1": 20.299832751616776
            }
        }
    },
    {
        "episode": 151,
        "current_state": "S1",
        "current_action": "A1",
        "td_delta": 0.0023616862300137598,
        "q_table": {
            "S0": {
                "A0": 20.293511416707194,
                "A1": 18.414809776615257
            },
            "S1": {
                "A0": 18.477515933658477,
                "A1": 20.298419062758196
            }
        }
    },
    {
        "episode": 152,
        "current_state": "S1",
        "current_action": "A1",
        "td_delta": -0.00042353622243140876,
        "q_table": {
            "S0": {
                "A0": 20.292496220920256,
                "A1": 18.414809776615257
            },
            "S1": {
                "A0": 18.477515933658477,
                "A1": 20.295009869488247
            }
        }
    },
    {
        "episode": 153,
        "current_state": "S0",
        "current_action": "A0",
        "td_delta": 0.0016782874511278578,
        "q_table": {
            "S0": {
                "A0": 20.29592742879901,
                "A1": 18.414809776615257
            },
            "S1": {
                "A0": 18.477515933658477,
                "A1": 20.29768292749328
            }
        }
    },
    {
        "episode": 154,
        "current_state": "S0",
        "current_action": "A0",
        "td_delta": 0.002057037245016602,
        "q_table": {
            "S0": {
                "A0": 20.299721116025545,
                "A1": 18.414809776615257
            },
            "S1": {
                "A0": 18.477515933658477,
                "A1": 20.302047056218672
            }
        }
    },
    {
        "episode": 155,
        "current_state": "S1",
        "current_action": "A1",
        "td_delta": 0.0002466822719568995,
        "q_table": {
            "S0": {
                "A0": 20.30441227566597,
                "A1": 18.414809776615257
            },
            "S1": {
                "A0": 18.477515933658477,
                "A1": 20.307253220272433
            }
        }
    },
    {
        "episode": 156,
        "current_state": "S0",
        "current_action": "A0",
        "td_delta": 0.001648261199271417,
        "q_table": {
            "S0": {
                "A0": 20.306338664242226,
                "A1": 18.414809776615257
            },
            "S1": {
                "A0": 18.477515933658477,
                "A1": 20.310451719405116
            }
        }
    },
    {
        "episode": 157,
        "current_state": "S1",
        "current_action": "A1",
        "td_delta": -0.0010368053263540844,
        "q_table": {
            "S0": {
                "A0": 20.306468028947183,
                "A1": 18.414809776615257
            },
            "S1": {
                "A0": 18.477515933658477,
                "A1": 20.31120562523325
            }
        }
    },
    {
        "episode": 158,
        "current_state": "S1",
        "current_action": "A1",
        "td_delta": 0.0025194327415505313,
        "q_table": {
            "S0": {
                "A0": 20.3056165089066,
                "A1": 18.414809776615257
            },
            "S1": {
                "A0": 18.477515933658477,
                "A1": 20.310705975679756
            }
        }
    },
    {
        "episode": 159,
        "current_state": "S1",
        "current_action": "A1",
        "td_delta": -0.0015562467021332793,
        "q_table": {
            "S0": {
                "A0": 20.301936276824918,
                "A1": 18.414809776615257
            },
            "S1": {
                "A0": 18.477515933658477,
                "A1": 20.30609558254516
            }
        }
    },
    {
        "episode": 160,
        "current_state": "S1",
        "current_action": "A1",
        "td_delta": -0.0017338732536664736,
        "q_table": {
            "S0": {
                "A0": 20.29876321313444,
                "A1": 18.414809776615257
            },
            "S1": {
                "A0": 18.477515933658477,
                "A1": 20.30355330395267
            }
        }
    },
    {
        "episode": 161,
        "current_state": "S0",
        "current_action": "A0",
        "td_delta": 0.001368606861699817,
        "q_table": {
            "S0": {
                "A0": 20.29641694050197,
                "A1": 18.414809776615257
            },
            "S1": {
                "A0": 18.477515933658477,
                "A1": 20.3025561545761
            }
        }
    },
    {
        "episode": 162,
        "current_state": "S1",
        "current_action": "A1",
        "td_delta": -0.002747022781292685,
        "q_table": {
            "S0": {
                "A0": 20.293974764359245,
                "A1": 18.414809776615257
            },
            "S1": {
                "A0": 18.477515933658477,
                "A1": 20.300070810471237
            }
        }
    },
    {
        "episode": 163,
        "current_state": "S0",
        "current_action": "A0",
        "td_delta": 0.00011028286326109082,
        "q_table": {
            "S0": {
                "A0": 20.290128472768814,
                "A1": 18.414809776615257
            },
            "S1": {
                "A0": 18.477515933658477,
                "A1": 20.295817114969662
            }
        }
    },
    {
        "episode": 164,
        "current_state": "S1",
        "current_action": "A1",
        "td_delta": -0.0016830373486165229,
        "q_table": {
            "S0": {
                "A0": 20.284452829084113,
                "A1": 18.414809776615257
            },
            "S1": {
                "A0": 18.477515933658477,
                "A1": 20.290448021788954
            }
        }
    },
    {
        "episode": 165,
        "current_state": "S0",
        "current_action": "A0",
        "td_delta": -0.004566374209321822,
        "q_table": {
            "S0": {
                "A0": 20.282537158303597,
                "A1": 18.414809776615257
            },
            "S1": {
                "A0": 18.477515933658477,
                "A1": 20.289976613615952
            }
        }
    },
    {
        "episode": 166,
        "current_state": "S1",
        "current_action": "A1",
        "td_delta": 0.004262997392057599,
        "q_table": {
            "S0": {
                "A0": 20.281508846917006,
                "A1": 18.414809776615257
            },
            "S1": {
                "A0": 18.477515933658477,
                "A1": 20.288221328588712
            }
        }
    },
    {
        "episode": 167,
        "current_state": "S1",
        "current_action": "A1",
        "td_delta": -0.0018535337152094655,
        "q_table": {
            "S0": {
                "A0": 20.282474080449717,
                "A1": 18.414809776615257
            },
            "S1": {
                "A0": 18.477515933658477,
                "A1": 20.28920138053243
            }
        }
    },
    {
        "episode": 168,
        "current_state": "S1",
        "current_action": "A1",
        "td_delta": -0.0012056498903127988,
        "q_table": {
            "S0": {
                "A0": 20.28443706288053,
                "A1": 18.414809776615257
            },
            "S1": {
                "A0": 18.477515933658477,
                "A1": 20.289748298561168
            }
        }
    },
    {
        "episode": 169,
        "current_state": "S1",
        "current_action": "A1",
        "td_delta": -0.0024623024389498482,
        "q_table": {
            "S0": {
                "A0": 20.287327947952186,
                "A1": 18.414809776615257
            },
            "S1": {
                "A0": 18.477515933658477,
                "A1": 20.294786260168436
            }
        }
    },
    {
        "episode": 170,
        "current_state": "S0",
        "current_action": "A0",
        "td_delta": -0.003893052645501882,
        "q_table": {
            "S0": {
                "A0": 20.28806276075919,
                "A1": 18.414809776615257
            },
            "S1": {
                "A0": 18.477515933658477,
                "A1": 20.295530035894256
            }
        }
    },
    {
        "episode": 171,
        "current_state": "S0",
        "current_action": "A0",
        "td_delta": 0.0027707562268091124,
        "q_table": {
            "S0": {
                "A0": 20.291677074643555,
                "A1": 18.414809776615257
            },
            "S1": {
                "A0": 18.477515933658477,
                "A1": 20.298625346816728
            }
        }
    },
    {
        "episode": 172,
        "current_state": "S1",
        "current_action": "A1",
        "td_delta": -0.0001032454462794874,
        "q_table": {
            "S0": {
                "A0": 20.296373500110985,
                "A1": 18.414809776615257
            },
            "S1": {
                "A0": 18.477515933658477,
                "A1": 20.302107558137212
            }
        }
    },
    {
        "episode": 173,
        "current_state": "S1",
        "current_action": "A1",
        "td_delta": -0.0010311612015883043,
        "q_table": {
            "S0": {
                "A0": 20.30078335426392,
                "A1": 18.414809776615257
            },
            "S1": {
                "A0": 18.477515933658477,
                "A1": 20.30815889013684
            }
        }
    },
    {
        "episode": 174,
        "current_state": "S1",
        "current_action": "A1",
        "td_delta": -0.0013608976032450926,
        "q_table": {
            "S0": {
                "A0": 20.306080090175982,
                "A1": 18.414809776615257
            },
            "S1": {
                "A0": 18.477515933658477,
                "A1": 20.31211720632887
            }
        }
    },
    {
        "episode": 175,
        "current_state": "S0",
        "current_action": "A0",
        "td_delta": 0.002274846922261986,
        "q_table": {
            "S0": {
                "A0": 20.306923993328205,
                "A1": 18.414809776615257
            },
            "S1": {
                "A0": 18.477515933658477,
                "A1": 20.31496216713374
            }
        }
    },
    {
        "episode": 176,
        "current_state": "S0",
        "current_action": "A0",
        "td_delta": 0.0034308465988530656,
        "q_table": {
            "S0": {
                "A0": 20.30636802093614,
                "A1": 18.414809776615257
            },
            "S1": {
                "A0": 18.477515933658477,
                "A1": 20.315675635413385
            }
        }
    },
    {
        "episode": 177,
        "current_state": "S1",
        "current_action": "A1",
        "td_delta": -0.002786330832918793,
        "q_table": {
            "S0": {
                "A0": 20.30697175011482,
                "A1": 18.414809776615257
            },
            "S1": {
                "A0": 18.477515933658477,
                "A1": 20.31423415587591
            }
        }
    },
    {
        "episode": 178,
        "current_state": "S0",
        "current_action": "A0",
        "td_delta": 0.0010271314918419705,
        "q_table": {
            "S0": {
                "A0": 20.306006851164135,
                "A1": 18.414809776615257
            },
            "S1": {
                "A0": 18.477515933658477,
                "A1": 20.3119166913526
            }
        }
    },
    {
        "episode": 179,
        "current_state": "S1",
        "current_action": "A1",
        "td_delta": -0.0004653047521507858,
        "q_table": {
            "S0": {
                "A0": 20.30800506512392,
                "A1": 18.414809776615257
            },
            "S1": {
                "A0": 18.477515933658477,
                "A1": 20.312991119122053
            }
        }
    },
    {
        "episode": 180,
        "current_state": "S1",
        "current_action": "A1",
        "td_delta": -0.0015243098495396623,
        "q_table": {
            "S0": {
                "A0": 20.31041535738783,
                "A1": 18.414809776615257
            },
            "S1": {
                "A0": 18.477515933658477,
                "A1": 20.31621662982257
            }
        }
    },
    {
        "episode": 181,
        "current_state": "S1",
        "current_action": "A1",
        "td_delta": -0.0020401877351510223,
        "q_table": {
            "S0": {
                "A0": 20.308823391295775,
                "A1": 18.414809776615257
            },
            "S1": {
                "A0": 18.477515933658477,
                "A1": 20.31421407387247
            }
        }
    },
    {
        "episode": 182,
        "current_state": "S0",
        "current_action": "A0",
        "td_delta": -0.003035513884693586,
        "q_table": {
            "S0": {
                "A0": 20.308549398133405,
                "A1": 18.414809776615257
            },
            "S1": {
                "A0": 18.477515933658477,
                "A1": 20.313187534743925
            }
        }
    },
    {
        "episode": 183,
        "current_state": "S1",
        "current_action": "A1",
        "td_delta": 0.0035542339663301448,
        "q_table": {
            "S0": {
                "A0": 20.3096478101617,
                "A1": 18.414809776615257
            },
            "S1": {
                "A0": 18.477515933658477,
                "A1": 20.31536135814201
            }
        }
    },
    {
        "episode": 184,
        "current_state": "S1",
        "current_action": "A1",
        "td_delta": 0.0034225004726273767,
        "q_table": {
            "S0": {
                "A0": 20.312301912404962,
                "A1": 18.414809776615257
            },
            "S1": {
                "A0": 18.477515933658477,
                "A1": 20.316832347426356
            }
        }
    },
    {
        "episode": 185,
        "current_state": "S1",
        "current_action": "A1",
        "td_delta": 0.0024859346939365423,
        "q_table": {
            "S0": {
                "A0": 20.311860735257827,
                "A1": 18.414809776615257
            },
            "S1": {
                "A0": 18.477515933658477,
                "A1": 20.316335754355947
            }
        }
    },
    {
        "episode": 186,
        "current_state": "S0",
        "current_action": "A0",
        "td_delta": -0.0023745604122495934,
        "q_table": {
            "S0": {
                "A0": 20.312159038319724,
                "A1": 18.414809776615257
            },
            "S1": {
                "A0": 18.477515933658477,
                "A1": 20.316648601080892
            }
        }
    },
    {
        "episode": 187,
        "current_state": "S0",
        "current_action": "A0",
        "td_delta": 0.0011751467285421313,
        "q_table": {
            "S0": {
                "A0": 20.314637353899915,
                "A1": 18.414809776615257
            },
            "S1": {
                "A0": 18.477515933658477,
                "A1": 20.31739548273209
            }
        }
    },
    {
        "episode": 188,
        "current_state": "S0",
        "current_action": "A0",
        "td_delta": 0.0011183560663781122,
        "q_table": {
            "S0": {
                "A0": 20.31789548568975,
                "A1": 18.414809776615257
            },
            "S1": {
                "A0": 18.477515933658477,
                "A1": 20.32043636493541
            }
        }
    },
    {
        "episode": 189,
        "current_state": "S0",
        "current_action": "A0",
        "td_delta": -0.0023309904108899104,
        "q_table": {
            "S0": {
                "A0": 20.31905087231748,
                "A1": 18.414809776615257
            },
            "S1": {
                "A0": 18.477515933658477,
                "A1": 20.322646633910857
            }
        }
    },
    {
        "episode": 190,
        "current_state": "S0",
        "current_action": "A0",
        "td_delta": 0.0005450270605749097,
        "q_table": {
            "S0": {
                "A0": 20.316780786949032,
                "A1": 18.414809776615257
            },
            "S1": {
                "A0": 18.477515933658477,
                "A1": 20.32114263746182
            }
        }
    },
    {
        "episode": 191,
        "current_state": "S0",
        "current_action": "A0",
        "td_delta": -0.003481240813229647,
        "q_table": {
            "S0": {
                "A0": 20.3130008866784,
                "A1": 18.414809776615257
            },
            "S1": {
                "A0": 18.477515933658477,
                "A1": 20.316998181611293
            }
        }
    },
    {
        "episode": 192,
        "current_state": "S1",
        "current_action": "A1",
        "td_delta": -0.0017102017251069412,
        "q_table": {
            "S0": {
                "A0": 20.3095868329419,
                "A1": 18.414809776615257
            },
            "S1": {
                "A0": 18.477515933658477,
                "A1": 20.313381915428863
            }
        }
    },
    {
        "episode": 193,
        "current_state": "S0",
        "current_action": "A0",
        "td_delta": 0.0015296253656806869,
        "q_table": {
            "S0": {
                "A0": 20.30959451782965,
                "A1": 18.414809776615257
            },
            "S1": {
                "A0": 18.477515933658477,
                "A1": 20.312906245460255
            }
        }
    },
    {
        "episode": 194,
        "current_state": "S0",
        "current_action": "A0",
        "td_delta": -0.001630781791568836,
        "q_table": {
            "S0": {
                "A0": 20.31222305782039,
                "A1": 18.414809776615257
            },
            "S1": {
                "A0": 18.477515933658477,
                "A1": 20.314924028089344
            }
        }
    },
    {
        "episode": 195,
        "current_state": "S0",
        "current_action": "A0",
        "td_delta": 0.0010993783970434379,
        "q_table": {
            "S0": {
                "A0": 20.3135634017764,
                "A1": 18.414809776615257
            },
            "S1": {
                "A0": 18.477515933658477,
                "A1": 20.317315858538805
            }
        }
    },
    {
        "episode": 196,
        "current_state": "S0",
        "current_action": "A0",
        "td_delta": 0.002221564319043523,
        "q_table": {
            "S0": {
                "A0": 20.312734173618605,
                "A1": 18.414809776615257
            },
            "S1": {
                "A0": 18.477515933658477,
                "A1": 20.319093227174694
            }
        }
    },
    {
        "episode": 197,
        "current_state": "S1",
        "current_action": "A1",
        "td_delta": 0.0040129935931148,
        "q_table": {
            "S0": {
                "A0": 20.312263660670276,
                "A1": 18.414809776615257
            },
            "S1": {
                "A0": 18.477515933658477,
                "A1": 20.318536317778356
            }
        }
    },
    {
        "episode": 198,
        "current_state": "S1",
        "current_action": "A1",
        "td_delta": -0.0007384300237696095,
        "q_table": {
            "S0": {
                "A0": 20.31317689198052,
                "A1": 18.414809776615257
            },
            "S1": {
                "A0": 18.477515933658477,
                "A1": 20.318604832447125
            }
        }
    },
    {
        "episode": 199,
        "current_state": "S0",
        "current_action": "A0",
        "td_delta": -0.003005547691163457,
        "q_table": {
            "S0": {
                "A0": 20.313889696269992,
                "A1": 18.414809776615257
            },
            "S1": {
                "A0": 18.477515933658477,
                "A1": 20.320244057906066
            }
        }
    }
]