[
    {
        "episode": 0,
        "current_state": "S1",
        "current_action": "A1",
        "td_delta": 1.2873830095612355,
        "q_table": {
            "S0": {
                "A0": 4.37628801083386,
                "A1": 3.6132845216454426
            },
            "S1": {
                "A0": 2.7225952643277895,
                "A1": 4.864884978023617
            }
        }
    },
    {
        "episode": 1,
        "current_state": "S0",
        "current_action": "A0",
        "td_delta": 1.2193275192705961,
        "q_table": {
            "S0": {
                "A0": 8.84405725135077,
                "A1": 7.230661031739669
            },
            "S1": {
                "A0": 7.322565841727638,
                "A1": 8.558635753832771
            }
        }
    },
    {
        "episode": 2,
        "current_state": "S0",
        "current_action": "A0",
        "td_delta": 0.8362804688950138,
        "q_table": {
            "S0": {
                "A0": 11.655054749470478,
                "A1": 10.060018383156914
            },
            "S1": {
                "A0": 9.859429804422767,
                "A1": 11.51176191967396
            }
        }
    },
    {
        "episode": 3,
        "current_state": "S0",
        "current_action": "A1",
        "td_delta": 1.542775202416065,
        "q_table": {
            "S0": {
                "A0": 14.279371103972672,
                "A1": 12.150288010109925
            },
            "S1": {
                "A0": 12.330544624185578,
                "A1": 13.979433490722345
            }
        }
    },
    {
        "episode": 4,
        "current_state": "S1",
        "current_action": "A1",
        "td_delta": 0.3539594135491573,
        "q_table": {
            "S0": {
                "A0": 15.871725386801357,
                "A1": 14.26682685796167
            },
            "S1": {
                "A0": 14.18042874823428,
                "A1": 15.71484470639233
            }
        }
    },
    {
        "episode": 5,
        "current_state": "S1",
        "current_action": "A1",
        "td_delta": 0.3793693212655569,
        "q_table": {
            "S0": {
                "A0": 17.061839267459927,
                "A1": 15.774131773396446
            },
            "S1": {
                "A0": 15.551875028036953,
                "A1": 16.96940192712979
            }
        }
    },
    {
        "episode": 6,
        "current_state": "S1",
        "current_action": "A1",
        "td_delta": 0.24250352996095614,
        "q_table": {
            "S0": {
                "A0": 17.94352996634047,
                "A1": 16.59248485131315
            },
            "S1": {
                "A0": 16.650290724096276,
                "A1": 17.911914816463764
            }
        }
    },
    {
        "episode": 7,
        "current_state": "S0",
        "current_action": "A0",
        "td_delta": 0.07174214245016586,
        "q_table": {
            "S0": {
                "A0": 18.777140836000846,
                "A1": 17.318998140185233
            },
            "S1": {
                "A0": 17.125170964371275,
                "A1": 18.670343171246323
            }
        }
    },
    {
        "episode": 8,
        "current_state": "S0",
        "current_action": "A0",
        "td_delta": 0.12078226344222998,
        "q_table": {
            "S0": {
                "A0": 19.26169277263022,
                "A1": 17.883682425337845
            },
            "S1": {
                "A0": 17.685287891353127,
                "A1": 19.16466585301849
            }
        }
    },
    {
        "episode": 9,
        "current_state": "S0",
        "current_action": "A0",
        "td_delta": 0.07227047090851713,
        "q_table": {
            "S0": {
                "A0": 19.535436306833912,
                "A1": 18.24718705585826
            },
            "S1": {
                "A0": 18.27938835144016,
                "A1": 19.51346857378152
            }
        }
    },
    {
        "episode": 10,
        "current_state": "S1",
        "current_action": "A1",
        "td_delta": 0.041013907844849484,
        "q_table": {
            "S0": {
                "A0": 19.818807554458818,
                "A1": 18.24718705585826
            },
            "S1": {
                "A0": 18.27938835144016,
                "A1": 19.805317214034226
            }
        }
    },
    {
        "episode": 11,
        "current_state": "S0",
        "current_action": "A0",
        "td_delta": 0.017751487490478723,
        "q_table": {
            "S0": {
                "A0": 20.025630299313747,
                "A1": 18.24718705585826
            },
            "S1": {
                "A0": 18.27938835144016,
                "A1": 19.993873945579857
            }
        }
    },
    {
        "episode": 12,
        "current_state": "S1",
        "current_action": "A1",
        "td_delta": 0.028889074973378115,
        "q_table": {
            "S0": {
                "A0": 20.153688114279603,
                "A1": 18.24718705585826
            },
            "S1": {
                "A0": 18.27938835144016,
                "A1": 20.144513286190364
            }
        }
    },
    {
        "episode": 13,
        "current_state": "S0",
        "current_action": "A0",
        "td_delta": -0.0075963338357034615,
        "q_table": {
            "S0": {
                "A0": 20.25324950867649,
                "A1": 18.24718705585826
            },
            "S1": {
                "A0": 18.27938835144016,
                "A1": 20.231106586190634
            }
        }
    },
    {
        "episode": 14,
        "current_state": "S1",
        "current_action": "A1",
        "td_delta": 0.013549357307564236,
        "q_table": {
            "S0": {
                "A0": 20.267860539459022,
                "A1": 18.24718705585826
            },
            "S1": {
                "A0": 18.27938835144016,
                "A1": 20.272511601936152
            }
        }
    },
    {
        "episode": 15,
        "current_state": "S1",
        "current_action": "A1",
        "td_delta": -0.010119510157814204,
        "q_table": {
            "S0": {
                "A0": 20.258746596777396,
                "A1": 18.24718705585826
            },
            "S1": {
                "A0": 18.27938835144016,
                "A1": 20.254794694616105
            }
        }
    },
    {
        "episode": 16,
        "current_state": "S1",
        "current_action": "A1",
        "td_delta": -0.00525837150367181,
        "q_table": {
            "S0": {
                "A0": 20.211151319857443,
                "A1": 18.24718705585826
            },
            "S1": {
                "A0": 18.27938835144016,
                "A1": 20.219980858194056
            }
        }
    },
    {
        "episode": 17,
        "current_state": "S0",
        "current_action": "A0",
        "td_delta": 0.005922386960286019,
        "q_table": {
            "S0": {
                "A0": 20.19859397196811,
                "A1": 18.24718705585826
            },
            "S1": {
                "A0": 18.27938835144016,
                "A1": 20.216689508720396
            }
        }
    },
    {
        "episode": 18,
        "current_state": "S1",
        "current_action": "A1",
        "td_delta": 0.001842678781088125,
        "q_table": {
            "S0": {
                "A0": 20.19211842273938,
                "A1": 18.24718705585826
            },
            "S1": {
                "A0": 18.27938835144016,
                "A1": 20.22846156824932
            }
        }
    },
    {
        "episode": 19,
        "current_state": "S1",
        "current_action": "A1",
        "td_delta": 0.025821791833806174,
        "q_table": {
            "S0": {
                "A0": 20.23205639062176,
                "A1": 18.24718705585826
            },
            "S1": {
                "A0": 18.27938835144016,
                "A1": 20.260900346248466
            }
        }
    },
    {
        "episode": 20,
        "current_state": "S1",
        "current_action": "A1",
        "td_delta": -0.0058205695596562634,
        "q_table": {
            "S0": {
                "A0": 20.265871400556417,
                "A1": 18.24718705585826
            },
            "S1": {
                "A0": 18.27938835144016,
                "A1": 20.283991411426143
            }
        }
    },
    {
        "episode": 21,
        "current_state": "S1",
        "current_action": "A1",
        "td_delta": 0.005097880099626195,
        "q_table": {
            "S0": {
                "A0": 20.295060705683827,
                "A1": 18.24718705585826
            },
            "S1": {
                "A0": 18.27938835144016,
                "A1": 20.300157478073057
            }
        }
    },
    {
        "episode": 22,
        "current_state": "S0",
        "current_action": "A0",
        "td_delta": -0.0001809098715419566,
        "q_table": {
            "S0": {
                "A0": 20.300924570498033,
                "A1": 18.24718705585826
            },
            "S1": {
                "A0": 18.27938835144016,
                "A1": 20.298712708916824
            }
        }
    },
    {
        "episode": 23,
        "current_state": "S1",
        "current_action": "A1",
        "td_delta": 0.004079306761759938,
        "q_table": {
            "S0": {
                "A0": 20.30624934819609,
                "A1": 18.24718705585826
            },
            "S1": {
                "A0": 18.27938835144016,
                "A1": 20.307589735440608
            }
        }
    },
    {
        "episode": 24,
        "current_state": "S1",
        "current_action": "A1",
        "td_delta": 5.6894862403567004e-05,
        "q_table": {
            "S0": {
                "A0": 20.319526004008512,
                "A1": 18.24718705585826
            },
            "S1": {
                "A0": 18.27938835144016,
                "A1": 20.31608744870105
            }
        }
    },
    {
        "episode": 25,
        "current_state": "S1",
        "current_action": "A1",
        "td_delta": 0.004700791899583834,
        "q_table": {
            "S0": {
                "A0": 20.336752900554085,
                "A1": 18.24718705585826
            },
            "S1": {
                "A0": 18.27938835144016,
                "A1": 20.337001782726297
            }
        }
    },
    {
        "episode": 26,
        "current_state": "S1",
        "current_action": "A1",
        "td_delta": 0.003342073948061852,
        "q_table": {
            "S0": {
                "A0": 20.35864213058197,
                "A1": 18.24718705585826
            },
            "S1": {
                "A0": 18.27938835144016,
                "A1": 20.36183299863962
            }
        }
    },
    {
        "episode": 27,
        "current_state": "S1",
        "current_action": "A1",
        "td_delta": -0.00018297174422343687,
        "q_table": {
            "S0": {
                "A0": 20.370518730943083,
                "A1": 18.24718705585826
            },
            "S1": {
                "A0": 18.27938835144016,
                "A1": 20.378221561783917
            }
        }
    },
    {
        "episode": 28,
        "current_state": "S1",
        "current_action": "A1",
        "td_delta": -0.0011252806226025314,
        "q_table": {
            "S0": {
                "A0": 20.379403441929757,
                "A1": 18.24718705585826
            },
            "S1": {
                "A0": 18.27938835144016,
                "A1": 20.387598802955033
            }
        }
    },
    {
        "episode": 29,
        "current_state": "S1",
        "current_action": "A1",
        "td_delta": -0.006412604332201255,
        "q_table": {
            "S0": {
                "A0": 20.36043115764997,
                "A1": 18.24718705585826
            },
            "S1": {
                "A0": 18.27938835144016,
                "A1": 20.373591107793867
            }
        }
    },
    {
        "episode": 30,
        "current_state": "S0",
        "current_action": "A0",
        "td_delta": 0.0029881678973247006,
        "q_table": {
            "S0": {
                "A0": 20.33286201478295,
                "A1": 18.24718705585826
            },
            "S1": {
                "A0": 18.27938835144016,
                "A1": 20.348759576620697
            }
        }
    },
    {
        "episode": 31,
        "current_state": "S0",
        "current_action": "A0",
        "td_delta": 0.003858465004736189,
        "q_table": {
            "S0": {
                "A0": 20.330545146700324,
                "A1": 18.24718705585826
            },
            "S1": {
                "A0": 18.27938835144016,
                "A1": 20.346624502249764
            }
        }
    },
    {
        "episode": 32,
        "current_state": "S0",
        "current_action": "A0",
        "td_delta": 0.003976078544464912,
        "q_table": {
            "S0": {
                "A0": 20.32343406887021,
                "A1": 18.24718705585826
            },
            "S1": {
                "A0": 18.27938835144016,
                "A1": 20.338128799195374
            }
        }
    },
    {
        "episode": 33,
        "current_state": "S0",
        "current_action": "A0",
        "td_delta": 0.0061712302869807445,
        "q_table": {
            "S0": {
                "A0": 20.32546413882509,
                "A1": 18.24718705585826
            },
            "S1": {
                "A0": 18.27938835144016,
                "A1": 20.342480013215088
            }
        }
    },
    {
        "episode": 34,
        "current_state": "S1",
        "current_action": "A1",
        "td_delta": 0.009581519496254742,
        "q_table": {
            "S0": {
                "A0": 20.322240326796347,
                "A1": 18.24718705585826
            },
            "S1": {
                "A0": 18.27938835144016,
                "A1": 20.338669705063463
            }
        }
    },
    {
        "episode": 35,
        "current_state": "S1",
        "current_action": "A1",
        "td_delta": -0.0070568892402640415,
        "q_table": {
            "S0": {
                "A0": 20.309775268500832,
                "A1": 18.24718705585826
            },
            "S1": {
                "A0": 18.27938835144016,
                "A1": 20.332240652770984
            }
        }
    },
    {
        "episode": 36,
        "current_state": "S0",
        "current_action": "A0",
        "td_delta": 0.004656246874404246,
        "q_table": {
            "S0": {
                "A0": 20.310887802167777,
                "A1": 18.24718705585826
            },
            "S1": {
                "A0": 18.27938835144016,
                "A1": 20.3304214840686
            }
        }
    },
    {
        "episode": 37,
        "current_state": "S0",
        "current_action": "A0",
        "td_delta": -0.013746015266196565,
        "q_table": {
            "S0": {
                "A0": 20.315405700272503,
                "A1": 18.24718705585826
            },
            "S1": {
                "A0": 18.27938835144016,
                "A1": 20.344283043973867
            }
        }
    },
    {
        "episode": 38,
        "current_state": "S0",
        "current_action": "A0",
        "td_delta": 0.015814159913293935,
        "q_table": {
            "S0": {
                "A0": 20.329726331054076,
                "A1": 18.24718705585826
            },
            "S1": {
                "A0": 18.27938835144016,
                "A1": 20.36439809840292
            }
        }
    },
    {
        "episode": 39,
        "current_state": "S0",
        "current_action": "A0",
        "td_delta": 0.007801528779424416,
        "q_table": {
            "S0": {
                "A0": 20.342598305113977,
                "A1": 18.24718705585826
            },
            "S1": {
                "A0": 18.27938835144016,
                "A1": 20.37073804314716
            }
        }
    },
    {
        "episode": 40,
        "current_state": "S1",
        "current_action": "A1",
        "td_delta": -0.0034524370108002245,
        "q_table": {
            "S0": {
                "A0": 20.35031044950328,
                "A1": 18.24718705585826
            },
            "S1": {
                "A0": 18.27938835144016,
                "A1": 20.3745786498038
            }
        }
    },
    {
        "episode": 41,
        "current_state": "S1",
        "current_action": "A1",
        "td_delta": 0.015704100457323733,
        "q_table": {
            "S0": {
                "A0": 20.35369231116894,
                "A1": 18.24718705585826
            },
            "S1": {
                "A0": 18.27938835144016,
                "A1": 20.381141691383398
            }
        }
    },
    {
        "episode": 42,
        "current_state": "S0",
        "current_action": "A0",
        "td_delta": 0.011223333192802443,
        "q_table": {
            "S0": {
                "A0": 20.33817965766682,
                "A1": 18.24718705585826
            },
            "S1": {
                "A0": 18.27938835144016,
                "A1": 20.369563703117215
            }
        }
    },
    {
        "episode": 43,
        "current_state": "S0",
        "current_action": "A0",
        "td_delta": 0.003570997835957712,
        "q_table": {
            "S0": {
                "A0": 20.3254983773657,
                "A1": 18.24718705585826
            },
            "S1": {
                "A0": 18.27938835144016,
                "A1": 20.3502624902751
            }
        }
    },
    {
        "episode": 44,
        "current_state": "S0",
        "current_action": "A0",
        "td_delta": -0.019743650496828025,
        "q_table": {
            "S0": {
                "A0": 20.319880163315513,
                "A1": 18.24718705585826
            },
            "S1": {
                "A0": 18.27938835144016,
                "A1": 20.351012631834273
            }
        }
    },
    {
        "episode": 45,
        "current_state": "S0",
        "current_action": "A0",
        "td_delta": 0.012016946365577041,
        "q_table": {
            "S0": {
                "A0": 20.320911010000458,
                "A1": 18.24718705585826
            },
            "S1": {
                "A0": 18.27938835144016,
                "A1": 20.354258002025105
            }
        }
    },
    {
        "episode": 46,
        "current_state": "S1",
        "current_action": "A1",
        "td_delta": 0.024580896020626852,
        "q_table": {
            "S0": {
                "A0": 20.328992745579125,
                "A1": 18.24718705585826
            },
            "S1": {
                "A0": 18.27938835144016,
                "A1": 20.365473201283677
            }
        }
    },
    {
        "episode": 47,
        "current_state": "S1",
        "current_action": "A1",
        "td_delta": -0.012347812114626322,
        "q_table": {
            "S0": {
                "A0": 20.339028525944332,
                "A1": 18.24718705585826
            },
            "S1": {
                "A0": 18.27938835144016,
                "A1": 20.379029166181603
            }
        }
    },
    {
        "episode": 48,
        "current_state": "S1",
        "current_action": "A1",
        "td_delta": 0.021221349748852703,
        "q_table": {
            "S0": {
                "A0": 20.36329309066239,
                "A1": 18.24718705585826
            },
            "S1": {
                "A0": 18.27938835144016,
                "A1": 20.395953159215853
            }
        }
    },
    {
        "episode": 49,
        "current_state": "S0",
        "current_action": "A0",
        "td_delta": 0.007400313218134613,
        "q_table": {
            "S0": {
                "A0": 20.36755524572421,
                "A1": 18.24718705585826
            },
            "S1": {
                "A0": 18.27938835144016,
                "A1": 20.397261539662004
            }
        }
    },
    {
        "episode": 50,
        "current_state": "S0",
        "current_action": "A0",
        "td_delta": 0.005975565328288468,
        "q_table": {
            "S0": {
                "A0": 20.366701843171025,
                "A1": 18.24718705585826
            },
            "S1": {
                "A0": 18.27938835144016,
                "A1": 20.396191836440842
            }
        }
    },
    {
        "episode": 51,
        "current_state": "S1",
        "current_action": "A1",
        "td_delta": -0.010930421728101436,
        "q_table": {
            "S0": {
                "A0": 20.349905784767387,
                "A1": 18.24718705585826
            },
            "S1": {
                "A0": 18.27938835144016,
                "A1": 20.38066120203184
            }
        }
    },
    {
        "episode": 52,
        "current_state": "S1",
        "current_action": "A1",
        "td_delta": -0.0056751023351111485,
        "q_table": {
            "S0": {
                "A0": 20.353631908939228,
                "A1": 18.24718705585826
            },
            "S1": {
                "A0": 18.27938835144016,
                "A1": 20.383041159493715
            }
        }
    },
    {
        "episode": 53,
        "current_state": "S0",
        "current_action": "A0",
        "td_delta": 0.010572142815441055,
        "q_table": {
            "S0": {
                "A0": 20.35350443223194,
                "A1": 18.24718705585826
            },
            "S1": {
                "A0": 18.27938835144016,
                "A1": 20.389464564650087
            }
        }
    },
    {
        "episode": 54,
        "current_state": "S1",
        "current_action": "A1",
        "td_delta": 0.02242297432381335,
        "q_table": {
            "S0": {
                "A0": 20.34824782470258,
                "A1": 18.24718705585826
            },
            "S1": {
                "A0": 18.27938835144016,
                "A1": 20.385949383113633
            }
        }
    },
    {
        "episode": 55,
        "current_state": "S0",
        "current_action": "A0",
        "td_delta": -0.023210602065894648,
        "q_table": {
            "S0": {
                "A0": 20.34468359346143,
                "A1": 18.24718705585826
            },
            "S1": {
                "A0": 18.27938835144016,
                "A1": 20.38231540897593
            }
        }
    },
    {
        "episode": 56,
        "current_state": "S0",
        "current_action": "A0",
        "td_delta": 0.004506784344133763,
        "q_table": {
            "S0": {
                "A0": 20.335978097452937,
                "A1": 18.24718705585826
            },
            "S1": {
                "A0": 18.27938835144016,
                "A1": 20.36553933179504
            }
        }
    },
    {
        "episode": 57,
        "current_state": "S0",
        "current_action": "A0",
        "td_delta": -0.0233015773321803,
        "q_table": {
            "S0": {
                "A0": 20.332493532630668,
                "A1": 18.24718705585826
            },
            "S1": {
                "A0": 18.27938835144016,
                "A1": 20.367270794504478
            }
        }
    },
    {
        "episode": 58,
        "current_state": "S1",
        "current_action": "A1",
        "td_delta": 0.022539007426797042,
        "q_table": {
            "S0": {
                "A0": 20.32957530420665,
                "A1": 18.24718705585826
            },
            "S1": {
                "A0": 18.27938835144016,
                "A1": 20.369969056568124
            }
        }
    },
    {
        "episode": 59,
        "current_state": "S1",
        "current_action": "A1",
        "td_delta": -0.010061079208586676,
        "q_table": {
            "S0": {
                "A0": 20.328414623778404,
                "A1": 18.24718705585826
            },
            "S1": {
                "A0": 18.27938835144016,
                "A1": 20.365344996927643
            }
        }
    },
    {
        "episode": 60,
        "current_state": "S0",
        "current_action": "A0",
        "td_delta": -0.02200588219997357,
        "q_table": {
            "S0": {
                "A0": 20.335759455967896,
                "A1": 18.24718705585826
            },
            "S1": {
                "A0": 18.27938835144016,
                "A1": 20.370876279961525
            }
        }
    },
    {
        "episode": 61,
        "current_state": "S0",
        "current_action": "A0",
        "td_delta": 0.009663915768232556,
        "q_table": {
            "S0": {
                "A0": 20.346831560419666,
                "A1": 18.24718705585826
            },
            "S1": {
                "A0": 18.27938835144016,
                "A1": 20.37827383641006
            }
        }
    },
    {
        "episode": 62,
        "current_state": "S0",
        "current_action": "A0",
        "td_delta": 0.004998194679590284,
        "q_table": {
            "S0": {
                "A0": 20.363759976105953,
                "A1": 18.24718705585826
            },
            "S1": {
                "A0": 18.27938835144016,
                "A1": 20.39344369909135
            }
        }
    },
    {
        "episode": 63,
        "current_state": "S1",
        "current_action": "A1",
        "td_delta": -0.010371746923027558,
        "q_table": {
            "S0": {
                "A0": 20.362365178775967,
                "A1": 18.24718705585826
            },
            "S1": {
                "A0": 18.27938835144016,
                "A1": 20.398269033471017
            }
        }
    },
    {
        "episode": 64,
        "current_state": "S0",
        "current_action": "A0",
        "td_delta": 0.02117822206636788,
        "q_table": {
            "S0": {
                "A0": 20.351046697140475,
                "A1": 18.24718705585826
            },
            "S1": {
                "A0": 18.27938835144016,
                "A1": 20.397141820026018
            }
        }
    },
    {
        "episode": 65,
        "current_state": "S0",
        "current_action": "A0",
        "td_delta": 0.016902173798126086,
        "q_table": {
            "S0": {
                "A0": 20.35361858541597,
                "A1": 18.24718705585826
            },
            "S1": {
                "A0": 18.27938835144016,
                "A1": 20.39607976148661
            }
        }
    },
    {
        "episode": 66,
        "current_state": "S1",
        "current_action": "A1",
        "td_delta": -0.01165789694571373,
        "q_table": {
            "S0": {
                "A0": 20.358370777425137,
                "A1": 18.24718705585826
            },
            "S1": {
                "A0": 18.27938835144016,
                "A1": 20.40030742558051
            }
        }
    },
    {
        "episode": 67,
        "current_state": "S1",
        "current_action": "A1",
        "td_delta": -0.010988057886780922,
        "q_table": {
            "S0": {
                "A0": 20.349742801882975,
                "A1": 18.24718705585826
            },
            "S1": {
                "A0": 18.27938835144016,
                "A1": 20.390906845006004
            }
        }
    },
    {
        "episode": 68,
        "current_state": "S1",
        "current_action": "A1",
        "td_delta": -0.009533404819052294,
        "q_table": {
            "S0": {
                "A0": 20.34470321677731,
                "A1": 18.24718705585826
            },
            "S1": {
                "A0": 18.27938835144016,
                "A1": 20.382009870054542
            }
        }
    },
    {
        "episode": 69,
        "current_state": "S1",
        "current_action": "A1",
        "td_delta": -0.009597784000387577,
        "q_table": {
            "S0": {
                "A0": 20.326556200628314,
                "A1": 18.24718705585826
            },
            "S1": {
                "A0": 18.27938835144016,
                "A1": 20.36763469078038
            }
        }
    },
    {
        "episode": 70,
        "current_state": "S1",
        "current_action": "A1",
        "td_delta": -0.005967588191463591,
        "q_table": {
            "S0": {
                "A0": 20.330340179238146,
                "A1": 18.24718705585826
            },
            "S1": {
                "A0": 18.27938835144016,
                "A1": 20.36837622390149
            }
        }
    },
    {
        "episode": 71,
        "current_state": "S1",
        "current_action": "A1",
        "td_delta": 0.027708803141390348,
        "q_table": {
            "S0": {
                "A0": 20.3244026565567,
                "A1": 18.24718705585826
            },
            "S1": {
                "A0": 18.27938835144016,
                "A1": 20.37635561208734
            }
        }
    },
    {
        "episode": 72,
        "current_state": "S0",
        "current_action": "A0",
        "td_delta": -0.027254214494035978,
        "q_table": {
            "S0": {
                "A0": 20.32448284397144,
                "A1": 18.24718705585826
            },
            "S1": {
                "A0": 18.27938835144016,
                "A1": 20.372461875425373
            }
        }
    },
    {
        "episode": 73,
        "current_state": "S0",
        "current_action": "A0",
        "td_delta": 0.014063533630199743,
        "q_table": {
            "S0": {
                "A0": 20.320703048368706,
                "A1": 18.24718705585826
            },
            "S1": {
                "A0": 18.27938835144016,
                "A1": 20.364082485536958
            }
        }
    },
    {
        "episode": 74,
        "current_state": "S1",
        "current_action": "A1",
        "td_delta": -0.007373422454165279,
        "q_table": {
            "S0": {
                "A0": 20.321965773225777,
                "A1": 18.24718705585826
            },
            "S1": {
                "A0": 18.27938835144016,
                "A1": 20.357721506139765
            }
        }
    },
    {
        "episode": 75,
        "current_state": "S0",
        "current_action": "A0",
        "td_delta": 0.011248521979585036,
        "q_table": {
            "S0": {
                "A0": 20.322212588172366,
                "A1": 18.24718705585826
            },
            "S1": {
                "A0": 18.27938835144016,
                "A1": 20.36200415494232
            }
        }
    },
    {
        "episode": 76,
        "current_state": "S1",
        "current_action": "A1",
        "td_delta": -0.015262306264823167,
        "q_table": {
            "S0": {
                "A0": 20.322777227849983,
                "A1": 18.24718705585826
            },
            "S1": {
                "A0": 18.27938835144016,
                "A1": 20.367305036462803
            }
        }
    },
    {
        "episode": 77,
        "current_state": "S0",
        "current_action": "A0",
        "td_delta": -0.025092482193763033,
        "q_table": {
            "S0": {
                "A0": 20.3210702099635,
                "A1": 18.24718705585826
            },
            "S1": {
                "A0": 18.27938835144016,
                "A1": 20.370471234488328
            }
        }
    },
    {
        "episode": 78,
        "current_state": "S1",
        "current_action": "A1",
        "td_delta": -0.012393562448643536,
        "q_table": {
            "S0": {
                "A0": 20.343056225461883,
                "A1": 18.24718705585826
            },
            "S1": {
                "A0": 18.27938835144016,
                "A1": 20.38362041266811
            }
        }
    },
    {
        "episode": 79,
        "current_state": "S0",
        "current_action": "A0",
        "td_delta": 0.011022491205956442,
        "q_table": {
            "S0": {
                "A0": 20.35135472285319,
                "A1": 18.24718705585826
            },
            "S1": {
                "A0": 18.27938835144016,
                "A1": 20.396319642691452
            }
        }
    },
    {
        "episode": 80,
        "current_state": "S1",
        "current_action": "A1",
        "td_delta": -0.005534767931550277,
        "q_table": {
            "S0": {
                "A0": 20.35505793478686,
                "A1": 18.24718705585826
            },
            "S1": {
                "A0": 18.27938835144016,
                "A1": 20.392766840045244
            }
        }
    },
    {
        "episode": 81,
        "current_state": "S1",
        "current_action": "A1",
        "td_delta": 0.02728604289975678,
        "q_table": {
            "S0": {
                "A0": 20.354909296300843,
                "A1": 18.24718705585826
            },
            "S1": {
                "A0": 18.27938835144016,
                "A1": 20.399784477050723
            }
        }
    },
    {
        "episode": 82,
        "current_state": "S0",
        "current_action": "A0",
        "td_delta": 0.010019636179727343,
        "q_table": {
            "S0": {
                "A0": 20.35251495330598,
                "A1": 18.24718705585826
            },
            "S1": {
                "A0": 18.27938835144016,
                "A1": 20.394837795562584
            }
        }
    },
    {
        "episode": 83,
        "current_state": "S1",
        "current_action": "A1",
        "td_delta": 0.02561117290714776,
        "q_table": {
            "S0": {
                "A0": 20.34547541096219,
                "A1": 18.24718705585826
            },
            "S1": {
                "A0": 18.27938835144016,
                "A1": 20.391589528404584
            }
        }
    },
    {
        "episode": 84,
        "current_state": "S1",
        "current_action": "A1",
        "td_delta": -0.010226782112269461,
        "q_table": {
            "S0": {
                "A0": 20.345907026697574,
                "A1": 18.24718705585826
            },
            "S1": {
                "A0": 18.27938835144016,
                "A1": 20.385656487152687
            }
        }
    },
    {
        "episode": 85,
        "current_state": "S1",
        "current_action": "A1",
        "td_delta": -0.011771647560756549,
        "q_table": {
            "S0": {
                "A0": 20.33278784490553,
                "A1": 18.24718705585826
            },
            "S1": {
                "A0": 18.27938835144016,
                "A1": 20.37409502186187
            }
        }
    },
    {
        "episode": 86,
        "current_state": "S1",
        "current_action": "A1",
        "td_delta": -0.013243454591570725,
        "q_table": {
            "S0": {
                "A0": 20.313774852800226,
                "A1": 18.24718705585826
            },
            "S1": {
                "A0": 18.27938835144016,
                "A1": 20.357902751615555
            }
        }
    },
    {
        "episode": 87,
        "current_state": "S1",
        "current_action": "A1",
        "td_delta": -0.012153753114528598,
        "q_table": {
            "S0": {
                "A0": 20.322526569411675,
                "A1": 18.24718705585826
            },
            "S1": {
                "A0": 18.27938835144016,
                "A1": 20.365292144621414
            }
        }
    },
    {
        "episode": 88,
        "current_state": "S0",
        "current_action": "A0",
        "td_delta": 0.011485312337864428,
        "q_table": {
            "S0": {
                "A0": 20.33537119180508,
                "A1": 18.24718705585826
            },
            "S1": {
                "A0": 18.27938835144016,
                "A1": 20.37477530846317
            }
        }
    },
    {
        "episode": 89,
        "current_state": "S1",
        "current_action": "A1",
        "td_delta": -0.005808830657269226,
        "q_table": {
            "S0": {
                "A0": 20.336763970157378,
                "A1": 18.24718705585826
            },
            "S1": {
                "A0": 18.27938835144016,
                "A1": 20.372563428601126
            }
        }
    },
    {
        "episode": 90,
        "current_state": "S1",
        "current_action": "A1",
        "td_delta": -0.021226725283192138,
        "q_table": {
            "S0": {
                "A0": 20.32418168192117,
                "A1": 18.24718705585826
            },
            "S1": {
                "A0": 18.27938835144016,
                "A1": 20.375922569328996
            }
        }
    },
    {
        "episode": 91,
        "current_state": "S1",
        "current_action": "A1",
        "td_delta": -0.006848575808003687,
        "q_table": {
            "S0": {
                "A0": 20.326252898485617,
                "A1": 18.24718705585826
            },
            "S1": {
                "A0": 18.27938835144016,
                "A1": 20.364625476345722
            }
        }
    },
    {
        "episode": 92,
        "current_state": "S0",
        "current_action": "A0",
        "td_delta": -0.029239856167109224,
        "q_table": {
            "S0": {
                "A0": 20.32704842710544,
                "A1": 18.24718705585826
            },
            "S1": {
                "A0": 18.27938835144016,
                "A1": 20.37854731285565
            }
        }
    },
    {
        "episode": 93,
        "current_state": "S0",
        "current_action": "A0",
        "td_delta": -0.029918784459439962,
        "q_table": {
            "S0": {
                "A0": 20.326881931094043,
                "A1": 18.24718705585826
            },
            "S1": {
                "A0": 18.27938835144016,
                "A1": 20.367855166317
            }
        }
    },
    {
        "episode": 94,
        "current_state": "S0",
        "current_action": "A0",
        "td_delta": 0.02021809045303513,
        "q_table": {
            "S0": {
                "A0": 20.308868483188075,
                "A1": 18.24718705585826
            },
            "S1": {
                "A0": 18.27938835144016,
                "A1": 20.36017784742985
            }
        }
    },
    {
        "episode": 95,
        "current_state": "S0",
        "current_action": "A0",
        "td_delta": 0.003134501195045658,
        "q_table": {
            "S0": {
                "A0": 20.308403150795968,
                "A1": 18.24718705585826
            },
            "S1": {
                "A0": 18.27938835144016,
                "A1": 20.343528663135437
            }
        }
    },
    {
        "episode": 96,
        "current_state": "S0",
        "current_action": "A0",
        "td_delta": 0.017458928580111888,
        "q_table": {
            "S0": {
                "A0": 20.291514778247215,
                "A1": 18.24718705585826
            },
            "S1": {
                "A0": 18.27938835144016,
                "A1": 20.337896363463738
            }
        }
    },
    {
        "episode": 97,
        "current_state": "S0",
        "current_action": "A0",
        "td_delta": -0.027191132890521885,
        "q_table": {
            "S0": {
                "A0": 20.29254104097736,
                "A1": 18.24718705585826
            },
            "S1": {
                "A0": 18.27938835144016,
                "A1": 20.35002866953654
            }
        }
    },
    {
        "episode": 98,
        "current_state": "S1",
        "current_action": "A1",
        "td_delta": -0.016733055358447047,
        "q_table": {
            "S0": {
                "A0": 20.28872087162835,
                "A1": 18.24718705585826
            },
            "S1": {
                "A0": 18.27938835144016,
                "A1": 20.332908613876082
            }
        }
    },
    {
        "episode": 99,
        "current_state": "S1",
        "current_action": "A1",
        "td_delta": 0.026814291550120828,
        "q_table": {
            "S0": {
                "A0": 20.29332355587005,
                "A1": 18.24718705585826
            },
            "S1": {
                "A0": 18.27938835144016,
                "A1": 20.339529075300423
            }
        }
    },
    {
        "episode": 100,
        "current_state": "S0",
        "current_action": "A0",
        "td_delta": -0.02811478827899805,
        "q_table": {
            "S0": {
                "A0": 20.2914011112353,
                "A1": 18.24718705585826
            },
            "S1": {
                "A0": 18.27938835144016,
                "A1": 20.338798483041522
            }
        }
    },
    {
        "episode": 101,
        "current_state": "S1",
        "current_action": "A1",
        "td_delta": -0.012701970602318369,
        "q_table": {
            "S0": {
                "A0": 20.283994503291414,
                "A1": 18.24718705585826
            },
            "S1": {
                "A0": 18.27938835144016,
                "A1": 20.322592882089154
            }
        }
    },
    {
        "episode": 102,
        "current_state": "S0",
        "current_action": "A0",
        "td_delta": 0.010652445200427962,
        "q_table": {
            "S0": {
                "A0": 20.280564371495284,
                "A1": 18.24718705585826
            },
            "S1": {
                "A0": 18.27938835144016,
                "A1": 20.318445383480366
            }
        }
    },
    {
        "episode": 103,
        "current_state": "S1",
        "current_action": "A1",
        "td_delta": 0.024534072264057016,
        "q_table": {
            "S0": {
                "A0": 20.285261957585934,
                "A1": 18.24718705585826
            },
            "S1": {
                "A0": 18.27938835144016,
                "A1": 20.32125883298442
            }
        }
    },
    {
        "episode": 104,
        "current_state": "S1",
        "current_action": "A1",
        "td_delta": -0.00440017606176113,
        "q_table": {
            "S0": {
                "A0": 20.28532438754869,
                "A1": 18.24718705585826
            },
            "S1": {
                "A0": 18.27938835144016,
                "A1": 20.31779146365181
            }
        }
    },
    {
        "episode": 105,
        "current_state": "S0",
        "current_action": "A0",
        "td_delta": 0.008963865767263712,
        "q_table": {
            "S0": {
                "A0": 20.285014099674274,
                "A1": 18.24718705585826
            },
            "S1": {
                "A0": 18.27938835144016,
                "A1": 20.321860485899517
            }
        }
    },
    {
        "episode": 106,
        "current_state": "S0",
        "current_action": "A0",
        "td_delta": 0.013283282364611182,
        "q_table": {
            "S0": {
                "A0": 20.277042582211834,
                "A1": 18.24718705585826
            },
            "S1": {
                "A0": 18.27938835144016,
                "A1": 20.31822847192686
            }
        }
    },
    {
        "episode": 107,
        "current_state": "S0",
        "current_action": "A0",
        "td_delta": 0.00608200289108396,
        "q_table": {
            "S0": {
                "A0": 20.28552944935985,
                "A1": 18.24718705585826
            },
            "S1": {
                "A0": 18.27938835144016,
                "A1": 20.320064057929798
            }
        }
    },
    {
        "episode": 108,
        "current_state": "S0",
        "current_action": "A0",
        "td_delta": -0.0239294704087456,
        "q_table": {
            "S0": {
                "A0": 20.2668471496904,
                "A1": 18.24718705585826
            },
            "S1": {
                "A0": 18.27938835144016,
                "A1": 20.31229395519094
            }
        }
    },
    {
        "episode": 109,
        "current_state": "S1",
        "current_action": "A1",
        "td_delta": 0.023230143188371244,
        "q_table": {
            "S0": {
                "A0": 20.253857225520512,
                "A1": 18.24718705585826
            },
            "S1": {
                "A0": 18.27938835144016,
                "A1": 20.29245714401298
            }
        }
    },
    {
        "episode": 110,
        "current_state": "S0",
        "current_action": "A0",
        "td_delta": 0.006757112682095112,
        "q_table": {
            "S0": {
                "A0": 20.257460709483222,
                "A1": 18.24718705585826
            },
            "S1": {
                "A0": 18.27938835144016,
                "A1": 20.288048441847653
            }
        }
    },
    {
        "episode": 111,
        "current_state": "S1",
        "current_action": "A1",
        "td_delta": -0.004374405159556005,
        "q_table": {
            "S0": {
                "A0": 20.255434846208594,
                "A1": 18.24718705585826
            },
            "S1": {
                "A0": 18.27938835144016,
                "A1": 20.282694305247965
            }
        }
    },
    {
        "episode": 112,
        "current_state": "S1",
        "current_action": "A1",
        "td_delta": 0.021758665618559547,
        "q_table": {
            "S0": {
                "A0": 20.261746880203233,
                "A1": 18.24718705585826
            },
            "S1": {
                "A0": 18.27938835144016,
                "A1": 20.294163880484657
            }
        }
    },
    {
        "episode": 113,
        "current_state": "S0",
        "current_action": "A0",
        "td_delta": 0.011936805299793463,
        "q_table": {
            "S0": {
                "A0": 20.254799431304995,
                "A1": 18.24718705585826
            },
            "S1": {
                "A0": 18.27938835144016,
                "A1": 20.289358824555972
            }
        }
    },
    {
        "episode": 114,
        "current_state": "S1",
        "current_action": "A1",
        "td_delta": -0.014974389848596559,
        "q_table": {
            "S0": {
                "A0": 20.256983075638225,
                "A1": 18.24718705585826
            },
            "S1": {
                "A0": 18.27938835144016,
                "A1": 20.29488432208593
            }
        }
    },
    {
        "episode": 115,
        "current_state": "S0",
        "current_action": "A0",
        "td_delta": 0.006507255286667402,
        "q_table": {
            "S0": {
                "A0": 20.25370073101633,
                "A1": 18.24718705585826
            },
            "S1": {
                "A0": 18.27938835144016,
                "A1": 20.283454586044364
            }
        }
    },
    {
        "episode": 116,
        "current_state": "S1",
        "current_action": "A1",
        "td_delta": 0.02078893025547046,
        "q_table": {
            "S0": {
                "A0": 20.24717254323731,
                "A1": 18.24718705585826
            },
            "S1": {
                "A0": 18.27938835144016,
                "A1": 20.282716186318154
            }
        }
    },
    {
        "episode": 117,
        "current_state": "S1",
        "current_action": "A1",
        "td_delta": -0.0030639718631846335,
        "q_table": {
            "S0": {
                "A0": 20.255420413378197,
                "A1": 18.24718705585826
            },
            "S1": {
                "A0": 18.27938835144016,
                "A1": 20.282526467060027
            }
        }
    },
    {
        "episode": 118,
        "current_state": "S1",
        "current_action": "A1",
        "td_delta": 0.019927168387862793,
        "q_table": {
            "S0": {
                "A0": 20.256833554182833,
                "A1": 18.24718705585826
            },
            "S1": {
                "A0": 18.27938835144016,
                "A1": 20.297251096499323
            }
        }
    },
    {
        "episode": 119,
        "current_state": "S1",
        "current_action": "A1",
        "td_delta": -0.003988367138930471,
        "q_table": {
            "S0": {
                "A0": 20.2514087077396,
                "A1": 18.24718705585826
            },
            "S1": {
                "A0": 18.27938835144016,
                "A1": 20.279742674740422
            }
        }
    },
    {
        "episode": 120,
        "current_state": "S0",
        "current_action": "A0",
        "td_delta": 0.005438223426178723,
        "q_table": {
            "S0": {
                "A0": 20.262708743616358,
                "A1": 18.24718705585826
            },
            "S1": {
                "A0": 18.27938835144016,
                "A1": 20.290703578953046
            }
        }
    },
    {
        "episode": 121,
        "current_state": "S1",
        "current_action": "A1",
        "td_delta": 0.02062112314007436,
        "q_table": {
            "S0": {
                "A0": 20.25790204938457,
                "A1": 18.24718705585826
            },
            "S1": {
                "A0": 18.27938835144016,
                "A1": 20.293248083603306
            }
        }
    },
    {
        "episode": 122,
        "current_state": "S1",
        "current_action": "A1",
        "td_delta": 0.01904185443612505,
        "q_table": {
            "S0": {
                "A0": 20.255220990400602,
                "A1": 18.24718705585826
            },
            "S1": {
                "A0": 18.27938835144016,
                "A1": 20.295554155521547
            }
        }
    },
    {
        "episode": 123,
        "current_state": "S1",
        "current_action": "A1",
        "td_delta": -0.005870872144335237,
        "q_table": {
            "S0": {
                "A0": 20.24885539594205,
                "A1": 18.24718705585826
            },
            "S1": {
                "A0": 18.27938835144016,
                "A1": 20.276428020086136
            }
        }
    },
    {
        "episode": 124,
        "current_state": "S0",
        "current_action": "A0",
        "td_delta": 0.01622387604093234,
        "q_table": {
            "S0": {
                "A0": 20.243456391104182,
                "A1": 18.24718705585826
            },
            "S1": {
                "A0": 18.27938835144016,
                "A1": 20.281421696443196
            }
        }
    },
    {
        "episode": 125,
        "current_state": "S0",
        "current_action": "A0",
        "td_delta": 0.00253133890500834,
        "q_table": {
            "S0": {
                "A0": 20.250984799752857,
                "A1": 18.24718705585826
            },
            "S1": {
                "A0": 18.27938835144016,
                "A1": 20.27497693030348
            }
        }
    },
    {
        "episode": 126,
        "current_state": "S0",
        "current_action": "A0",
        "td_delta": 0.011485266611813927,
        "q_table": {
            "S0": {
                "A0": 20.252776812915023,
                "A1": 18.24718705585826
            },
            "S1": {
                "A0": 18.27938835144016,
                "A1": 20.284993669314275
            }
        }
    },
    {
        "episode": 127,
        "current_state": "S0",
        "current_action": "A0",
        "td_delta": -0.019107649153770723,
        "q_table": {
            "S0": {
                "A0": 20.25014076691115,
                "A1": 18.24718705585826
            },
            "S1": {
                "A0": 18.27938835144016,
                "A1": 20.282149494128227
            }
        }
    },
    {
        "episode": 128,
        "current_state": "S0",
        "current_action": "A0",
        "td_delta": -0.018836841739133803,
        "q_table": {
            "S0": {
                "A0": 20.25113746256359,
                "A1": 18.24718705585826
            },
            "S1": {
                "A0": 18.27938835144016,
                "A1": 20.287298385920803
            }
        }
    },
    {
        "episode": 129,
        "current_state": "S1",
        "current_action": "A1",
        "td_delta": 0.018864089059000833,
        "q_table": {
            "S0": {
                "A0": 20.250664115677488,
                "A1": 18.24718705585826
            },
            "S1": {
                "A0": 18.27938835144016,
                "A1": 20.285670327084883
            }
        }
    },
    {
        "episode": 130,
        "current_state": "S1",
        "current_action": "A1",
        "td_delta": -0.008778616009230689,
        "q_table": {
            "S0": {
                "A0": 20.258314832183032,
                "A1": 18.24718705585826
            },
            "S1": {
                "A0": 18.27938835144016,
                "A1": 20.28739979745758
            }
        }
    },
    {
        "episode": 131,
        "current_state": "S0",
        "current_action": "A0",
        "td_delta": -0.01951874757896377,
        "q_table": {
            "S0": {
                "A0": 20.25369362160893,
                "A1": 18.24718705585826
            },
            "S1": {
                "A0": 18.27938835144016,
                "A1": 20.285612773565195
            }
        }
    },
    {
        "episode": 132,
        "current_state": "S1",
        "current_action": "A1",
        "td_delta": -0.00856173467574095,
        "q_table": {
            "S0": {
                "A0": 20.248607057482896,
                "A1": 18.24718705585826
            },
            "S1": {
                "A0": 18.27938835144016,
                "A1": 20.27870935345616
            }
        }
    },
    {
        "episode": 133,
        "current_state": "S0",
        "current_action": "A0",
        "td_delta": -0.018887522011947766,
        "q_table": {
            "S0": {
                "A0": 20.251893148253075,
                "A1": 18.24718705585826
            },
            "S1": {
                "A0": 18.27938835144016,
                "A1": 20.285544138589295
            }
        }
    },
    {
        "episode": 134,
        "current_state": "S1",
        "current_action": "A1",
        "td_delta": 0.021038091698141415,
        "q_table": {
            "S0": {
                "A0": 20.260602886868433,
                "A1": 18.24718705585826
            },
            "S1": {
                "A0": 18.27938835144016,
                "A1": 20.287971173012753
            }
        }
    },
    {
        "episode": 135,
        "current_state": "S1",
        "current_action": "A1",
        "td_delta": 0.019722980153165537,
        "q_table": {
            "S0": {
                "A0": 20.258773299797255,
                "A1": 18.24718705585826
            },
            "S1": {
                "A0": 18.27938835144016,
                "A1": 20.293151551946043
            }
        }
    },
    {
        "episode": 136,
        "current_state": "S1",
        "current_action": "A1",
        "td_delta": -0.0037061954884656245,
        "q_table": {
            "S0": {
                "A0": 20.27362461478169,
                "A1": 18.24718705585826
            },
            "S1": {
                "A0": 18.27938835144016,
                "A1": 20.29898411352273
            }
        }
    },
    {
        "episode": 137,
        "current_state": "S1",
        "current_action": "A1",
        "td_delta": -0.018195736172309296,
        "q_table": {
            "S0": {
                "A0": 20.276603799603063,
                "A1": 18.24718705585826
            },
            "S1": {
                "A0": 18.27938835144016,
                "A1": 20.31501213437565
            }
        }
    },
    {
        "episode": 138,
        "current_state": "S0",
        "current_action": "A0",
        "td_delta": -0.020860356728171325,
        "q_table": {
            "S0": {
                "A0": 20.27122639657696,
                "A1": 18.24718705585826
            },
            "S1": {
                "A0": 18.27938835144016,
                "A1": 20.300764235917946
            }
        }
    },
    {
        "episode": 139,
        "current_state": "S0",
        "current_action": "A0",
        "td_delta": -0.021033461595092007,
        "q_table": {
            "S0": {
                "A0": 20.266527684145977,
                "A1": 18.24718705585826
            },
            "S1": {
                "A0": 18.27938835144016,
                "A1": 20.303241852932754
            }
        }
    },
    {
        "episode": 140,
        "current_state": "S1",
        "current_action": "A1",
        "td_delta": -0.004985142782071961,
        "q_table": {
            "S0": {
                "A0": 20.26482287880265,
                "A1": 18.24718705585826
            },
            "S1": {
                "A0": 18.27938835144016,
                "A1": 20.29068718005647
            }
        }
    },
    {
        "episode": 141,
        "current_state": "S0",
        "current_action": "A0",
        "td_delta": 0.006247780986161189,
        "q_table": {
            "S0": {
                "A0": 20.263868619109726,
                "A1": 18.24718705585826
            },
            "S1": {
                "A0": 18.27938835144016,
                "A1": 20.290101284760006
            }
        }
    },
    {
        "episode": 142,
        "current_state": "S0",
        "current_action": "A0",
        "td_delta": 0.006782432315862508,
        "q_table": {
            "S0": {
                "A0": 20.26198092110905,
                "A1": 18.24718705585826
            },
            "S1": {
                "A0": 18.27938835144016,
                "A1": 20.290128577140095
            }
        }
    },
    {
        "episode": 143,
        "current_state": "S1",
        "current_action": "A1",
        "td_delta": -0.005037512663630395,
        "q_table": {
            "S0": {
                "A0": 20.263480322278426,
                "A1": 18.24718705585826
            },
            "S1": {
                "A0": 18.27938835144016,
                "A1": 20.289010016368323
            }
        }
    },
    {
        "episode": 144,
        "current_state": "S1",
        "current_action": "A1",
        "td_delta": -0.008747876218993866,
        "q_table": {
            "S0": {
                "A0": 20.24746654259176,
                "A1": 18.24718705585826
            },
            "S1": {
                "A0": 18.27938835144016,
                "A1": 20.277858829137624
            }
        }
    },
    {
        "episode": 145,
        "current_state": "S0",
        "current_action": "A0",
        "td_delta": 0.013928095050321332,
        "q_table": {
            "S0": {
                "A0": 20.250401765957115,
                "A1": 18.24718705585826
            },
            "S1": {
                "A0": 18.27938835144016,
                "A1": 20.281722995210103
            }
        }
    },
    {
        "episode": 146,
        "current_state": "S1",
        "current_action": "A1",
        "td_delta": 0.016619038481579196,
        "q_table": {
            "S0": {
                "A0": 20.2679613813066,
                "A1": 18.24718705585826
            },
            "S1": {
                "A0": 18.27938835144016,
                "A1": 20.30041919348481
            }
        }
    },
    {
        "episode": 147,
        "current_state": "S1",
        "current_action": "A1",
        "td_delta": -0.008478366860394715,
        "q_table": {
            "S0": {
                "A0": 20.271061097167674,
                "A1": 18.24718705585826
            },
            "S1": {
                "A0": 18.27938835144016,
                "A1": 20.298101600182452
            }
        }
    },
    {
        "episode": 148,
        "current_state": "S0",
        "current_action": "A0",
        "td_delta": 0.00621303627234937,
        "q_table": {
            "S0": {
                "A0": 20.273435602835065,
                "A1": 18.24718705585826
            },
            "S1": {
                "A0": 18.27938835144016,
                "A1": 20.295898023673708
            }
        }
    },
    {
        "episode": 149,
        "current_state": "S1",
        "current_action": "A1",
        "td_delta": 0.017457889154393058,
        "q_table": {
            "S0": {
                "A0": 20.27734407696656,
                "A1": 18.24718705585826
            },
            "S1": {
                "A0": 18.27938835144016,
                "A1": 20.30376885482679
            }
        }
    },
    {
        "episode": 150,
        "current_state": "S0",
        "current_action": "A0",
        "td_delta": -0.01588727436994475,
        "q_table": {
            "S0": {
                "A0": 20.280561176204845,
                "A1": 18.24718705585826
            },
            "S1": {
                "A0": 18.27938835144016,
                "A1": 20.306730112578055
            }
        }
    },
    {
        "episode": 151,
        "current_state": "S1",
        "current_action": "A1",
        "td_delta": 0.018348205669074247,
        "q_table": {
            "S0": {
                "A0": 20.284019874132635,
                "A1": 18.24718705585826
            },
            "S1": {
                "A0": 18.27938835144016,
                "A1": 20.30800018415117
            }
        }
    },
    {
        "episode": 152,
        "current_state": "S0",
        "current_action": "A0",
        "td_delta": 0.006393880436757371,
        "q_table": {
            "S0": {
                "A0": 20.288855810249743,
                "A1": 18.24718705585826
            },
            "S1": {
                "A0": 18.27938835144016,
                "A1": 20.314662937043384
            }
        }
    },
    {
        "episode": 153,
        "current_state": "S0",
        "current_action": "A0",
        "td_delta": -0.016136684698054182,
        "q_table": {
            "S0": {
                "A0": 20.289524902918128,
                "A1": 18.24718705585826
            },
            "S1": {
                "A0": 18.27938835144016,
                "A1": 20.32652737550934
            }
        }
    },
    {
        "episode": 154,
        "current_state": "S1",
        "current_action": "A1",
        "td_delta": 0.017809514964262974,
        "q_table": {
            "S0": {
                "A0": 20.297473113161278,
                "A1": 18.24718705585826
            },
            "S1": {
                "A0": 18.27938835144016,
                "A1": 20.32584393030466
            }
        }
    },
    {
        "episode": 155,
        "current_state": "S0",
        "current_action": "A0",
        "td_delta": 0.00914915986503928,
        "q_table": {
            "S0": {
                "A0": 20.292482560257852,
                "A1": 18.24718705585826
            },
            "S1": {
                "A0": 18.27938835144016,
                "A1": 20.321094103992195
            }
        }
    },
    {
        "episode": 156,
        "current_state": "S1",
        "current_action": "A1",
        "td_delta": 0.016506707647042873,
        "q_table": {
            "S0": {
                "A0": 20.29240210271259,
                "A1": 18.24718705585826
            },
            "S1": {
                "A0": 18.27938835144016,
                "A1": 20.32207178340339
            }
        }
    },
    {
        "episode": 157,
        "current_state": "S0",
        "current_action": "A0",
        "td_delta": -0.01775776662770312,
        "q_table": {
            "S0": {
                "A0": 20.284351183536018,
                "A1": 18.24718705585826
            },
            "S1": {
                "A0": 18.27938835144016,
                "A1": 20.31775146006112
            }
        }
    },
    {
        "episode": 158,
        "current_state": "S1",
        "current_action": "A1",
        "td_delta": -0.009893421737658059,
        "q_table": {
            "S0": {
                "A0": 20.29316944302285,
                "A1": 18.24718705585826
            },
            "S1": {
                "A0": 18.27938835144016,
                "A1": 20.32202419062361
            }
        }
    },
    {
        "episode": 159,
        "current_state": "S0",
        "current_action": "A0",
        "td_delta": -0.019962935993401487,
        "q_table": {
            "S0": {
                "A0": 20.289405645078503,
                "A1": 18.24718705585826
            },
            "S1": {
                "A0": 18.27938835144016,
                "A1": 20.326088329867172
            }
        }
    },
    {
        "episode": 160,
        "current_state": "S1",
        "current_action": "A1",
        "td_delta": -0.01907778597172083,
        "q_table": {
            "S0": {
                "A0": 20.280381449120757,
                "A1": 18.24718705585826
            },
            "S1": {
                "A0": 18.27938835144016,
                "A1": 20.318288748163976
            }
        }
    },
    {
        "episode": 161,
        "current_state": "S0",
        "current_action": "A0",
        "td_delta": -0.019256331818244377,
        "q_table": {
            "S0": {
                "A0": 20.279772573629547,
                "A1": 18.24718705585826
            },
            "S1": {
                "A0": 18.27938835144016,
                "A1": 20.309094750746677
            }
        }
    },
    {
        "episode": 162,
        "current_state": "S0",
        "current_action": "A0",
        "td_delta": 0.0031320990765877355,
        "q_table": {
            "S0": {
                "A0": 20.278644993303104,
                "A1": 18.24718705585826
            },
            "S1": {
                "A0": 18.27938835144016,
                "A1": 20.302835065454897
            }
        }
    },
    {
        "episode": 163,
        "current_state": "S0",
        "current_action": "A0",
        "td_delta": 0.00608217452613502,
        "q_table": {
            "S0": {
                "A0": 20.273284408643004,
                "A1": 18.24718705585826
            },
            "S1": {
                "A0": 18.27938835144016,
                "A1": 20.29834489440701
            }
        }
    },
    {
        "episode": 164,
        "current_state": "S1",
        "current_action": "A1",
        "td_delta": 0.016775670096777162,
        "q_table": {
            "S0": {
                "A0": 20.278820594360184,
                "A1": 18.24718705585826
            },
            "S1": {
                "A0": 18.27938835144016,
                "A1": 20.312083099720816
            }
        }
    },
    {
        "episode": 165,
        "current_state": "S1",
        "current_action": "A1",
        "td_delta": -0.013020337906628043,
        "q_table": {
            "S0": {
                "A0": 20.276871170572434,
                "A1": 18.24718705585826
            },
            "S1": {
                "A0": 18.27938835144016,
                "A1": 20.30812299252683
            }
        }
    },
    {
        "episode": 166,
        "current_state": "S1",
        "current_action": "A1",
        "td_delta": -0.011225318509243465,
        "q_table": {
            "S0": {
                "A0": 20.27815452107039,
                "A1": 18.24718705585826
            },
            "S1": {
                "A0": 18.27938835144016,
                "A1": 20.30577423557422
            }
        }
    },
    {
        "episode": 167,
        "current_state": "S0",
        "current_action": "A0",
        "td_delta": 0.0031678758869162493,
        "q_table": {
            "S0": {
                "A0": 20.278028022994167,
                "A1": 18.24718705585826
            },
            "S1": {
                "A0": 18.27938835144016,
                "A1": 20.299501791289906
            }
        }
    },
    {
        "episode": 168,
        "current_state": "S0",
        "current_action": "A0",
        "td_delta": 0.0024821642283505696,
        "q_table": {
            "S0": {
                "A0": 20.276514062202754,
                "A1": 18.24718705585826
            },
            "S1": {
                "A0": 18.27938835144016,
                "A1": 20.29734587738721
            }
        }
    },
    {
        "episode": 169,
        "current_state": "S0",
        "current_action": "A0",
        "td_delta": 0.008217563951809836,
        "q_table": {
            "S0": {
                "A0": 20.2770695625038,
                "A1": 18.24718705585826
            },
            "S1": {
                "A0": 18.27938835144016,
                "A1": 20.304244461807457
            }
        }
    },
    {
        "episode": 170,
        "current_state": "S0",
        "current_action": "A0",
        "td_delta": 0.002543500184547298,
        "q_table": {
            "S0": {
                "A0": 20.276535281506384,
                "A1": 18.24718705585826
            },
            "S1": {
                "A0": 18.27938835144016,
                "A1": 20.297843915144515
            }
        }
    },
    {
        "episode": 171,
        "current_state": "S0",
        "current_action": "A0",
        "td_delta": 0.004853065478275909,
        "q_table": {
            "S0": {
                "A0": 20.26714285262679,
                "A1": 18.24718705585826
            },
            "S1": {
                "A0": 18.27938835144016,
                "A1": 20.290059549057915
            }
        }
    },
    {
        "episode": 172,
        "current_state": "S1",
        "current_action": "A1",
        "td_delta": -0.005688747379185344,
        "q_table": {
            "S0": {
                "A0": 20.266094088418907,
                "A1": 18.24718705585826
            },
            "S1": {
                "A0": 18.27938835144016,
                "A1": 20.28885954552424
            }
        }
    },
    {
        "episode": 173,
        "current_state": "S1",
        "current_action": "A1",
        "td_delta": -0.009344412959674031,
        "q_table": {
            "S0": {
                "A0": 20.264908355174004,
                "A1": 18.24718705585826
            },
            "S1": {
                "A0": 18.27938835144016,
                "A1": 20.29176485636183
            }
        }
    },
    {
        "episode": 174,
        "current_state": "S0",
        "current_action": "A0",
        "td_delta": 0.008172735225848271,
        "q_table": {
            "S0": {
                "A0": 20.26122063980913,
                "A1": 18.24718705585826
            },
            "S1": {
                "A0": 18.27938835144016,
                "A1": 20.286088848456934
            }
        }
    },
    {
        "episode": 175,
        "current_state": "S0",
        "current_action": "A0",
        "td_delta": -0.016540172033256084,
        "q_table": {
            "S0": {
                "A0": 20.266917858019955,
                "A1": 18.24718705585826
            },
            "S1": {
                "A0": 18.27938835144016,
                "A1": 20.294056729182547
            }
        }
    },
    {
        "episode": 176,
        "current_state": "S0",
        "current_action": "A0",
        "td_delta": -0.01569495473305693,
        "q_table": {
            "S0": {
                "A0": 20.263234371290636,
                "A1": 18.24718705585826
            },
            "S1": {
                "A0": 18.27938835144016,
                "A1": 20.28964976182214
            }
        }
    },
    {
        "episode": 177,
        "current_state": "S0",
        "current_action": "A0",
        "td_delta": -0.0165162305134956,
        "q_table": {
            "S0": {
                "A0": 20.268060828283655,
                "A1": 18.24718705585826
            },
            "S1": {
                "A0": 18.27938835144016,
                "A1": 20.29678684272987
            }
        }
    },
    {
        "episode": 178,
        "current_state": "S1",
        "current_action": "A1",
        "td_delta": -0.007346252414244248,
        "q_table": {
            "S0": {
                "A0": 20.27156475125556,
                "A1": 18.24718705585826
            },
            "S1": {
                "A0": 18.27938835144016,
                "A1": 20.298233504684877
            }
        }
    },
    {
        "episode": 179,
        "current_state": "S0",
        "current_action": "A0",
        "td_delta": 0.009631222807072959,
        "q_table": {
            "S0": {
                "A0": 20.272643128840855,
                "A1": 18.24718705585826
            },
            "S1": {
                "A0": 18.27938835144016,
                "A1": 20.30156901170931
            }
        }
    },
    {
        "episode": 180,
        "current_state": "S1",
        "current_action": "A1",
        "td_delta": -0.004937521243718379,
        "q_table": {
            "S0": {
                "A0": 20.278868632393134,
                "A1": 18.24718705585826
            },
            "S1": {
                "A0": 18.27938835144016,
                "A1": 20.302321955813525
            }
        }
    },
    {
        "episode": 181,
        "current_state": "S1",
        "current_action": "A1",
        "td_delta": -0.008893773402970595,
        "q_table": {
            "S0": {
                "A0": 20.279879881191135,
                "A1": 18.24718705585826
            },
            "S1": {
                "A0": 18.27938835144016,
                "A1": 20.30734549821989
            }
        }
    },
    {
        "episode": 182,
        "current_state": "S0",
        "current_action": "A0",
        "td_delta": 0.011357501394467562,
        "q_table": {
            "S0": {
                "A0": 20.283812982830224,
                "A1": 18.24718705585826
            },
            "S1": {
                "A0": 18.27938835144016,
                "A1": 20.312030409529417
            }
        }
    },
    {
        "episode": 183,
        "current_state": "S0",
        "current_action": "A0",
        "td_delta": 0.0075442551657225465,
        "q_table": {
            "S0": {
                "A0": 20.29036912778773,
                "A1": 18.24718705585826
            },
            "S1": {
                "A0": 18.27938835144016,
                "A1": 20.31551336098805
            }
        }
    },
    {
        "episode": 184,
        "current_state": "S1",
        "current_action": "A1",
        "td_delta": -0.006062378544509528,
        "q_table": {
            "S0": {
                "A0": 20.288287318721828,
                "A1": 18.24718705585826
            },
            "S1": {
                "A0": 18.27938835144016,
                "A1": 20.31306801045298
            }
        }
    },
    {
        "episode": 185,
        "current_state": "S0",
        "current_action": "A0",
        "td_delta": 0.008577263257578238,
        "q_table": {
            "S0": {
                "A0": 20.278735567387795,
                "A1": 18.24718705585826
            },
            "S1": {
                "A0": 18.27938835144016,
                "A1": 20.305885968255975
            }
        }
    },
    {
        "episode": 186,
        "current_state": "S1",
        "current_action": "A1",
        "td_delta": -0.007967922662523108,
        "q_table": {
            "S0": {
                "A0": 20.273808150637855,
                "A1": 18.24718705585826
            },
            "S1": {
                "A0": 18.27938835144016,
                "A1": 20.30063940140852
            }
        }
    },
    {
        "episode": 187,
        "current_state": "S0",
        "current_action": "A0",
        "td_delta": 0.005738550590880465,
        "q_table": {
            "S0": {
                "A0": 20.274949177209105,
                "A1": 18.24718705585826
            },
            "S1": {
                "A0": 18.27938835144016,
                "A1": 20.299226978114763
            }
        }
    },
    {
        "episode": 188,
        "current_state": "S1",
        "current_action": "A1",
        "td_delta": -0.002844800528947644,
        "q_table": {
            "S0": {
                "A0": 20.284211007484032,
                "A1": 18.24718705585826
            },
            "S1": {
                "A0": 18.27938835144016,
                "A1": 20.30633255607948
            }
        }
    },
    {
        "episode": 189,
        "current_state": "S1",
        "current_action": "A1",
        "td_delta": 0.016477540523137435,
        "q_table": {
            "S0": {
                "A0": 20.286793219458183,
                "A1": 18.24718705585826
            },
            "S1": {
                "A0": 18.27938835144016,
                "A1": 20.310365498419667
            }
        }
    },
    {
        "episode": 190,
        "current_state": "S0",
        "current_action": "A0",
        "td_delta": -0.017207599847065325,
        "q_table": {
            "S0": {
                "A0": 20.279198164845834,
                "A1": 18.24718705585826
            },
            "S1": {
                "A0": 18.27938835144016,
                "A1": 20.306679111486275
            }
        }
    },
    {
        "episode": 191,
        "current_state": "S1",
        "current_action": "A1",
        "td_delta": 0.016561360976997008,
        "q_table": {
            "S0": {
                "A0": 20.280782370664586,
                "A1": 18.24718705585826
            },
            "S1": {
                "A0": 18.27938835144016,
                "A1": 20.305211175335355
            }
        }
    },
    {
        "episode": 192,
        "current_state": "S0",
        "current_action": "A0",
        "td_delta": 0.012311200379439668,
        "q_table": {
            "S0": {
                "A0": 20.263889790697263,
                "A1": 18.24718705585826
            },
            "S1": {
                "A0": 18.27938835144016,
                "A1": 20.2935319332468
            }
        }
    },
    {
        "episode": 193,
        "current_state": "S0",
        "current_action": "A0",
        "td_delta": 0.0068009551986634165,
        "q_table": {
            "S0": {
                "A0": 20.269337588590165,
                "A1": 18.24718705585826
            },
            "S1": {
                "A0": 18.27938835144016,
                "A1": 20.293874523832773
            }
        }
    },
    {
        "episode": 194,
        "current_state": "S0",
        "current_action": "A0",
        "td_delta": 0.0036594773120093294,
        "q_table": {
            "S0": {
                "A0": 20.272802159057868,
                "A1": 18.24718705585826
            },
            "S1": {
                "A0": 18.27938835144016,
                "A1": 20.295060123275192
            }
        }
    },
    {
        "episode": 195,
        "current_state": "S0",
        "current_action": "A0",
        "td_delta": 0.005718961741703055,
        "q_table": {
            "S0": {
                "A0": 20.274562705674583,
                "A1": 18.24718705585826
            },
            "S1": {
                "A0": 18.27938835144016,
                "A1": 20.298540927699577
            }
        }
    },
    {
        "episode": 196,
        "current_state": "S1",
        "current_action": "A1",
        "td_delta": 0.01685523550180079,
        "q_table": {
            "S0": {
                "A0": 20.273518687674137,
                "A1": 18.24718705585826
            },
            "S1": {
                "A0": 18.27938835144016,
                "A1": 20.30275991032149
            }
        }
    },
    {
        "episode": 197,
        "current_state": "S0",
        "current_action": "A0",
        "td_delta": 0.004016689484988234,
        "q_table": {
            "S0": {
                "A0": 20.27917503248801,
                "A1": 18.24718705585826
            },
            "S1": {
                "A0": 18.27938835144016,
                "A1": 20.301914355155347
            }
        }
    },
    {
        "episode": 198,
        "current_state": "S1",
        "current_action": "A1",
        "td_delta": -0.008518199565138218,
        "q_table": {
            "S0": {
                "A0": 20.27544948170692,
                "A1": 18.24718705585826
            },
            "S1": {
                "A0": 18.27938835144016,
                "A1": 20.30243929509348
            }
        }
    },
    {
        "episode": 199,
        "current_state": "S1",
        "current_action": "A1",
        "td_delta": -0.0018391335312024637,
        "q_table": {
            "S0": {
                "A0": 20.28067538577235,
                "A1": 18.24718705585826
            },
            "S1": {
                "A0": 18.27938835144016,
                "A1": 20.30131228916679
            }
        }
    }
]