[
    {
        "episode": 0,
        "current_state": "S1",
        "current_action": "A0",
        "td_delta": 1.999092426852453,
        "q_table": {
            "S0": {
                "A0": 5.186655270403888,
                "A1": 3.738619679072817
            },
            "S1": {
                "A0": 3.983269221349693,
                "A1": 4.877579072041805
            }
        }
    },
    {
        "episode": 1,
        "current_state": "S0",
        "current_action": "A1",
        "td_delta": 3.494204586776279,
        "q_table": {
            "S0": {
                "A0": 9.700345179198175,
                "A1": 6.57520051950844
            },
            "S1": {
                "A0": 7.964343956499071,
                "A1": 9.652769269941754
            }
        }
    },
    {
        "episode": 2,
        "current_state": "S1",
        "current_action": "A0",
        "td_delta": 1.6835731830609824,
        "q_table": {
            "S0": {
                "A0": 12.64349688152336,
                "A1": 10.927832389746603
            },
            "S1": {
                "A0": 10.997091402288206,
                "A1": 12.61109357212804
            }
        }
    },
    {
        "episode": 3,
        "current_state": "S0",
        "current_action": "A0",
        "td_delta": 0.5703560216285268,
        "q_table": {
            "S0": {
                "A0": 15.141117434773182,
                "A1": 13.228020381095275
            },
            "S1": {
                "A0": 13.3420486836316,
                "A1": 14.917326213038354
            }
        }
    },
    {
        "episode": 4,
        "current_state": "S1",
        "current_action": "A0",
        "td_delta": 1.1548243320549627,
        "q_table": {
            "S0": {
                "A0": 16.819365925924316,
                "A1": 14.827659821617678
            },
            "S1": {
                "A0": 15.259905630916768,
                "A1": 16.83108443533439
            }
        }
    },
    {
        "episode": 5,
        "current_state": "S1",
        "current_action": "A0",
        "td_delta": 0.977391900832,
        "q_table": {
            "S0": {
                "A0": 18.107465753729404,
                "A1": 16.42012314666578
            },
            "S1": {
                "A0": 16.53833755899908,
                "A1": 18.144210371487695
            }
        }
    },
    {
        "episode": 6,
        "current_state": "S1",
        "current_action": "A0",
        "td_delta": 0.6672388694942839,
        "q_table": {
            "S0": {
                "A0": 19.034521407242917,
                "A1": 17.38819980138232
            },
            "S1": {
                "A0": 17.60274683591008,
                "A1": 18.994076691750372
            }
        }
    },
    {
        "episode": 7,
        "current_state": "S1",
        "current_action": "A1",
        "td_delta": 0.12034017772257144,
        "q_table": {
            "S0": {
                "A0": 19.619777030095673,
                "A1": 18.11853005586864
            },
            "S1": {
                "A0": 18.186043695741354,
                "A1": 19.65255676388206
            }
        }
    },
    {
        "episode": 8,
        "current_state": "S0",
        "current_action": "A0",
        "td_delta": 0.10935846888848744,
        "q_table": {
            "S0": {
                "A0": 20.083922927454452,
                "A1": 18.527345492015815
            },
            "S1": {
                "A0": 18.589002042301075,
                "A1": 20.115575956318573
            }
        }
    },
    {
        "episode": 9,
        "current_state": "S1",
        "current_action": "A1",
        "td_delta": 0.05466169631883844,
        "q_table": {
            "S0": {
                "A0": 20.388207138696306,
                "A1": 18.970293234563428
            },
            "S1": {
                "A0": 18.893907002472083,
                "A1": 20.412739215875042
            }
        }
    },
    {
        "episode": 10,
        "current_state": "S1",
        "current_action": "A1",
        "td_delta": 0.021099279277812855,
        "q_table": {
            "S0": {
                "A0": 20.579325212779608,
                "A1": 18.970293234563428
            },
            "S1": {
                "A0": 18.893907002472083,
                "A1": 20.592663627563336
            }
        }
    },
    {
        "episode": 11,
        "current_state": "S1",
        "current_action": "A1",
        "td_delta": 0.010201971659785869,
        "q_table": {
            "S0": {
                "A0": 20.657264993381165,
                "A1": 18.970293234563428
            },
            "S1": {
                "A0": 18.893907002472083,
                "A1": 20.682472748795313
            }
        }
    },
    {
        "episode": 12,
        "current_state": "S0",
        "current_action": "A0",
        "td_delta": -0.014077637248895769,
        "q_table": {
            "S0": {
                "A0": 20.719316081475615,
                "A1": 18.970293234563428
            },
            "S1": {
                "A0": 18.893907002472083,
                "A1": 20.748994376602177
            }
        }
    },
    {
        "episode": 13,
        "current_state": "S0",
        "current_action": "A0",
        "td_delta": -0.031275574552985574,
        "q_table": {
            "S0": {
                "A0": 20.717506042664688,
                "A1": 18.970293234563428
            },
            "S1": {
                "A0": 18.893907002472083,
                "A1": 20.76606664490239
            }
        }
    },
    {
        "episode": 14,
        "current_state": "S1",
        "current_action": "A1",
        "td_delta": 0.009993981827769005,
        "q_table": {
            "S0": {
                "A0": 20.699161195610632,
                "A1": 18.970293234563428
            },
            "S1": {
                "A0": 18.893907002472083,
                "A1": 20.742627608577983
            }
        }
    },
    {
        "episode": 15,
        "current_state": "S0",
        "current_action": "A0",
        "td_delta": -0.02966941618333152,
        "q_table": {
            "S0": {
                "A0": 20.660514920944035,
                "A1": 18.970293234563428
            },
            "S1": {
                "A0": 18.893907002472083,
                "A1": 20.693055632159783
            }
        }
    },
    {
        "episode": 16,
        "current_state": "S1",
        "current_action": "A1",
        "td_delta": -0.021437263511671745,
        "q_table": {
            "S0": {
                "A0": 20.599202963964768,
                "A1": 18.970293234563428
            },
            "S1": {
                "A0": 18.893907002472083,
                "A1": 20.638932625831284
            }
        }
    },
    {
        "episode": 17,
        "current_state": "S0",
        "current_action": "A0",
        "td_delta": 0.007300021048717298,
        "q_table": {
            "S0": {
                "A0": 20.592954015048207,
                "A1": 18.970293234563428
            },
            "S1": {
                "A0": 18.893907002472083,
                "A1": 20.620337389643797
            }
        }
    },
    {
        "episode": 18,
        "current_state": "S0",
        "current_action": "A0",
        "td_delta": 0.02130379828649609,
        "q_table": {
            "S0": {
                "A0": 20.618045786977135,
                "A1": 18.970293234563428
            },
            "S1": {
                "A0": 18.893907002472083,
                "A1": 20.65814500179539
            }
        }
    },
    {
        "episode": 19,
        "current_state": "S0",
        "current_action": "A0",
        "td_delta": 0.015726140939548827,
        "q_table": {
            "S0": {
                "A0": 20.63616635602901,
                "A1": 18.970293234563428
            },
            "S1": {
                "A0": 18.893907002472083,
                "A1": 20.67025314827821
            }
        }
    },
    {
        "episode": 20,
        "current_state": "S1",
        "current_action": "A1",
        "td_delta": 0.034271848868044685,
        "q_table": {
            "S0": {
                "A0": 20.66957432278114,
                "A1": 18.970293234563428
            },
            "S1": {
                "A0": 18.893907002472083,
                "A1": 20.706153098292106
            }
        }
    },
    {
        "episode": 21,
        "current_state": "S1",
        "current_action": "A1",
        "td_delta": -0.01526286628883966,
        "q_table": {
            "S0": {
                "A0": 20.68351036039457,
                "A1": 18.970293234563428
            },
            "S1": {
                "A0": 18.893907002472083,
                "A1": 20.726728351789152
            }
        }
    },
    {
        "episode": 22,
        "current_state": "S0",
        "current_action": "A0",
        "td_delta": 0.010170796085571254,
        "q_table": {
            "S0": {
                "A0": 20.698632573966854,
                "A1": 18.970293234563428
            },
            "S1": {
                "A0": 18.893907002472083,
                "A1": 20.728891003109638
            }
        }
    },
    {
        "episode": 23,
        "current_state": "S0",
        "current_action": "A0",
        "td_delta": 0.0002672711441036313,
        "q_table": {
            "S0": {
                "A0": 20.681826788747887,
                "A1": 18.970293234563428
            },
            "S1": {
                "A0": 18.893907002472083,
                "A1": 20.706786310276154
            }
        }
    },
    {
        "episode": 24,
        "current_state": "S0",
        "current_action": "A0",
        "td_delta": 0.0019997493160310853,
        "q_table": {
            "S0": {
                "A0": 20.663010032511675,
                "A1": 18.970293234563428
            },
            "S1": {
                "A0": 18.893907002472083,
                "A1": 20.68467045033899
            }
        }
    },
    {
        "episode": 25,
        "current_state": "S1",
        "current_action": "A1",
        "td_delta": -0.0158374612661909,
        "q_table": {
            "S0": {
                "A0": 20.645447519791716,
                "A1": 18.970293234563428
            },
            "S1": {
                "A0": 18.893907002472083,
                "A1": 20.669852348635022
            }
        }
    },
    {
        "episode": 26,
        "current_state": "S1",
        "current_action": "A1",
        "td_delta": -0.011686826509787807,
        "q_table": {
            "S0": {
                "A0": 20.614436926202647,
                "A1": 18.970293234563428
            },
            "S1": {
                "A0": 18.893907002472083,
                "A1": 20.636735216220572
            }
        }
    },
    {
        "episode": 27,
        "current_state": "S0",
        "current_action": "A0",
        "td_delta": 0.005970141083896152,
        "q_table": {
            "S0": {
                "A0": 20.59100186279797,
                "A1": 18.970293234563428
            },
            "S1": {
                "A0": 18.893907002472083,
                "A1": 20.6154434811134
            }
        }
    },
    {
        "episode": 28,
        "current_state": "S0",
        "current_action": "A0",
        "td_delta": 0.005957896723035816,
        "q_table": {
            "S0": {
                "A0": 20.558352574230547,
                "A1": 18.970293234563428
            },
            "S1": {
                "A0": 18.893907002472083,
                "A1": 20.590840027083598
            }
        }
    },
    {
        "episode": 29,
        "current_state": "S0",
        "current_action": "A0",
        "td_delta": 0.00011765574055289107,
        "q_table": {
            "S0": {
                "A0": 20.519380558284208,
                "A1": 18.970293234563428
            },
            "S1": {
                "A0": 18.893907002472083,
                "A1": 20.542864874962806
            }
        }
    },
    {
        "episode": 30,
        "current_state": "S0",
        "current_action": "A0",
        "td_delta": -0.002237249036053157,
        "q_table": {
            "S0": {
                "A0": 20.48535234674746,
                "A1": 18.970293234563428
            },
            "S1": {
                "A0": 18.893907002472083,
                "A1": 20.505632505506576
            }
        }
    },
    {
        "episode": 31,
        "current_state": "S0",
        "current_action": "A0",
        "td_delta": 0.0010028613131716213,
        "q_table": {
            "S0": {
                "A0": 20.459915590576088,
                "A1": 18.970293234563428
            },
            "S1": {
                "A0": 18.893907002472083,
                "A1": 20.483853674571225
            }
        }
    },
    {
        "episode": 32,
        "current_state": "S0",
        "current_action": "A0",
        "td_delta": -0.012977462879703694,
        "q_table": {
            "S0": {
                "A0": 20.44513330301938,
                "A1": 18.970293234563428
            },
            "S1": {
                "A0": 18.893907002472083,
                "A1": 20.468480528468543
            }
        }
    },
    {
        "episode": 33,
        "current_state": "S0",
        "current_action": "A0",
        "td_delta": -0.015330094041370756,
        "q_table": {
            "S0": {
                "A0": 20.456662090930692,
                "A1": 18.970293234563428
            },
            "S1": {
                "A0": 18.893907002472083,
                "A1": 20.479442685245157
            }
        }
    },
    {
        "episode": 34,
        "current_state": "S1",
        "current_action": "A1",
        "td_delta": 0.014935866439525824,
        "q_table": {
            "S0": {
                "A0": 20.45376976301116,
                "A1": 18.970293234563428
            },
            "S1": {
                "A0": 18.893907002472083,
                "A1": 20.478741480139025
            }
        }
    },
    {
        "episode": 35,
        "current_state": "S0",
        "current_action": "A0",
        "td_delta": -0.009454039841298112,
        "q_table": {
            "S0": {
                "A0": 20.452734434373006,
                "A1": 18.970293234563428
            },
            "S1": {
                "A0": 18.893907002472083,
                "A1": 20.472400124978787
            }
        }
    },
    {
        "episode": 36,
        "current_state": "S1",
        "current_action": "A1",
        "td_delta": 0.01042300641267957,
        "q_table": {
            "S0": {
                "A0": 20.454801446081287,
                "A1": 18.970293234563428
            },
            "S1": {
                "A0": 18.893907002472083,
                "A1": 20.471091895694272
            }
        }
    },
    {
        "episode": 37,
        "current_state": "S0",
        "current_action": "A0",
        "td_delta": 0.004957250326775409,
        "q_table": {
            "S0": {
                "A0": 20.453287566972683,
                "A1": 18.970293234563428
            },
            "S1": {
                "A0": 18.893907002472083,
                "A1": 20.472324824495477
            }
        }
    },
    {
        "episode": 38,
        "current_state": "S0",
        "current_action": "A0",
        "td_delta": 0.006557936875669412,
        "q_table": {
            "S0": {
                "A0": 20.44309288509262,
                "A1": 18.970293234563428
            },
            "S1": {
                "A0": 18.893907002472083,
                "A1": 20.466115704131923
            }
        }
    },
    {
        "episode": 39,
        "current_state": "S1",
        "current_action": "A1",
        "td_delta": -0.006349804210199039,
        "q_table": {
            "S0": {
                "A0": 20.438604771410265,
                "A1": 18.970293234563428
            },
            "S1": {
                "A0": 18.893907002472083,
                "A1": 20.4616335605026
            }
        }
    },
    {
        "episode": 40,
        "current_state": "S0",
        "current_action": "A0",
        "td_delta": -0.01299856477609751,
        "q_table": {
            "S0": {
                "A0": 20.42728572711004,
                "A1": 18.970293234563428
            },
            "S1": {
                "A0": 18.893907002472083,
                "A1": 20.452952899447688
            }
        }
    },
    {
        "episode": 41,
        "current_state": "S0",
        "current_action": "A0",
        "td_delta": 0.0068854223510861345,
        "q_table": {
            "S0": {
                "A0": 20.417502946612487,
                "A1": 18.970293234563428
            },
            "S1": {
                "A0": 18.893907002472083,
                "A1": 20.43442790513802
            }
        }
    },
    {
        "episode": 42,
        "current_state": "S1",
        "current_action": "A1",
        "td_delta": 0.006857144827606021,
        "q_table": {
            "S0": {
                "A0": 20.419181320636774,
                "A1": 18.970293234563428
            },
            "S1": {
                "A0": 18.893907002472083,
                "A1": 20.43064088547121
            }
        }
    },
    {
        "episode": 43,
        "current_state": "S1",
        "current_action": "A1",
        "td_delta": -0.006458705298079792,
        "q_table": {
            "S0": {
                "A0": 20.411320343162,
                "A1": 18.970293234563428
            },
            "S1": {
                "A0": 18.893907002472083,
                "A1": 20.421692209407688
            }
        }
    },
    {
        "episode": 44,
        "current_state": "S1",
        "current_action": "A1",
        "td_delta": -0.006942076164914823,
        "q_table": {
            "S0": {
                "A0": 20.39774893687492,
                "A1": 18.970293234563428
            },
            "S1": {
                "A0": 18.893907002472083,
                "A1": 20.409823297031124
            }
        }
    },
    {
        "episode": 45,
        "current_state": "S1",
        "current_action": "A1",
        "td_delta": 0.005266345224395508,
        "q_table": {
            "S0": {
                "A0": 20.388089951501723,
                "A1": 18.970293234563428
            },
            "S1": {
                "A0": 18.893907002472083,
                "A1": 20.399734599120926
            }
        }
    },
    {
        "episode": 46,
        "current_state": "S1",
        "current_action": "A1",
        "td_delta": -0.004514446889395174,
        "q_table": {
            "S0": {
                "A0": 20.382950070326032,
                "A1": 18.970293234563428
            },
            "S1": {
                "A0": 18.893907002472083,
                "A1": 20.391703660075404
            }
        }
    },
    {
        "episode": 47,
        "current_state": "S1",
        "current_action": "A1",
        "td_delta": -0.0037185725609170106,
        "q_table": {
            "S0": {
                "A0": 20.38018175586392,
                "A1": 18.970293234563428
            },
            "S1": {
                "A0": 18.893907002472083,
                "A1": 20.38899671544475
            }
        }
    },
    {
        "episode": 48,
        "current_state": "S1",
        "current_action": "A1",
        "td_delta": -0.0023430243563780095,
        "q_table": {
            "S0": {
                "A0": 20.378667250377333,
                "A1": 18.970293234563428
            },
            "S1": {
                "A0": 18.893907002472083,
                "A1": 20.386186177153512
            }
        }
    },
    {
        "episode": 49,
        "current_state": "S1",
        "current_action": "A1",
        "td_delta": -0.0023243147430491717,
        "q_table": {
            "S0": {
                "A0": 20.36840425826151,
                "A1": 18.970293234563428
            },
            "S1": {
                "A0": 18.893907002472083,
                "A1": 20.377051799847937
            }
        }
    },
    {
        "episode": 50,
        "current_state": "S1",
        "current_action": "A1",
        "td_delta": 0.006265162299442295,
        "q_table": {
            "S0": {
                "A0": 20.357838723536293,
                "A1": 18.970293234563428
            },
            "S1": {
                "A0": 18.893907002472083,
                "A1": 20.370579372223485
            }
        }
    },
    {
        "episode": 51,
        "current_state": "S1",
        "current_action": "A1",
        "td_delta": 0.007233759795418848,
        "q_table": {
            "S0": {
                "A0": 20.362481579294947,
                "A1": 18.970293234563428
            },
            "S1": {
                "A0": 18.893907002472083,
                "A1": 20.37279993488374
            }
        }
    },
    {
        "episode": 52,
        "current_state": "S0",
        "current_action": "A0",
        "td_delta": -0.008890668095194343,
        "q_table": {
            "S0": {
                "A0": 20.36062356346543,
                "A1": 18.970293234563428
            },
            "S1": {
                "A0": 18.893907002472083,
                "A1": 20.375568366230556
            }
        }
    },
    {
        "episode": 53,
        "current_state": "S1",
        "current_action": "A1",
        "td_delta": -0.005861474391213761,
        "q_table": {
            "S0": {
                "A0": 20.360815474032343,
                "A1": 18.970293234563428
            },
            "S1": {
                "A0": 18.893907002472083,
                "A1": 20.377236261144446
            }
        }
    },
    {
        "episode": 54,
        "current_state": "S1",
        "current_action": "A1",
        "td_delta": 0.006422023473934502,
        "q_table": {
            "S0": {
                "A0": 20.353617656186266,
                "A1": 18.970293234563428
            },
            "S1": {
                "A0": 18.893907002472083,
                "A1": 20.368373298071344
            }
        }
    },
    {
        "episode": 55,
        "current_state": "S1",
        "current_action": "A1",
        "td_delta": -0.001881440390491207,
        "q_table": {
            "S0": {
                "A0": 20.3546349806811,
                "A1": 18.970293234563428
            },
            "S1": {
                "A0": 18.893907002472083,
                "A1": 20.364763706281536
            }
        }
    },
    {
        "episode": 56,
        "current_state": "S0",
        "current_action": "A0",
        "td_delta": 0.0046444547823689675,
        "q_table": {
            "S0": {
                "A0": 20.357898900530497,
                "A1": 18.970293234563428
            },
            "S1": {
                "A0": 18.893907002472083,
                "A1": 20.371142370232768
            }
        }
    },
    {
        "episode": 57,
        "current_state": "S1",
        "current_action": "A1",
        "td_delta": 0.009400705707090395,
        "q_table": {
            "S0": {
                "A0": 20.363103775771254,
                "A1": 18.970293234563428
            },
            "S1": {
                "A0": 18.893907002472083,
                "A1": 20.377568671178302
            }
        }
    },
    {
        "episode": 58,
        "current_state": "S1",
        "current_action": "A1",
        "td_delta": -6.723753564585877e-06,
        "q_table": {
            "S0": {
                "A0": 20.368909763285792,
                "A1": 18.970293234563428
            },
            "S1": {
                "A0": 18.893907002472083,
                "A1": 20.378662135427543
            }
        }
    },
    {
        "episode": 59,
        "current_state": "S0",
        "current_action": "A0",
        "td_delta": 0.0036475975795049465,
        "q_table": {
            "S0": {
                "A0": 20.372628946703603,
                "A1": 18.970293234563428
            },
            "S1": {
                "A0": 18.893907002472083,
                "A1": 20.384556719228968
            }
        }
    },
    {
        "episode": 60,
        "current_state": "S1",
        "current_action": "A1",
        "td_delta": 0.009362903716677806,
        "q_table": {
            "S0": {
                "A0": 20.376327500957142,
                "A1": 18.970293234563428
            },
            "S1": {
                "A0": 18.893907002472083,
                "A1": 20.393399231808118
            }
        }
    },
    {
        "episode": 61,
        "current_state": "S1",
        "current_action": "A1",
        "td_delta": -0.005481892555046386,
        "q_table": {
            "S0": {
                "A0": 20.377298607793442,
                "A1": 18.970293234563428
            },
            "S1": {
                "A0": 18.893907002472083,
                "A1": 20.39203582712917
            }
        }
    },
    {
        "episode": 62,
        "current_state": "S0",
        "current_action": "A0",
        "td_delta": 0.004441529964903879,
        "q_table": {
            "S0": {
                "A0": 20.377281752757515,
                "A1": 18.970293234563428
            },
            "S1": {
                "A0": 18.893907002472083,
                "A1": 20.389577026523312
            }
        }
    },
    {
        "episode": 63,
        "current_state": "S1",
        "current_action": "A1",
        "td_delta": -0.0028882331283206497,
        "q_table": {
            "S0": {
                "A0": 20.377417988772493,
                "A1": 18.970293234563428
            },
            "S1": {
                "A0": 18.893907002472083,
                "A1": 20.391256723056486
            }
        }
    },
    {
        "episode": 64,
        "current_state": "S1",
        "current_action": "A1",
        "td_delta": -0.0074257086417084395,
        "q_table": {
            "S0": {
                "A0": 20.374415077045416,
                "A1": 18.970293234563428
            },
            "S1": {
                "A0": 18.893907002472083,
                "A1": 20.39242807648501
            }
        }
    },
    {
        "episode": 65,
        "current_state": "S0",
        "current_action": "A0",
        "td_delta": -0.01013464307711942,
        "q_table": {
            "S0": {
                "A0": 20.37342295264755,
                "A1": 18.970293234563428
            },
            "S1": {
                "A0": 18.893907002472083,
                "A1": 20.390113282794456
            }
        }
    },
    {
        "episode": 66,
        "current_state": "S1",
        "current_action": "A1",
        "td_delta": -0.004409706461650842,
        "q_table": {
            "S0": {
                "A0": 20.375255258719775,
                "A1": 18.970293234563428
            },
            "S1": {
                "A0": 18.893907002472083,
                "A1": 20.394121186147522
            }
        }
    },
    {
        "episode": 67,
        "current_state": "S0",
        "current_action": "A0",
        "td_delta": 0.005923906299695858,
        "q_table": {
            "S0": {
                "A0": 20.388803585017655,
                "A1": 18.970293234563428
            },
            "S1": {
                "A0": 18.893907002472083,
                "A1": 20.40406862771033
            }
        }
    },
    {
        "episode": 68,
        "current_state": "S0",
        "current_action": "A0",
        "td_delta": -0.009746515141404899,
        "q_table": {
            "S0": {
                "A0": 20.388815464937714,
                "A1": 18.970293234563428
            },
            "S1": {
                "A0": 18.893907002472083,
                "A1": 20.4068377768468
            }
        }
    },
    {
        "episode": 69,
        "current_state": "S1",
        "current_action": "A1",
        "td_delta": 0.013443354928337925,
        "q_table": {
            "S0": {
                "A0": 20.393578142998535,
                "A1": 18.970293234563428
            },
            "S1": {
                "A0": 18.893907002472083,
                "A1": 20.41343213789206
            }
        }
    },
    {
        "episode": 70,
        "current_state": "S1",
        "current_action": "A1",
        "td_delta": 0.012907989798140562,
        "q_table": {
            "S0": {
                "A0": 20.39373086972688,
                "A1": 18.970293234563428
            },
            "S1": {
                "A0": 18.893907002472083,
                "A1": 20.41365854694328
            }
        }
    },
    {
        "episode": 71,
        "current_state": "S1",
        "current_action": "A1",
        "td_delta": -0.0046229311101875226,
        "q_table": {
            "S0": {
                "A0": 20.38972390402226,
                "A1": 18.970293234563428
            },
            "S1": {
                "A0": 18.893907002472083,
                "A1": 20.410972506011632
            }
        }
    },
    {
        "episode": 72,
        "current_state": "S0",
        "current_action": "A0",
        "td_delta": 0.005521069055550498,
        "q_table": {
            "S0": {
                "A0": 20.39386791037498,
                "A1": 18.970293234563428
            },
            "S1": {
                "A0": 18.893907002472083,
                "A1": 20.414026877352555
            }
        }
    },
    {
        "episode": 73,
        "current_state": "S1",
        "current_action": "A1",
        "td_delta": -0.0035292778076581044,
        "q_table": {
            "S0": {
                "A0": 20.39860073822028,
                "A1": 18.970293234563428
            },
            "S1": {
                "A0": 18.893907002472083,
                "A1": 20.41724309974945
            }
        }
    },
    {
        "episode": 74,
        "current_state": "S1",
        "current_action": "A1",
        "td_delta": -0.008106030980762569,
        "q_table": {
            "S0": {
                "A0": 20.395781249430183,
                "A1": 18.970293234563428
            },
            "S1": {
                "A0": 18.893907002472083,
                "A1": 20.418732887733423
            }
        }
    },
    {
        "episode": 75,
        "current_state": "S0",
        "current_action": "A0",
        "td_delta": -0.012327191867683496,
        "q_table": {
            "S0": {
                "A0": 20.39725400427377,
                "A1": 18.970293234563428
            },
            "S1": {
                "A0": 18.893907002472083,
                "A1": 20.4188989436543
            }
        }
    },
    {
        "episode": 76,
        "current_state": "S0",
        "current_action": "A0",
        "td_delta": 0.005538479985379041,
        "q_table": {
            "S0": {
                "A0": 20.399113033769236,
                "A1": 18.970293234563428
            },
            "S1": {
                "A0": 18.893907002472083,
                "A1": 20.420939322326763
            }
        }
    },
    {
        "episode": 77,
        "current_state": "S0",
        "current_action": "A0",
        "td_delta": 0.009514525457600342,
        "q_table": {
            "S0": {
                "A0": 20.39768469175004,
                "A1": 18.970293234563428
            },
            "S1": {
                "A0": 18.893907002472083,
                "A1": 20.424079912066656
            }
        }
    },
    {
        "episode": 78,
        "current_state": "S1",
        "current_action": "A1",
        "td_delta": -0.004382787202917626,
        "q_table": {
            "S0": {
                "A0": 20.390637160297924,
                "A1": 18.970293234563428
            },
            "S1": {
                "A0": 18.893907002472083,
                "A1": 20.415960547424692
            }
        }
    },
    {
        "episode": 79,
        "current_state": "S0",
        "current_action": "A0",
        "td_delta": -0.01558113082830559,
        "q_table": {
            "S0": {
                "A0": 20.400120811184554,
                "A1": 18.970293234563428
            },
            "S1": {
                "A0": 18.893907002472083,
                "A1": 20.42690555839766
            }
        }
    },
    {
        "episode": 80,
        "current_state": "S0",
        "current_action": "A0",
        "td_delta": 0.004886317953822328,
        "q_table": {
            "S0": {
                "A0": 20.40820008018438,
                "A1": 18.970293234563428
            },
            "S1": {
                "A0": 18.893907002472083,
                "A1": 20.43110195027571
            }
        }
    },
    {
        "episode": 81,
        "current_state": "S1",
        "current_action": "A1",
        "td_delta": -0.0024259476980681427,
        "q_table": {
            "S0": {
                "A0": 20.405673283208547,
                "A1": 18.970293234563428
            },
            "S1": {
                "A0": 18.893907002472083,
                "A1": 20.427405225516644
            }
        }
    },
    {
        "episode": 82,
        "current_state": "S1",
        "current_action": "A1",
        "td_delta": -0.007163364911463077,
        "q_table": {
            "S0": {
                "A0": 20.39729117649881,
                "A1": 18.970293234563428
            },
            "S1": {
                "A0": 18.893907002472083,
                "A1": 20.42293243466907
            }
        }
    },
    {
        "episode": 83,
        "current_state": "S0",
        "current_action": "A0",
        "td_delta": -0.01527829542537873,
        "q_table": {
            "S0": {
                "A0": 20.39518428786361,
                "A1": 18.970293234563428
            },
            "S1": {
                "A0": 18.893907002472083,
                "A1": 20.421485006813537
            }
        }
    },
    {
        "episode": 84,
        "current_state": "S0",
        "current_action": "A0",
        "td_delta": 0.004873138891063888,
        "q_table": {
            "S0": {
                "A0": 20.39356433333407,
                "A1": 18.970293234563428
            },
            "S1": {
                "A0": 18.893907002472083,
                "A1": 20.41461322046837
            }
        }
    },
    {
        "episode": 85,
        "current_state": "S0",
        "current_action": "A0",
        "td_delta": 0.006881641182548748,
        "q_table": {
            "S0": {
                "A0": 20.392474262748095,
                "A1": 18.970293234563428
            },
            "S1": {
                "A0": 18.893907002472083,
                "A1": 20.41247047178451
            }
        }
    },
    {
        "episode": 86,
        "current_state": "S0",
        "current_action": "A0",
        "td_delta": -0.012226675372836837,
        "q_table": {
            "S0": {
                "A0": 20.39048170025486,
                "A1": 18.970293234563428
            },
            "S1": {
                "A0": 18.893907002472083,
                "A1": 20.410069373609716
            }
        }
    },
    {
        "episode": 87,
        "current_state": "S1",
        "current_action": "A1",
        "td_delta": 0.012047666931405132,
        "q_table": {
            "S0": {
                "A0": 20.39552197332536,
                "A1": 18.970293234563428
            },
            "S1": {
                "A0": 18.893907002472083,
                "A1": 20.418426240405033
            }
        }
    },
    {
        "episode": 88,
        "current_state": "S0",
        "current_action": "A0",
        "td_delta": -0.011389897847276842,
        "q_table": {
            "S0": {
                "A0": 20.396393775736346,
                "A1": 18.970293234563428
            },
            "S1": {
                "A0": 18.893907002472083,
                "A1": 20.416604121573638
            }
        }
    },
    {
        "episode": 89,
        "current_state": "S0",
        "current_action": "A0",
        "td_delta": 0.008050688719020371,
        "q_table": {
            "S0": {
                "A0": 20.389864182290687,
                "A1": 18.970293234563428
            },
            "S1": {
                "A0": 18.893907002472083,
                "A1": 20.411432184776842
            }
        }
    },
    {
        "episode": 90,
        "current_state": "S1",
        "current_action": "A1",
        "td_delta": -0.005716949804810412,
        "q_table": {
            "S0": {
                "A0": 20.393109399717435,
                "A1": 18.970293234563428
            },
            "S1": {
                "A0": 18.893907002472083,
                "A1": 20.413022792667057
            }
        }
    },
    {
        "episode": 91,
        "current_state": "S1",
        "current_action": "A1",
        "td_delta": 0.011946577693947802,
        "q_table": {
            "S0": {
                "A0": 20.387668693638407,
                "A1": 18.970293234563428
            },
            "S1": {
                "A0": 18.893907002472083,
                "A1": 20.408561792909925
            }
        }
    },
    {
        "episode": 92,
        "current_state": "S0",
        "current_action": "A0",
        "td_delta": -0.013542813533327092,
        "q_table": {
            "S0": {
                "A0": 20.383073971522975,
                "A1": 18.970293234563428
            },
            "S1": {
                "A0": 18.893907002472083,
                "A1": 20.403236382179553
            }
        }
    },
    {
        "episode": 93,
        "current_state": "S1",
        "current_action": "A1",
        "td_delta": -0.005107908458924726,
        "q_table": {
            "S0": {
                "A0": 20.382278576805977,
                "A1": 18.970293234563428
            },
            "S1": {
                "A0": 18.893907002472083,
                "A1": 20.400519477123105
            }
        }
    },
    {
        "episode": 94,
        "current_state": "S0",
        "current_action": "A0",
        "td_delta": 0.005229549858611904,
        "q_table": {
            "S0": {
                "A0": 20.383114686137755,
                "A1": 18.970293234563428
            },
            "S1": {
                "A0": 18.893907002472083,
                "A1": 20.40104240492795
            }
        }
    },
    {
        "episode": 95,
        "current_state": "S1",
        "current_action": "A1",
        "td_delta": -0.005564423792495887,
        "q_table": {
            "S0": {
                "A0": 20.380435368348763,
                "A1": 18.970293234563428
            },
            "S1": {
                "A0": 18.893907002472083,
                "A1": 20.39845460574577
            }
        }
    },
    {
        "episode": 96,
        "current_state": "S1",
        "current_action": "A1",
        "td_delta": -0.005458893884934923,
        "q_table": {
            "S0": {
                "A0": 20.380719406516455,
                "A1": 18.970293234563428
            },
            "S1": {
                "A0": 18.893907002472083,
                "A1": 20.396520242819022
            }
        }
    },
    {
        "episode": 97,
        "current_state": "S1",
        "current_action": "A1",
        "td_delta": -0.003390006499049747,
        "q_table": {
            "S0": {
                "A0": 20.38489779710423,
                "A1": 18.970293234563428
            },
            "S1": {
                "A0": 18.893907002472083,
                "A1": 20.399935992324057
            }
        }
    },
    {
        "episode": 98,
        "current_state": "S0",
        "current_action": "A0",
        "td_delta": 0.00406344598219377,
        "q_table": {
            "S0": {
                "A0": 20.390662896731836,
                "A1": 18.970293234563428
            },
            "S1": {
                "A0": 18.893907002472083,
                "A1": 20.404444311108005
            }
        }
    },
    {
        "episode": 99,
        "current_state": "S0",
        "current_action": "A0",
        "td_delta": -0.008760827754048961,
        "q_table": {
            "S0": {
                "A0": 20.392977034623183,
                "A1": 18.970293234563428
            },
            "S1": {
                "A0": 18.893907002472083,
                "A1": 20.406740263151242
            }
        }
    },
    {
        "episode": 100,
        "current_state": "S0",
        "current_action": "A0",
        "td_delta": 0.005614137548022313,
        "q_table": {
            "S0": {
                "A0": 20.393433886563646,
                "A1": 18.970293234563428
            },
            "S1": {
                "A0": 18.893907002472083,
                "A1": 20.408383142416113
            }
        }
    },
    {
        "episode": 101,
        "current_state": "S1",
        "current_action": "A1",
        "td_delta": -0.001046952317576455,
        "q_table": {
            "S0": {
                "A0": 20.397835213992646,
                "A1": 18.970293234563428
            },
            "S1": {
                "A0": 18.893907002472083,
                "A1": 20.409955799833373
            }
        }
    },
    {
        "episode": 102,
        "current_state": "S0",
        "current_action": "A0",
        "td_delta": 0.0045135467115891,
        "q_table": {
            "S0": {
                "A0": 20.38927518759383,
                "A1": 18.970293234563428
            },
            "S1": {
                "A0": 18.893907002472083,
                "A1": 20.403714206067914
            }
        }
    },
    {
        "episode": 103,
        "current_state": "S1",
        "current_action": "A1",
        "td_delta": -0.0015099545806442904,
        "q_table": {
            "S0": {
                "A0": 20.394689375204965,
                "A1": 18.970293234563428
            },
            "S1": {
                "A0": 18.893907002472083,
                "A1": 20.406712499010272
            }
        }
    },
    {
        "episode": 104,
        "current_state": "S1",
        "current_action": "A1",
        "td_delta": -0.002276531332562115,
        "q_table": {
            "S0": {
                "A0": 20.39478122032044,
                "A1": 18.970293234563428
            },
            "S1": {
                "A0": 18.893907002472083,
                "A1": 20.406670225916077
            }
        }
    },
    {
        "episode": 105,
        "current_state": "S1",
        "current_action": "A1",
        "td_delta": -0.0040932349018838465,
        "q_table": {
            "S0": {
                "A0": 20.39423583274034,
                "A1": 18.970293234563428
            },
            "S1": {
                "A0": 18.893907002472083,
                "A1": 20.40618944983403
            }
        }
    },
    {
        "episode": 106,
        "current_state": "S1",
        "current_action": "A1",
        "td_delta": -0.0031833947850579136,
        "q_table": {
            "S0": {
                "A0": 20.388148022503316,
                "A1": 18.970293234563428
            },
            "S1": {
                "A0": 18.893907002472083,
                "A1": 20.39940490948741
            }
        }
    },
    {
        "episode": 107,
        "current_state": "S0",
        "current_action": "A0",
        "td_delta": 0.002950493953800759,
        "q_table": {
            "S0": {
                "A0": 20.381333361102214,
                "A1": 18.970293234563428
            },
            "S1": {
                "A0": 18.893907002472083,
                "A1": 20.39476042333804
            }
        }
    },
    {
        "episode": 108,
        "current_state": "S1",
        "current_action": "A1",
        "td_delta": 0.007343628007394187,
        "q_table": {
            "S0": {
                "A0": 20.376505996559313,
                "A1": 18.970293234563428
            },
            "S1": {
                "A0": 18.893907002472083,
                "A1": 20.390030714746715
            }
        }
    },
    {
        "episode": 109,
        "current_state": "S0",
        "current_action": "A0",
        "td_delta": -0.007651171034531501,
        "q_table": {
            "S0": {
                "A0": 20.375927040755382,
                "A1": 18.970293234563428
            },
            "S1": {
                "A0": 18.893907002472083,
                "A1": 20.38589360645305
            }
        }
    },
    {
        "episode": 110,
        "current_state": "S0",
        "current_action": "A0",
        "td_delta": 0.002429944471117551,
        "q_table": {
            "S0": {
                "A0": 20.367593783477368,
                "A1": 18.970293234563428
            },
            "S1": {
                "A0": 18.893907002472083,
                "A1": 20.378668611356385
            }
        }
    },
    {
        "episode": 111,
        "current_state": "S1",
        "current_action": "A1",
        "td_delta": 0.007274010442195333,
        "q_table": {
            "S0": {
                "A0": 20.363706519641156,
                "A1": 18.970293234563428
            },
            "S1": {
                "A0": 18.893907002472083,
                "A1": 20.376453818058728
            }
        }
    },
    {
        "episode": 112,
        "current_state": "S0",
        "current_action": "A0",
        "td_delta": -0.006594656626656814,
        "q_table": {
            "S0": {
                "A0": 20.36163087805648,
                "A1": 18.970293234563428
            },
            "S1": {
                "A0": 18.893907002472083,
                "A1": 20.37109196269683
            }
        }
    },
    {
        "episode": 113,
        "current_state": "S1",
        "current_action": "A1",
        "td_delta": -0.0005869236004372169,
        "q_table": {
            "S0": {
                "A0": 20.36209299483224,
                "A1": 18.970293234563428
            },
            "S1": {
                "A0": 18.893907002472083,
                "A1": 20.369291701509148
            }
        }
    },
    {
        "episode": 114,
        "current_state": "S1",
        "current_action": "A1",
        "td_delta": -0.0014600356009246696,
        "q_table": {
            "S0": {
                "A0": 20.364140027997983,
                "A1": 18.970293234563428
            },
            "S1": {
                "A0": 18.893907002472083,
                "A1": 20.37239489555478
            }
        }
    },
    {
        "episode": 115,
        "current_state": "S1",
        "current_action": "A1",
        "td_delta": -0.002644703007614879,
        "q_table": {
            "S0": {
                "A0": 20.36705563880272,
                "A1": 18.970293234563428
            },
            "S1": {
                "A0": 18.893907002472083,
                "A1": 20.375928593969988
            }
        }
    },
    {
        "episode": 116,
        "current_state": "S0",
        "current_action": "A0",
        "td_delta": 0.0025943040163589615,
        "q_table": {
            "S0": {
                "A0": 20.36693096421528,
                "A1": 18.970293234563428
            },
            "S1": {
                "A0": 18.893907002472083,
                "A1": 20.376113629711874
            }
        }
    },
    {
        "episode": 117,
        "current_state": "S0",
        "current_action": "A0",
        "td_delta": -0.007675039389077654,
        "q_table": {
            "S0": {
                "A0": 20.363389454612168,
                "A1": 18.970293234563428
            },
            "S1": {
                "A0": 18.893907002472083,
                "A1": 20.373994931773158
            }
        }
    },
    {
        "episode": 118,
        "current_state": "S0",
        "current_action": "A0",
        "td_delta": 0.005723234961376278,
        "q_table": {
            "S0": {
                "A0": 20.361716528816135,
                "A1": 18.970293234563428
            },
            "S1": {
                "A0": 18.893907002472083,
                "A1": 20.374541576746164
            }
        }
    },
    {
        "episode": 119,
        "current_state": "S1",
        "current_action": "A1",
        "td_delta": -0.0007988425484626305,
        "q_table": {
            "S0": {
                "A0": 20.36580795995576,
                "A1": 18.970293234563428
            },
            "S1": {
                "A0": 18.893907002472083,
                "A1": 20.37456692985129
            }
        }
    },
    {
        "episode": 120,
        "current_state": "S0",
        "current_action": "A0",
        "td_delta": -0.007306020613942366,
        "q_table": {
            "S0": {
                "A0": 20.36349830848075,
                "A1": 18.970293234563428
            },
            "S1": {
                "A0": 18.893907002472083,
                "A1": 20.37505411827022
            }
        }
    },
    {
        "episode": 121,
        "current_state": "S1",
        "current_action": "A1",
        "td_delta": 0.004398749809642055,
        "q_table": {
            "S0": {
                "A0": 20.359462407940306,
                "A1": 18.970293234563428
            },
            "S1": {
                "A0": 18.893907002472083,
                "A1": 20.372981809402404
            }
        }
    },
    {
        "episode": 122,
        "current_state": "S0",
        "current_action": "A0",
        "td_delta": -0.005237410418100552,
        "q_table": {
            "S0": {
                "A0": 20.358085377957995,
                "A1": 18.970293234563428
            },
            "S1": {
                "A0": 18.893907002472083,
                "A1": 20.367066754396646
            }
        }
    },
    {
        "episode": 123,
        "current_state": "S0",
        "current_action": "A0",
        "td_delta": 0.002044747050266693,
        "q_table": {
            "S0": {
                "A0": 20.357812671591823,
                "A1": 18.970293234563428
            },
            "S1": {
                "A0": 18.893907002472083,
                "A1": 20.366201850989192
            }
        }
    },
    {
        "episode": 124,
        "current_state": "S0",
        "current_action": "A0",
        "td_delta": 0.0015108168775235242,
        "q_table": {
            "S0": {
                "A0": 20.35914419352408,
                "A1": 18.970293234563428
            },
            "S1": {
                "A0": 18.893907002472083,
                "A1": 20.366799947136496
            }
        }
    },
    {
        "episode": 125,
        "current_state": "S0",
        "current_action": "A0",
        "td_delta": -0.005644956368161758,
        "q_table": {
            "S0": {
                "A0": 20.35577279660344,
                "A1": 18.970293234563428
            },
            "S1": {
                "A0": 18.893907002472083,
                "A1": 20.363387774113722
            }
        }
    },
    {
        "episode": 126,
        "current_state": "S1",
        "current_action": "A1",
        "td_delta": -0.0029588834481586446,
        "q_table": {
            "S0": {
                "A0": 20.353444940403104,
                "A1": 18.970293234563428
            },
            "S1": {
                "A0": 18.893907002472083,
                "A1": 20.362954783071935
            }
        }
    },
    {
        "episode": 127,
        "current_state": "S0",
        "current_action": "A0",
        "td_delta": 0.004402812688717006,
        "q_table": {
            "S0": {
                "A0": 20.357701696010736,
                "A1": 18.970293234563428
            },
            "S1": {
                "A0": 18.893907002472083,
                "A1": 20.36810961929455
            }
        }
    },
    {
        "episode": 128,
        "current_state": "S0",
        "current_action": "A0",
        "td_delta": 0.0021930920190769143,
        "q_table": {
            "S0": {
                "A0": 20.357795831772084,
                "A1": 18.970293234563428
            },
            "S1": {
                "A0": 18.893907002472083,
                "A1": 20.36733575220237
            }
        }
    },
    {
        "episode": 129,
        "current_state": "S1",
        "current_action": "A1",
        "td_delta": -0.0038573476555860964,
        "q_table": {
            "S0": {
                "A0": 20.355699538133013,
                "A1": 18.970293234563428
            },
            "S1": {
                "A0": 18.893907002472083,
                "A1": 20.364587014567572
            }
        }
    },
    {
        "episode": 130,
        "current_state": "S1",
        "current_action": "A1",
        "td_delta": -0.0029540547505426673,
        "q_table": {
            "S0": {
                "A0": 20.354225257500655,
                "A1": 18.970293234563428
            },
            "S1": {
                "A0": 18.893907002472083,
                "A1": 20.363405107410163
            }
        }
    },
    {
        "episode": 131,
        "current_state": "S1",
        "current_action": "A1",
        "td_delta": 0.005303815288513647,
        "q_table": {
            "S0": {
                "A0": 20.353799438458942,
                "A1": 18.970293234563428
            },
            "S1": {
                "A0": 18.893907002472083,
                "A1": 20.36351505710735
            }
        }
    },
    {
        "episode": 132,
        "current_state": "S1",
        "current_action": "A1",
        "td_delta": 0.006052570681404745,
        "q_table": {
            "S0": {
                "A0": 20.353685018775145,
                "A1": 18.970293234563428
            },
            "S1": {
                "A0": 18.893907002472083,
                "A1": 20.36376003053243
            }
        }
    },
    {
        "episode": 133,
        "current_state": "S1",
        "current_action": "A1",
        "td_delta": -0.0027852354762529785,
        "q_table": {
            "S0": {
                "A0": 20.348217459303253,
                "A1": 18.970293234563428
            },
            "S1": {
                "A0": 18.893907002472083,
                "A1": 20.357986795676336
            }
        }
    },
    {
        "episode": 134,
        "current_state": "S1",
        "current_action": "A1",
        "td_delta": -0.003075270975951838,
        "q_table": {
            "S0": {
                "A0": 20.346689763944095,
                "A1": 18.970293234563428
            },
            "S1": {
                "A0": 18.893907002472083,
                "A1": 20.35572398417697
            }
        }
    },
    {
        "episode": 135,
        "current_state": "S1",
        "current_action": "A1",
        "td_delta": -0.0027689381086446474,
        "q_table": {
            "S0": {
                "A0": 20.34643214481318,
                "A1": 18.970293234563428
            },
            "S1": {
                "A0": 18.893907002472083,
                "A1": 20.35418075500548
            }
        }
    },
    {
        "episode": 136,
        "current_state": "S0",
        "current_action": "A0",
        "td_delta": 0.0010820055408018447,
        "q_table": {
            "S0": {
                "A0": 20.34464151639169,
                "A1": 18.970293234563428
            },
            "S1": {
                "A0": 18.893907002472083,
                "A1": 20.35100838383462
            }
        }
    },
    {
        "episode": 137,
        "current_state": "S1",
        "current_action": "A1",
        "td_delta": -0.0025201457813999184,
        "q_table": {
            "S0": {
                "A0": 20.34229880675896,
                "A1": 18.970293234563428
            },
            "S1": {
                "A0": 18.893907002472083,
                "A1": 20.34857378321055
            }
        }
    },
    {
        "episode": 138,
        "current_state": "S1",
        "current_action": "A1",
        "td_delta": -0.0014834298529748935,
        "q_table": {
            "S0": {
                "A0": 20.33865029513979,
                "A1": 18.970293234563428
            },
            "S1": {
                "A0": 18.893907002472083,
                "A1": 20.34441997414912
            }
        }
    },
    {
        "episode": 139,
        "current_state": "S0",
        "current_action": "A0",
        "td_delta": 0.0018210496024124723,
        "q_table": {
            "S0": {
                "A0": 20.33836571994971,
                "A1": 18.970293234563428
            },
            "S1": {
                "A0": 18.893907002472083,
                "A1": 20.344084039437046
            }
        }
    },
    {
        "episode": 140,
        "current_state": "S1",
        "current_action": "A1",
        "td_delta": -0.0010140623524392822,
        "q_table": {
            "S0": {
                "A0": 20.33891342619389,
                "A1": 18.970293234563428
            },
            "S1": {
                "A0": 18.893907002472083,
                "A1": 20.34387499706025
            }
        }
    },
    {
        "episode": 141,
        "current_state": "S1",
        "current_action": "A1",
        "td_delta": 0.0027408219081195284,
        "q_table": {
            "S0": {
                "A0": 20.340198290889646,
                "A1": 18.970293234563428
            },
            "S1": {
                "A0": 18.893907002472083,
                "A1": 20.34545173250657
            }
        }
    },
    {
        "episode": 142,
        "current_state": "S0",
        "current_action": "A0",
        "td_delta": 0.0017318067212066524,
        "q_table": {
            "S0": {
                "A0": 20.34304619136697,
                "A1": 18.970293234563428
            },
            "S1": {
                "A0": 18.893907002472083,
                "A1": 20.346389747227974
            }
        }
    },
    {
        "episode": 143,
        "current_state": "S0",
        "current_action": "A0",
        "td_delta": 0.0012334946908723055,
        "q_table": {
            "S0": {
                "A0": 20.345000130754794,
                "A1": 18.970293234563428
            },
            "S1": {
                "A0": 18.893907002472083,
                "A1": 20.348438550208527
            }
        }
    },
    {
        "episode": 144,
        "current_state": "S0",
        "current_action": "A0",
        "td_delta": 0.0015246683530776295,
        "q_table": {
            "S0": {
                "A0": 20.345482804346567,
                "A1": 18.970293234563428
            },
            "S1": {
                "A0": 18.893907002472083,
                "A1": 20.348091343107214
            }
        }
    },
    {
        "episode": 145,
        "current_state": "S1",
        "current_action": "A1",
        "td_delta": 0.0003403514943904895,
        "q_table": {
            "S0": {
                "A0": 20.349998748625737,
                "A1": 18.970293234563428
            },
            "S1": {
                "A0": 18.893907002472083,
                "A1": 20.351694783072308
            }
        }
    },
    {
        "episode": 146,
        "current_state": "S0",
        "current_action": "A0",
        "td_delta": 0.0014873721081976043,
        "q_table": {
            "S0": {
                "A0": 20.355262386323403,
                "A1": 18.970293234563428
            },
            "S1": {
                "A0": 18.893907002472083,
                "A1": 20.356838492358584
            }
        }
    },
    {
        "episode": 147,
        "current_state": "S1",
        "current_action": "A1",
        "td_delta": 0.001771624807851424,
        "q_table": {
            "S0": {
                "A0": 20.357525055858574,
                "A1": 18.970293234563428
            },
            "S1": {
                "A0": 18.893907002472083,
                "A1": 20.35954048160509
            }
        }
    },
    {
        "episode": 148,
        "current_state": "S1",
        "current_action": "A1",
        "td_delta": -0.0006098292767440228,
        "q_table": {
            "S0": {
                "A0": 20.358199248330294,
                "A1": 18.970293234563428
            },
            "S1": {
                "A0": 18.893907002472083,
                "A1": 20.360761276293204
            }
        }
    },
    {
        "episode": 149,
        "current_state": "S1",
        "current_action": "A1",
        "td_delta": -0.000726493856717525,
        "q_table": {
            "S0": {
                "A0": 20.359051830578338,
                "A1": 18.970293234563428
            },
            "S1": {
                "A0": 18.893907002472083,
                "A1": 20.361797436708372
            }
        }
    },
    {
        "episode": 150,
        "current_state": "S0",
        "current_action": "A0",
        "td_delta": 0.0010149457781807314,
        "q_table": {
            "S0": {
                "A0": 20.360461763315094,
                "A1": 18.970293234563428
            },
            "S1": {
                "A0": 18.893907002472083,
                "A1": 20.362831056014613
            }
        }
    },
    {
        "episode": 151,
        "current_state": "S0",
        "current_action": "A0",
        "td_delta": 0.0017377163270637652,
        "q_table": {
            "S0": {
                "A0": 20.36185643866448,
                "A1": 18.970293234563428
            },
            "S1": {
                "A0": 18.893907002472083,
                "A1": 20.365011985139112
            }
        }
    },
    {
        "episode": 152,
        "current_state": "S1",
        "current_action": "A1",
        "td_delta": 0.0018282733694938713,
        "q_table": {
            "S0": {
                "A0": 20.363167791252533,
                "A1": 18.970293234563428
            },
            "S1": {
                "A0": 18.893907002472083,
                "A1": 20.36602072892958
            }
        }
    },
    {
        "episode": 153,
        "current_state": "S1",
        "current_action": "A1",
        "td_delta": 0.000472440681395625,
        "q_table": {
            "S0": {
                "A0": 20.36629859777979,
                "A1": 18.970293234563428
            },
            "S1": {
                "A0": 18.893907002472083,
                "A1": 20.36779334356633
            }
        }
    },
    {
        "episode": 154,
        "current_state": "S1",
        "current_action": "A1",
        "td_delta": -0.000559131908744348,
        "q_table": {
            "S0": {
                "A0": 20.366219269012298,
                "A1": 18.970293234563428
            },
            "S1": {
                "A0": 18.893907002472083,
                "A1": 20.367156354790175
            }
        }
    },
    {
        "episode": 155,
        "current_state": "S0",
        "current_action": "A0",
        "td_delta": -0.00039928185666937566,
        "q_table": {
            "S0": {
                "A0": 20.365436505568447,
                "A1": 18.970293234563428
            },
            "S1": {
                "A0": 18.893907002472083,
                "A1": 20.366314070372113
            }
        }
    },
    {
        "episode": 156,
        "current_state": "S0",
        "current_action": "A0",
        "td_delta": -0.001774147588509578,
        "q_table": {
            "S0": {
                "A0": 20.364488470493466,
                "A1": 18.970293234563428
            },
            "S1": {
                "A0": 18.893907002472083,
                "A1": 20.367356695557415
            }
        }
    },
    {
        "episode": 157,
        "current_state": "S1",
        "current_action": "A1",
        "td_delta": -0.0010306087566647193,
        "q_table": {
            "S0": {
                "A0": 20.362654983221347,
                "A1": 18.970293234563428
            },
            "S1": {
                "A0": 18.893907002472083,
                "A1": 20.364892677266724
            }
        }
    },
    {
        "episode": 158,
        "current_state": "S0",
        "current_action": "A0",
        "td_delta": 0.0010879951041573577,
        "q_table": {
            "S0": {
                "A0": 20.362875813171158,
                "A1": 18.970293234563428
            },
            "S1": {
                "A0": 18.893907002472083,
                "A1": 20.364364605922106
            }
        }
    },
    {
        "episode": 159,
        "current_state": "S1",
        "current_action": "A1",
        "td_delta": 0.0004040980092234747,
        "q_table": {
            "S0": {
                "A0": 20.365434400460725,
                "A1": 18.970293234563428
            },
            "S1": {
                "A0": 18.893907002472083,
                "A1": 20.366792453549955
            }
        }
    },
    {
        "episode": 160,
        "current_state": "S1",
        "current_action": "A1",
        "td_delta": -0.0006800149486032581,
        "q_table": {
            "S0": {
                "A0": 20.365598956398323,
                "A1": 18.970293234563428
            },
            "S1": {
                "A0": 18.893907002472083,
                "A1": 20.367711942623515
            }
        }
    },
    {
        "episode": 161,
        "current_state": "S1",
        "current_action": "A1",
        "td_delta": -0.0004041877378000436,
        "q_table": {
            "S0": {
                "A0": 20.364337124536558,
                "A1": 18.970293234563428
            },
            "S1": {
                "A0": 18.893907002472083,
                "A1": 20.366734441402485
            }
        }
    },
    {
        "episode": 162,
        "current_state": "S1",
        "current_action": "A1",
        "td_delta": -0.001085511658367011,
        "q_table": {
            "S0": {
                "A0": 20.365341114687602,
                "A1": 18.970293234563428
            },
            "S1": {
                "A0": 18.893907002472083,
                "A1": 20.36923839784541
            }
        }
    },
    {
        "episode": 163,
        "current_state": "S0",
        "current_action": "A0",
        "td_delta": 0.0009587130717036985,
        "q_table": {
            "S0": {
                "A0": 20.36553301509406,
                "A1": 18.970293234563428
            },
            "S1": {
                "A0": 18.893907002472083,
                "A1": 20.369712956053625
            }
        }
    },
    {
        "episode": 164,
        "current_state": "S0",
        "current_action": "A0",
        "td_delta": 0.001476880019684046,
        "q_table": {
            "S0": {
                "A0": 20.36429633369856,
                "A1": 18.970293234563428
            },
            "S1": {
                "A0": 18.893907002472083,
                "A1": 20.370065086798395
            }
        }
    },
    {
        "episode": 165,
        "current_state": "S0",
        "current_action": "A0",
        "td_delta": 0.0023775977646742774,
        "q_table": {
            "S0": {
                "A0": 20.362307972972214,
                "A1": 18.970293234563428
            },
            "S1": {
                "A0": 18.893907002472083,
                "A1": 20.369160564755422
            }
        }
    },
    {
        "episode": 166,
        "current_state": "S1",
        "current_action": "A1",
        "td_delta": -0.00160467895443972,
        "q_table": {
            "S0": {
                "A0": 20.363489372782656,
                "A1": 18.970293234563428
            },
            "S1": {
                "A0": 18.893907002472083,
                "A1": 20.36808454462671
            }
        }
    },
    {
        "episode": 167,
        "current_state": "S0",
        "current_action": "A0",
        "td_delta": 0.0011405511895432596,
        "q_table": {
            "S0": {
                "A0": 20.365240647272092,
                "A1": 18.970293234563428
            },
            "S1": {
                "A0": 18.893907002472083,
                "A1": 20.369078351169634
            }
        }
    },
    {
        "episode": 168,
        "current_state": "S0",
        "current_action": "A0",
        "td_delta": -0.002063580275400767,
        "q_table": {
            "S0": {
                "A0": 20.367125760614233,
                "A1": 18.970293234563428
            },
            "S1": {
                "A0": 18.893907002472083,
                "A1": 20.371781650739923
            }
        }
    },
    {
        "episode": 169,
        "current_state": "S1",
        "current_action": "A1",
        "td_delta": -0.0014223657000158596,
        "q_table": {
            "S0": {
                "A0": 20.368774573209794,
                "A1": 18.970293234563428
            },
            "S1": {
                "A0": 18.893907002472083,
                "A1": 20.37342704777315
            }
        }
    },
    {
        "episode": 170,
        "current_state": "S1",
        "current_action": "A1",
        "td_delta": 0.0030350289856961865,
        "q_table": {
            "S0": {
                "A0": 20.367540644094035,
                "A1": 18.970293234563428
            },
            "S1": {
                "A0": 18.893907002472083,
                "A1": 20.373270848575324
            }
        }
    },
    {
        "episode": 171,
        "current_state": "S0",
        "current_action": "A0",
        "td_delta": 0.00029150829357504904,
        "q_table": {
            "S0": {
                "A0": 20.364627190108564,
                "A1": 18.970293234563428
            },
            "S1": {
                "A0": 18.893907002472083,
                "A1": 20.37062169218424
            }
        }
    },
    {
        "episode": 172,
        "current_state": "S0",
        "current_action": "A0",
        "td_delta": 0.002072322833104323,
        "q_table": {
            "S0": {
                "A0": 20.36400044112041,
                "A1": 18.970293234563428
            },
            "S1": {
                "A0": 18.893907002472083,
                "A1": 20.370543499077066
            }
        }
    },
    {
        "episode": 173,
        "current_state": "S1",
        "current_action": "A1",
        "td_delta": 0.0044796923259013965,
        "q_table": {
            "S0": {
                "A0": 20.362367123252564,
                "A1": 18.970293234563428
            },
            "S1": {
                "A0": 18.893907002472083,
                "A1": 20.369714845129323
            }
        }
    },
    {
        "episode": 174,
        "current_state": "S0",
        "current_action": "A0",
        "td_delta": 0.0008992180472198186,
        "q_table": {
            "S0": {
                "A0": 20.3651676925669,
                "A1": 18.970293234563428
            },
            "S1": {
                "A0": 18.893907002472083,
                "A1": 20.3704764924335
            }
        }
    },
    {
        "episode": 175,
        "current_state": "S1",
        "current_action": "A1",
        "td_delta": -0.0007964242046156755,
        "q_table": {
            "S0": {
                "A0": 20.36454219462346,
                "A1": 18.970293234563428
            },
            "S1": {
                "A0": 18.893907002472083,
                "A1": 20.3696439238234
            }
        }
    },
    {
        "episode": 176,
        "current_state": "S1",
        "current_action": "A1",
        "td_delta": -0.0017187678294554587,
        "q_table": {
            "S0": {
                "A0": 20.363529957270142,
                "A1": 18.970293234563428
            },
            "S1": {
                "A0": 18.893907002472083,
                "A1": 20.36891010159328
            }
        }
    },
    {
        "episode": 177,
        "current_state": "S1",
        "current_action": "A1",
        "td_delta": -0.0023453553650796266,
        "q_table": {
            "S0": {
                "A0": 20.36385611161343,
                "A1": 18.970293234563428
            },
            "S1": {
                "A0": 18.893907002472083,
                "A1": 20.36920486542724
            }
        }
    },
    {
        "episode": 178,
        "current_state": "S1",
        "current_action": "A1",
        "td_delta": 0.0026006763033095126,
        "q_table": {
            "S0": {
                "A0": 20.35932460626886,
                "A1": 18.970293234563428
            },
            "S1": {
                "A0": 18.893907002472083,
                "A1": 20.366878254234773
            }
        }
    },
    {
        "episode": 179,
        "current_state": "S0",
        "current_action": "A0",
        "td_delta": -0.003710541673633827,
        "q_table": {
            "S0": {
                "A0": 20.357057351826807,
                "A1": 18.970293234563428
            },
            "S1": {
                "A0": 18.893907002472083,
                "A1": 20.36177985047266
            }
        }
    },
    {
        "episode": 180,
        "current_state": "S0",
        "current_action": "A0",
        "td_delta": 0.0005065604657161771,
        "q_table": {
            "S0": {
                "A0": 20.354913291321516,
                "A1": 18.970293234563428
            },
            "S1": {
                "A0": 18.893907002472083,
                "A1": 20.35848198869803
            }
        }
    },
    {
        "episode": 181,
        "current_state": "S1",
        "current_action": "A1",
        "td_delta": 0.0025849640236650373,
        "q_table": {
            "S0": {
                "A0": 20.35267047787794,
                "A1": 18.970293234563428
            },
            "S1": {
                "A0": 18.893907002472083,
                "A1": 20.35789772396258
            }
        }
    },
    {
        "episode": 182,
        "current_state": "S1",
        "current_action": "A1",
        "td_delta": -0.0015821913935170073,
        "q_table": {
            "S0": {
                "A0": 20.350943255893327,
                "A1": 18.970293234563428
            },
            "S1": {
                "A0": 18.893907002472083,
                "A1": 20.356198947472663
            }
        }
    },
    {
        "episode": 183,
        "current_state": "S1",
        "current_action": "A1",
        "td_delta": 0.003550347619231786,
        "q_table": {
            "S0": {
                "A0": 20.352727298359405,
                "A1": 18.970293234563428
            },
            "S1": {
                "A0": 18.893907002472083,
                "A1": 20.35911593541995
            }
        }
    },
    {
        "episode": 184,
        "current_state": "S0",
        "current_action": "A0",
        "td_delta": 0.0038075867745099856,
        "q_table": {
            "S0": {
                "A0": 20.35417576468097,
                "A1": 18.970293234563428
            },
            "S1": {
                "A0": 18.893907002472083,
                "A1": 20.360788749186053
            }
        }
    },
    {
        "episode": 185,
        "current_state": "S0",
        "current_action": "A0",
        "td_delta": 0.002382540789131582,
        "q_table": {
            "S0": {
                "A0": 20.357099027555254,
                "A1": 18.970293234563428
            },
            "S1": {
                "A0": 18.893907002472083,
                "A1": 20.362684933626316
            }
        }
    },
    {
        "episode": 186,
        "current_state": "S0",
        "current_action": "A0",
        "td_delta": 0.0017271582701070542,
        "q_table": {
            "S0": {
                "A0": 20.35898441561902,
                "A1": 18.970293234563428
            },
            "S1": {
                "A0": 18.893907002472083,
                "A1": 20.365246255108577
            }
        }
    },
    {
        "episode": 187,
        "current_state": "S0",
        "current_action": "A0",
        "td_delta": -0.00018914938739911236,
        "q_table": {
            "S0": {
                "A0": 20.358905504675015,
                "A1": 18.970293234563428
            },
            "S1": {
                "A0": 18.893907002472083,
                "A1": 20.363427885251923
            }
        }
    },
    {
        "episode": 188,
        "current_state": "S0",
        "current_action": "A0",
        "td_delta": 0.003611084230513484,
        "q_table": {
            "S0": {
                "A0": 20.35373276318117,
                "A1": 18.970293234563428
            },
            "S1": {
                "A0": 18.893907002472083,
                "A1": 20.36093514171773
            }
        }
    },
    {
        "episode": 189,
        "current_state": "S1",
        "current_action": "A1",
        "td_delta": -0.000584141747047795,
        "q_table": {
            "S0": {
                "A0": 20.355993046600652,
                "A1": 18.970293234563428
            },
            "S1": {
                "A0": 18.893907002472083,
                "A1": 20.359639983695047
            }
        }
    },
    {
        "episode": 190,
        "current_state": "S1",
        "current_action": "A1",
        "td_delta": -0.0018549547974267,
        "q_table": {
            "S0": {
                "A0": 20.35152991931576,
                "A1": 18.970293234563428
            },
            "S1": {
                "A0": 18.893907002472083,
                "A1": 20.35584272792643
            }
        }
    },
    {
        "episode": 191,
        "current_state": "S1",
        "current_action": "A1",
        "td_delta": -0.00038239402195827665,
        "q_table": {
            "S0": {
                "A0": 20.349743247505053,
                "A1": 18.970293234563428
            },
            "S1": {
                "A0": 18.893907002472083,
                "A1": 20.3537693676288
            }
        }
    },
    {
        "episode": 192,
        "current_state": "S0",
        "current_action": "A0",
        "td_delta": 0.001291210419115174,
        "q_table": {
            "S0": {
                "A0": 20.350987717544964,
                "A1": 18.970293234563428
            },
            "S1": {
                "A0": 18.893907002472083,
                "A1": 20.35614827712025
            }
        }
    },
    {
        "episode": 193,
        "current_state": "S1",
        "current_action": "A1",
        "td_delta": -0.0031192985111445637,
        "q_table": {
            "S0": {
                "A0": 20.350965244421584,
                "A1": 18.970293234563428
            },
            "S1": {
                "A0": 18.893907002472083,
                "A1": 20.35865426250523
            }
        }
    },
    {
        "episode": 194,
        "current_state": "S1",
        "current_action": "A1",
        "td_delta": 0.003299336774606587,
        "q_table": {
            "S0": {
                "A0": 20.35136487737687,
                "A1": 18.970293234563428
            },
            "S1": {
                "A0": 18.893907002472083,
                "A1": 20.357780485013492
            }
        }
    },
    {
        "episode": 195,
        "current_state": "S0",
        "current_action": "A0",
        "td_delta": -0.0029035365780920586,
        "q_table": {
            "S0": {
                "A0": 20.349734170637312,
                "A1": 18.970293234563428
            },
            "S1": {
                "A0": 18.893907002472083,
                "A1": 20.354120537736005
            }
        }
    },
    {
        "episode": 196,
        "current_state": "S0",
        "current_action": "A0",
        "td_delta": 0.0006864792249139384,
        "q_table": {
            "S0": {
                "A0": 20.35079566603506,
                "A1": 18.970293234563428
            },
            "S1": {
                "A0": 18.893907002472083,
                "A1": 20.354760960210005
            }
        }
    },
    {
        "episode": 197,
        "current_state": "S1",
        "current_action": "A1",
        "td_delta": -0.0010371129843740334,
        "q_table": {
            "S0": {
                "A0": 20.35148633816204,
                "A1": 18.970293234563428
            },
            "S1": {
                "A0": 18.893907002472083,
                "A1": 20.35552443822714
            }
        }
    },
    {
        "episode": 198,
        "current_state": "S0",
        "current_action": "A0",
        "td_delta": 0.001152433185211521,
        "q_table": {
            "S0": {
                "A0": 20.35206959209941,
                "A1": 18.970293234563428
            },
            "S1": {
                "A0": 18.893907002472083,
                "A1": 20.356522163006833
            }
        }
    },
    {
        "episode": 199,
        "current_state": "S0",
        "current_action": "A0",
        "td_delta": -0.003333035705836096,
        "q_table": {
            "S0": {
                "A0": 20.35245533248263,
                "A1": 18.970293234563428
            },
            "S1": {
                "A0": 18.893907002472083,
                "A1": 20.357112239332785
            }
        }
    }
]