[
    {
        "episode": 0,
        "current_state": "S0",
        "current_action": "A0",
        "td_delta": 1.8167462669531242,
        "q_table": {
            "S0": {
                "A0": 3.888575600949255,
                "A1": 3.593245094021721
            },
            "S1": {
                "A0": 3.4765578849146226,
                "A1": 3.710891916401579
            }
        }
    },
    {
        "episode": 1,
        "current_state": "S0",
        "current_action": "A0",
        "td_delta": 1.3781326441031236,
        "q_table": {
            "S0": {
                "A0": 7.79616817246075,
                "A1": 5.958202159861012
            },
            "S1": {
                "A0": 6.4340574494865175,
                "A1": 7.764183364741266
            }
        }
    },
    {
        "episode": 2,
        "current_state": "S0",
        "current_action": "A1",
        "td_delta": 1.856253138773008,
        "q_table": {
            "S0": {
                "A0": 10.981323858374838,
                "A1": 9.360205694098115
            },
            "S1": {
                "A0": 9.776763946789117,
                "A1": 10.525527762542884
            }
        }
    },
    {
        "episode": 3,
        "current_state": "S1",
        "current_action": "A0",
        "td_delta": 0.7755282370984382,
        "q_table": {
            "S0": {
                "A0": 13.281830019564454,
                "A1": 11.56362529087272
            },
            "S1": {
                "A0": 12.26208674939486,
                "A1": 13.2007733810459
            }
        }
    },
    {
        "episode": 4,
        "current_state": "S1",
        "current_action": "A1",
        "td_delta": 0.48287947809197185,
        "q_table": {
            "S0": {
                "A0": 15.440274079796744,
                "A1": 13.88509875028362
            },
            "S1": {
                "A0": 13.524601424611431,
                "A1": 15.47299292577999
            }
        }
    },
    {
        "episode": 5,
        "current_state": "S0",
        "current_action": "A0",
        "td_delta": 0.40379902410106894,
        "q_table": {
            "S0": {
                "A0": 16.984382290369307,
                "A1": 15.352590901212588
            },
            "S1": {
                "A0": 15.278329478245817,
                "A1": 16.980736491699894
            }
        }
    },
    {
        "episode": 6,
        "current_state": "S0",
        "current_action": "A0",
        "td_delta": 0.18146499013871775,
        "q_table": {
            "S0": {
                "A0": 18.09800961870033,
                "A1": 16.771933072394944
            },
            "S1": {
                "A0": 16.652987245528458,
                "A1": 17.988763797441113
            }
        }
    },
    {
        "episode": 7,
        "current_state": "S1",
        "current_action": "A1",
        "td_delta": 0.24656447284608518,
        "q_table": {
            "S0": {
                "A0": 18.86060430176188,
                "A1": 17.409001501859223
            },
            "S1": {
                "A0": 17.634205131316136,
                "A1": 18.817726196780885
            }
        }
    },
    {
        "episode": 8,
        "current_state": "S1",
        "current_action": "A0",
        "td_delta": 0.5170731753519249,
        "q_table": {
            "S0": {
                "A0": 19.41025356946116,
                "A1": 18.181805836074822
            },
            "S1": {
                "A0": 18.083397973902663,
                "A1": 19.48146622099749
            }
        }
    },
    {
        "episode": 9,
        "current_state": "S0",
        "current_action": "A0",
        "td_delta": 0.06074797096990636,
        "q_table": {
            "S0": {
                "A0": 19.82827094496874,
                "A1": 18.560783813827804
            },
            "S1": {
                "A0": 18.693589425088827,
                "A1": 19.826495783272275
            }
        }
    },
    {
        "episode": 10,
        "current_state": "S1",
        "current_action": "A1",
        "td_delta": 0.04284362485710247,
        "q_table": {
            "S0": {
                "A0": 20.134446726296567,
                "A1": 18.560783813827804
            },
            "S1": {
                "A0": 18.693589425088827,
                "A1": 20.148481483553468
            }
        }
    },
    {
        "episode": 11,
        "current_state": "S0",
        "current_action": "A0",
        "td_delta": 0.03776281794759129,
        "q_table": {
            "S0": {
                "A0": 20.330483703091094,
                "A1": 18.560783813827804
            },
            "S1": {
                "A0": 18.693589425088827,
                "A1": 20.328525944720436
            }
        }
    },
    {
        "episode": 12,
        "current_state": "S1",
        "current_action": "A1",
        "td_delta": 0.019732768724278316,
        "q_table": {
            "S0": {
                "A0": 20.468455834960448,
                "A1": 18.560783813827804
            },
            "S1": {
                "A0": 18.693589425088827,
                "A1": 20.473135803114477
            }
        }
    },
    {
        "episode": 13,
        "current_state": "S1",
        "current_action": "A1",
        "td_delta": 0.0065809877297589026,
        "q_table": {
            "S0": {
                "A0": 20.544850811954035,
                "A1": 18.560783813827804
            },
            "S1": {
                "A0": 18.693589425088827,
                "A1": 20.555238112648787
            }
        }
    },
    {
        "episode": 14,
        "current_state": "S0",
        "current_action": "A0",
        "td_delta": 0.005075358920191064,
        "q_table": {
            "S0": {
                "A0": 20.575246622276655,
                "A1": 18.560783813827804
            },
            "S1": {
                "A0": 18.693589425088827,
                "A1": 20.575042321513237
            }
        }
    },
    {
        "episode": 15,
        "current_state": "S0",
        "current_action": "A0",
        "td_delta": 0.0004435885346758539,
        "q_table": {
            "S0": {
                "A0": 20.589549930632053,
                "A1": 18.560783813827804
            },
            "S1": {
                "A0": 18.693589425088827,
                "A1": 20.58109271067641
            }
        }
    },
    {
        "episode": 16,
        "current_state": "S0",
        "current_action": "A0",
        "td_delta": -1.0802265265397182e-05,
        "q_table": {
            "S0": {
                "A0": 20.596668690563416,
                "A1": 18.560783813827804
            },
            "S1": {
                "A0": 18.693589425088827,
                "A1": 20.600199140252137
            }
        }
    },
    {
        "episode": 17,
        "current_state": "S1",
        "current_action": "A1",
        "td_delta": 0.0019487722288751286,
        "q_table": {
            "S0": {
                "A0": 20.610294131020318,
                "A1": 18.560783813827804
            },
            "S1": {
                "A0": 18.693589425088827,
                "A1": 20.61433647044807
            }
        }
    },
    {
        "episode": 18,
        "current_state": "S1",
        "current_action": "A1",
        "td_delta": 0.0031067124562120796,
        "q_table": {
            "S0": {
                "A0": 20.62093063422175,
                "A1": 18.560783813827804
            },
            "S1": {
                "A0": 18.693589425088827,
                "A1": 20.63238700045568
            }
        }
    },
    {
        "episode": 19,
        "current_state": "S0",
        "current_action": "A0",
        "td_delta": 0.008910598332626307,
        "q_table": {
            "S0": {
                "A0": 20.628109974246282,
                "A1": 18.560783813827804
            },
            "S1": {
                "A0": 18.693589425088827,
                "A1": 20.648993525868732
            }
        }
    },
    {
        "episode": 20,
        "current_state": "S1",
        "current_action": "A1",
        "td_delta": -0.004558213953064438,
        "q_table": {
            "S0": {
                "A0": 20.627779307040182,
                "A1": 18.560783813827804
            },
            "S1": {
                "A0": 18.693589425088827,
                "A1": 20.64003551965892
            }
        }
    },
    {
        "episode": 21,
        "current_state": "S0",
        "current_action": "A0",
        "td_delta": -0.0021734760573579592,
        "q_table": {
            "S0": {
                "A0": 20.61035437181727,
                "A1": 18.560783813827804
            },
            "S1": {
                "A0": 18.693589425088827,
                "A1": 20.627209541102193
            }
        }
    },
    {
        "episode": 22,
        "current_state": "S0",
        "current_action": "A0",
        "td_delta": 0.0017413890599264903,
        "q_table": {
            "S0": {
                "A0": 20.582477203865473,
                "A1": 18.560783813827804
            },
            "S1": {
                "A0": 18.693589425088827,
                "A1": 20.600115189267264
            }
        }
    },
    {
        "episode": 23,
        "current_state": "S1",
        "current_action": "A1",
        "td_delta": 0.012370673251215436,
        "q_table": {
            "S0": {
                "A0": 20.577079028018268,
                "A1": 18.560783813827804
            },
            "S1": {
                "A0": 18.693589425088827,
                "A1": 20.60599859093604
            }
        }
    },
    {
        "episode": 24,
        "current_state": "S1",
        "current_action": "A1",
        "td_delta": -0.005124270664936148,
        "q_table": {
            "S0": {
                "A0": 20.57310111455344,
                "A1": 18.560783813827804
            },
            "S1": {
                "A0": 18.693589425088827,
                "A1": 20.58882629686043
            }
        }
    },
    {
        "episode": 25,
        "current_state": "S1",
        "current_action": "A1",
        "td_delta": -0.006105244229598128,
        "q_table": {
            "S0": {
                "A0": 20.570667592836166,
                "A1": 18.560783813827804
            },
            "S1": {
                "A0": 18.693589425088827,
                "A1": 20.587660263578954
            }
        }
    },
    {
        "episode": 26,
        "current_state": "S1",
        "current_action": "A1",
        "td_delta": -0.000414223378793821,
        "q_table": {
            "S0": {
                "A0": 20.573443571454934,
                "A1": 18.560783813827804
            },
            "S1": {
                "A0": 18.693589425088827,
                "A1": 20.586989584298994
            }
        }
    },
    {
        "episode": 27,
        "current_state": "S0",
        "current_action": "A0",
        "td_delta": -0.013739841212029091,
        "q_table": {
            "S0": {
                "A0": 20.568960765707093,
                "A1": 18.560783813827804
            },
            "S1": {
                "A0": 18.693589425088827,
                "A1": 20.591423000452732
            }
        }
    },
    {
        "episode": 28,
        "current_state": "S1",
        "current_action": "A1",
        "td_delta": 0.007132440224747683,
        "q_table": {
            "S0": {
                "A0": 20.57133191128635,
                "A1": 18.560783813827804
            },
            "S1": {
                "A0": 18.693589425088827,
                "A1": 20.582877862488775
            }
        }
    },
    {
        "episode": 29,
        "current_state": "S0",
        "current_action": "A0",
        "td_delta": 0.001447927281507333,
        "q_table": {
            "S0": {
                "A0": 20.568755446062838,
                "A1": 18.560783813827804
            },
            "S1": {
                "A0": 18.693589425088827,
                "A1": 20.58259531797882
            }
        }
    },
    {
        "episode": 30,
        "current_state": "S1",
        "current_action": "A1",
        "td_delta": -0.005983666868086601,
        "q_table": {
            "S0": {
                "A0": 20.558254461546323,
                "A1": 18.560783813827804
            },
            "S1": {
                "A0": 18.693589425088827,
                "A1": 20.56467716944051
            }
        }
    },
    {
        "episode": 31,
        "current_state": "S1",
        "current_action": "A1",
        "td_delta": -0.004161959807689186,
        "q_table": {
            "S0": {
                "A0": 20.54770111018981,
                "A1": 18.560783813827804
            },
            "S1": {
                "A0": 18.693589425088827,
                "A1": 20.55045531893428
            }
        }
    },
    {
        "episode": 32,
        "current_state": "S1",
        "current_action": "A1",
        "td_delta": -0.005536621092605998,
        "q_table": {
            "S0": {
                "A0": 20.517119204781956,
                "A1": 18.560783813827804
            },
            "S1": {
                "A0": 18.693589425088827,
                "A1": 20.525096160364676
            }
        }
    },
    {
        "episode": 33,
        "current_state": "S1",
        "current_action": "A1",
        "td_delta": 0.0013530297749646536,
        "q_table": {
            "S0": {
                "A0": 20.49038470733221,
                "A1": 18.560783813827804
            },
            "S1": {
                "A0": 18.693589425088827,
                "A1": 20.49884581729515
            }
        }
    },
    {
        "episode": 34,
        "current_state": "S1",
        "current_action": "A1",
        "td_delta": -0.003458603885707845,
        "q_table": {
            "S0": {
                "A0": 20.47804492732149,
                "A1": 18.560783813827804
            },
            "S1": {
                "A0": 18.693589425088827,
                "A1": 20.482114005134036
            }
        }
    },
    {
        "episode": 35,
        "current_state": "S0",
        "current_action": "A0",
        "td_delta": -0.0012127105367483182,
        "q_table": {
            "S0": {
                "A0": 20.474637530076286,
                "A1": 18.560783813827804
            },
            "S1": {
                "A0": 18.693589425088827,
                "A1": 20.476069959225413
            }
        }
    },
    {
        "episode": 36,
        "current_state": "S1",
        "current_action": "A1",
        "td_delta": 0.001614211139738586,
        "q_table": {
            "S0": {
                "A0": 20.472875288101758,
                "A1": 18.560783813827804
            },
            "S1": {
                "A0": 18.693589425088827,
                "A1": 20.474347332499715
            }
        }
    },
    {
        "episode": 37,
        "current_state": "S0",
        "current_action": "A0",
        "td_delta": 0.00028329461104092957,
        "q_table": {
            "S0": {
                "A0": 20.473720947657746,
                "A1": 18.560783813827804
            },
            "S1": {
                "A0": 18.693589425088827,
                "A1": 20.47775710968648
            }
        }
    },
    {
        "episode": 38,
        "current_state": "S0",
        "current_action": "A0",
        "td_delta": -0.0025359634051937974,
        "q_table": {
            "S0": {
                "A0": 20.464061009028644,
                "A1": 18.560783813827804
            },
            "S1": {
                "A0": 18.693589425088827,
                "A1": 20.466842199137556
            }
        }
    },
    {
        "episode": 39,
        "current_state": "S1",
        "current_action": "A1",
        "td_delta": 0.001953909505356677,
        "q_table": {
            "S0": {
                "A0": 20.44858587004946,
                "A1": 18.560783813827804
            },
            "S1": {
                "A0": 18.693589425088827,
                "A1": 20.452209367358044
            }
        }
    },
    {
        "episode": 40,
        "current_state": "S0",
        "current_action": "A0",
        "td_delta": -0.0006287172528161022,
        "q_table": {
            "S0": {
                "A0": 20.43641134365158,
                "A1": 18.560783813827804
            },
            "S1": {
                "A0": 18.693589425088827,
                "A1": 20.44222265719154
            }
        }
    },
    {
        "episode": 41,
        "current_state": "S0",
        "current_action": "A0",
        "td_delta": -0.0012181358446774482,
        "q_table": {
            "S0": {
                "A0": 20.4254928633879,
                "A1": 18.560783813827804
            },
            "S1": {
                "A0": 18.693589425088827,
                "A1": 20.433899832592033
            }
        }
    },
    {
        "episode": 42,
        "current_state": "S1",
        "current_action": "A1",
        "td_delta": -0.00487882915546578,
        "q_table": {
            "S0": {
                "A0": 20.407996369224986,
                "A1": 18.560783813827804
            },
            "S1": {
                "A0": 18.693589425088827,
                "A1": 20.419169377316432
            }
        }
    },
    {
        "episode": 43,
        "current_state": "S1",
        "current_action": "A1",
        "td_delta": -0.00545066230773017,
        "q_table": {
            "S0": {
                "A0": 20.396655274826486,
                "A1": 18.560783813827804
            },
            "S1": {
                "A0": 18.693589425088827,
                "A1": 20.407831064567247
            }
        }
    },
    {
        "episode": 44,
        "current_state": "S1",
        "current_action": "A1",
        "td_delta": -0.010992654328550344,
        "q_table": {
            "S0": {
                "A0": 20.38171562210029,
                "A1": 18.560783813827804
            },
            "S1": {
                "A0": 18.693589425088827,
                "A1": 20.399228326780225
            }
        }
    },
    {
        "episode": 45,
        "current_state": "S1",
        "current_action": "A1",
        "td_delta": -0.003616709163658527,
        "q_table": {
            "S0": {
                "A0": 20.376235704471075,
                "A1": 18.560783813827804
            },
            "S1": {
                "A0": 18.693589425088827,
                "A1": 20.39181714659459
            }
        }
    },
    {
        "episode": 46,
        "current_state": "S0",
        "current_action": "A0",
        "td_delta": 0.007939872520388747,
        "q_table": {
            "S0": {
                "A0": 20.365409155475408,
                "A1": 18.560783813827804
            },
            "S1": {
                "A0": 18.693589425088827,
                "A1": 20.385298089375517
            }
        }
    },
    {
        "episode": 47,
        "current_state": "S1",
        "current_action": "A1",
        "td_delta": -0.00500983265991195,
        "q_table": {
            "S0": {
                "A0": 20.364422289974215,
                "A1": 18.560783813827804
            },
            "S1": {
                "A0": 18.693589425088827,
                "A1": 20.3756478323031
            }
        }
    },
    {
        "episode": 48,
        "current_state": "S0",
        "current_action": "A0",
        "td_delta": -0.005588288966130506,
        "q_table": {
            "S0": {
                "A0": 20.352568590994128,
                "A1": 18.560783813827804
            },
            "S1": {
                "A0": 18.693589425088827,
                "A1": 20.364404404791298
            }
        }
    },
    {
        "episode": 49,
        "current_state": "S0",
        "current_action": "A0",
        "td_delta": 0.0039052270768493713,
        "q_table": {
            "S0": {
                "A0": 20.356291162338184,
                "A1": 18.560783813827804
            },
            "S1": {
                "A0": 18.693589425088827,
                "A1": 20.365864413236753
            }
        }
    },
    {
        "episode": 50,
        "current_state": "S1",
        "current_action": "A1",
        "td_delta": 0.0057969494497776,
        "q_table": {
            "S0": {
                "A0": 20.360578917534887,
                "A1": 18.560783813827804
            },
            "S1": {
                "A0": 18.693589425088827,
                "A1": 20.36987444302793
            }
        }
    },
    {
        "episode": 51,
        "current_state": "S0",
        "current_action": "A0",
        "td_delta": -0.004108342949930233,
        "q_table": {
            "S0": {
                "A0": 20.352481381110156,
                "A1": 18.560783813827804
            },
            "S1": {
                "A0": 18.693589425088827,
                "A1": 20.359687912108487
            }
        }
    },
    {
        "episode": 52,
        "current_state": "S1",
        "current_action": "A1",
        "td_delta": -0.0021694579474385023,
        "q_table": {
            "S0": {
                "A0": 20.349713919542072,
                "A1": 18.560783813827804
            },
            "S1": {
                "A0": 18.693589425088827,
                "A1": 20.35424112457708
            }
        }
    },
    {
        "episode": 53,
        "current_state": "S1",
        "current_action": "A1",
        "td_delta": 0.005015037087833463,
        "q_table": {
            "S0": {
                "A0": 20.345677144557683,
                "A1": 18.560783813827804
            },
            "S1": {
                "A0": 18.693589425088827,
                "A1": 20.35398809434974
            }
        }
    },
    {
        "episode": 54,
        "current_state": "S0",
        "current_action": "A0",
        "td_delta": -0.003555377800648074,
        "q_table": {
            "S0": {
                "A0": 20.337857983386137,
                "A1": 18.560783813827804
            },
            "S1": {
                "A0": 18.693589425088827,
                "A1": 20.345159118243302
            }
        }
    },
    {
        "episode": 55,
        "current_state": "S1",
        "current_action": "A1",
        "td_delta": -0.003459454173775356,
        "q_table": {
            "S0": {
                "A0": 20.33215699594264,
                "A1": 18.560783813827804
            },
            "S1": {
                "A0": 18.693589425088827,
                "A1": 20.34231608370355
            }
        }
    },
    {
        "episode": 56,
        "current_state": "S1",
        "current_action": "A1",
        "td_delta": -0.001734293381957741,
        "q_table": {
            "S0": {
                "A0": 20.328985983001015,
                "A1": 18.560783813827804
            },
            "S1": {
                "A0": 18.693589425088827,
                "A1": 20.342923175900165
            }
        }
    },
    {
        "episode": 57,
        "current_state": "S0",
        "current_action": "A0",
        "td_delta": 0.0033273270193845406,
        "q_table": {
            "S0": {
                "A0": 20.334532424000276,
                "A1": 18.560783813827804
            },
            "S1": {
                "A0": 18.693589425088827,
                "A1": 20.347674622136516
            }
        }
    },
    {
        "episode": 58,
        "current_state": "S1",
        "current_action": "A1",
        "td_delta": -0.005960355898633196,
        "q_table": {
            "S0": {
                "A0": 20.32483531079442,
                "A1": 18.560783813827804
            },
            "S1": {
                "A0": 18.693589425088827,
                "A1": 20.340764708026278
            }
        }
    },
    {
        "episode": 59,
        "current_state": "S0",
        "current_action": "A0",
        "td_delta": 0.005108362042523851,
        "q_table": {
            "S0": {
                "A0": 20.330598933392597,
                "A1": 18.560783813827804
            },
            "S1": {
                "A0": 18.693589425088827,
                "A1": 20.34576351217507
            }
        }
    },
    {
        "episode": 60,
        "current_state": "S0",
        "current_action": "A0",
        "td_delta": 0.006345267827821743,
        "q_table": {
            "S0": {
                "A0": 20.338138506411624,
                "A1": 18.560783813827804
            },
            "S1": {
                "A0": 18.693589425088827,
                "A1": 20.35410093591741
            }
        }
    },
    {
        "episode": 61,
        "current_state": "S0",
        "current_action": "A0",
        "td_delta": 0.006135904830085082,
        "q_table": {
            "S0": {
                "A0": 20.344104359815955,
                "A1": 18.560783813827804
            },
            "S1": {
                "A0": 18.693589425088827,
                "A1": 20.358294417069338
            }
        }
    },
    {
        "episode": 62,
        "current_state": "S1",
        "current_action": "A1",
        "td_delta": -0.0049549022052026714,
        "q_table": {
            "S0": {
                "A0": 20.35016649623146,
                "A1": 18.560783813827804
            },
            "S1": {
                "A0": 18.693589425088827,
                "A1": 20.36277332804645
            }
        }
    },
    {
        "episode": 63,
        "current_state": "S0",
        "current_action": "A0",
        "td_delta": 0.0001831037914250544,
        "q_table": {
            "S0": {
                "A0": 20.34324610619174,
                "A1": 18.560783813827804
            },
            "S1": {
                "A0": 18.693589425088827,
                "A1": 20.35490285672514
            }
        }
    },
    {
        "episode": 64,
        "current_state": "S0",
        "current_action": "A0",
        "td_delta": 0.0021421779163119936,
        "q_table": {
            "S0": {
                "A0": 20.330845755482315,
                "A1": 18.560783813827804
            },
            "S1": {
                "A0": 18.693589425088827,
                "A1": 20.344088771417734
            }
        }
    },
    {
        "episode": 65,
        "current_state": "S1",
        "current_action": "A1",
        "td_delta": 0.011541113417358417,
        "q_table": {
            "S0": {
                "A0": 20.33276141847731,
                "A1": 18.560783813827804
            },
            "S1": {
                "A0": 18.693589425088827,
                "A1": 20.347861374740756
            }
        }
    },
    {
        "episode": 66,
        "current_state": "S1",
        "current_action": "A1",
        "td_delta": 0.008445221222707744,
        "q_table": {
            "S0": {
                "A0": 20.332601945246324,
                "A1": 18.560783813827804
            },
            "S1": {
                "A0": 18.693589425088827,
                "A1": 20.34613180572534
            }
        }
    },
    {
        "episode": 67,
        "current_state": "S1",
        "current_action": "A1",
        "td_delta": -0.005828109475285004,
        "q_table": {
            "S0": {
                "A0": 20.326341625287085,
                "A1": 18.560783813827804
            },
            "S1": {
                "A0": 18.693589425088827,
                "A1": 20.339925449574494
            }
        }
    },
    {
        "episode": 68,
        "current_state": "S1",
        "current_action": "A1",
        "td_delta": 0.006861710663574883,
        "q_table": {
            "S0": {
                "A0": 20.31379632399108,
                "A1": 18.560783813827804
            },
            "S1": {
                "A0": 18.693589425088827,
                "A1": 20.33013241694178
            }
        }
    },
    {
        "episode": 69,
        "current_state": "S1",
        "current_action": "A1",
        "td_delta": -0.0035692674954681536,
        "q_table": {
            "S0": {
                "A0": 20.308315044171266,
                "A1": 18.560783813827804
            },
            "S1": {
                "A0": 18.693589425088827,
                "A1": 20.319397543133476
            }
        }
    },
    {
        "episode": 70,
        "current_state": "S0",
        "current_action": "A0",
        "td_delta": -0.009013935379478255,
        "q_table": {
            "S0": {
                "A0": 20.304956362993636,
                "A1": 18.560783813827804
            },
            "S1": {
                "A0": 18.693589425088827,
                "A1": 20.318158486828562
            }
        }
    },
    {
        "episode": 71,
        "current_state": "S0",
        "current_action": "A0",
        "td_delta": -0.00502859207363926,
        "q_table": {
            "S0": {
                "A0": 20.300927255144764,
                "A1": 18.560783813827804
            },
            "S1": {
                "A0": 18.693589425088827,
                "A1": 20.31242197342564
            }
        }
    },
    {
        "episode": 72,
        "current_state": "S1",
        "current_action": "A1",
        "td_delta": 0.00018364522811964434,
        "q_table": {
            "S0": {
                "A0": 20.306716937081635,
                "A1": 18.560783813827804
            },
            "S1": {
                "A0": 18.693589425088827,
                "A1": 20.313853919676333
            }
        }
    },
    {
        "episode": 73,
        "current_state": "S0",
        "current_action": "A0",
        "td_delta": 0.0014764323460774165,
        "q_table": {
            "S0": {
                "A0": 20.311897396245634,
                "A1": 18.560783813827804
            },
            "S1": {
                "A0": 18.693589425088827,
                "A1": 20.318516457670384
            }
        }
    },
    {
        "episode": 74,
        "current_state": "S0",
        "current_action": "A0",
        "td_delta": 0.00116369470629607,
        "q_table": {
            "S0": {
                "A0": 20.309966399272195,
                "A1": 18.560783813827804
            },
            "S1": {
                "A0": 18.693589425088827,
                "A1": 20.315254487079027
            }
        }
    },
    {
        "episode": 75,
        "current_state": "S1",
        "current_action": "A1",
        "td_delta": -0.0017932117755599108,
        "q_table": {
            "S0": {
                "A0": 20.311630898820823,
                "A1": 18.560783813827804
            },
            "S1": {
                "A0": 18.693589425088827,
                "A1": 20.31720554323892
            }
        }
    },
    {
        "episode": 76,
        "current_state": "S1",
        "current_action": "A1",
        "td_delta": 0.003355763086283048,
        "q_table": {
            "S0": {
                "A0": 20.31263370875358,
                "A1": 18.560783813827804
            },
            "S1": {
                "A0": 18.693589425088827,
                "A1": 20.31822554726012
            }
        }
    },
    {
        "episode": 77,
        "current_state": "S0",
        "current_action": "A0",
        "td_delta": 0.0012123989327363915,
        "q_table": {
            "S0": {
                "A0": 20.312278022000847,
                "A1": 18.560783813827804
            },
            "S1": {
                "A0": 18.693589425088827,
                "A1": 20.317070676448857
            }
        }
    },
    {
        "episode": 78,
        "current_state": "S0",
        "current_action": "A0",
        "td_delta": 0.0022242671700212213,
        "q_table": {
            "S0": {
                "A0": 20.313259735694867,
                "A1": 18.560783813827804
            },
            "S1": {
                "A0": 18.693589425088827,
                "A1": 20.317476249014284
            }
        }
    },
    {
        "episode": 79,
        "current_state": "S1",
        "current_action": "A1",
        "td_delta": -0.0026782265476867906,
        "q_table": {
            "S0": {
                "A0": 20.31493839445327,
                "A1": 18.560783813827804
            },
            "S1": {
                "A0": 18.693589425088827,
                "A1": 20.32343396852815
            }
        }
    },
    {
        "episode": 80,
        "current_state": "S1",
        "current_action": "A1",
        "td_delta": 0.004306114789851989,
        "q_table": {
            "S0": {
                "A0": 20.31448004013903,
                "A1": 18.560783813827804
            },
            "S1": {
                "A0": 18.693589425088827,
                "A1": 20.322187658985378
            }
        }
    },
    {
        "episode": 81,
        "current_state": "S1",
        "current_action": "A1",
        "td_delta": 0.0030184502726307016,
        "q_table": {
            "S0": {
                "A0": 20.307031252169338,
                "A1": 18.560783813827804
            },
            "S1": {
                "A0": 18.693589425088827,
                "A1": 20.31720415527182
            }
        }
    },
    {
        "episode": 82,
        "current_state": "S0",
        "current_action": "A0",
        "td_delta": -0.0076311364793575365,
        "q_table": {
            "S0": {
                "A0": 20.297307757037355,
                "A1": 18.560783813827804
            },
            "S1": {
                "A0": 18.693589425088827,
                "A1": 20.307928280413485
            }
        }
    },
    {
        "episode": 83,
        "current_state": "S0",
        "current_action": "A0",
        "td_delta": 0.0037172802007816586,
        "q_table": {
            "S0": {
                "A0": 20.29959592954062,
                "A1": 18.560783813827804
            },
            "S1": {
                "A0": 18.693589425088827,
                "A1": 20.309013052350476
            }
        }
    },
    {
        "episode": 84,
        "current_state": "S1",
        "current_action": "A1",
        "td_delta": -0.005206161616847282,
        "q_table": {
            "S0": {
                "A0": 20.307583616709387,
                "A1": 18.560783813827804
            },
            "S1": {
                "A0": 18.693589425088827,
                "A1": 20.320197364349774
            }
        }
    },
    {
        "episode": 85,
        "current_state": "S1",
        "current_action": "A1",
        "td_delta": -0.004617435984023643,
        "q_table": {
            "S0": {
                "A0": 20.31736931500706,
                "A1": 18.560783813827804
            },
            "S1": {
                "A0": 18.693589425088827,
                "A1": 20.32862561085467
            }
        }
    },
    {
        "episode": 86,
        "current_state": "S0",
        "current_action": "A0",
        "td_delta": 0.0023866725965504543,
        "q_table": {
            "S0": {
                "A0": 20.317383150120705,
                "A1": 18.560783813827804
            },
            "S1": {
                "A0": 18.693589425088827,
                "A1": 20.32799678019816
            }
        }
    },
    {
        "episode": 87,
        "current_state": "S0",
        "current_action": "A0",
        "td_delta": 0.0032302592191264523,
        "q_table": {
            "S0": {
                "A0": 20.316119803223444,
                "A1": 18.560783813827804
            },
            "S1": {
                "A0": 18.693589425088827,
                "A1": 20.326126945931797
            }
        }
    },
    {
        "episode": 88,
        "current_state": "S1",
        "current_action": "A1",
        "td_delta": -0.0008353460270846824,
        "q_table": {
            "S0": {
                "A0": 20.318728456534657,
                "A1": 18.560783813827804
            },
            "S1": {
                "A0": 18.693589425088827,
                "A1": 20.329076157586083
            }
        }
    },
    {
        "episode": 89,
        "current_state": "S1",
        "current_action": "A1",
        "td_delta": -0.004048776213199545,
        "q_table": {
            "S0": {
                "A0": 20.31951022026532,
                "A1": 18.560783813827804
            },
            "S1": {
                "A0": 18.693589425088827,
                "A1": 20.32908112123607
            }
        }
    },
    {
        "episode": 90,
        "current_state": "S1",
        "current_action": "A1",
        "td_delta": 0.004120382442614812,
        "q_table": {
            "S0": {
                "A0": 20.3179552914149,
                "A1": 18.560783813827804
            },
            "S1": {
                "A0": 18.693589425088827,
                "A1": 20.32793739290509
            }
        }
    },
    {
        "episode": 91,
        "current_state": "S0",
        "current_action": "A0",
        "td_delta": 0.0010310238568465024,
        "q_table": {
            "S0": {
                "A0": 20.316670979137303,
                "A1": 18.560783813827804
            },
            "S1": {
                "A0": 18.693589425088827,
                "A1": 20.324037770228337
            }
        }
    },
    {
        "episode": 92,
        "current_state": "S1",
        "current_action": "A1",
        "td_delta": 0.0037353474306272005,
        "q_table": {
            "S0": {
                "A0": 20.31770546884446,
                "A1": 18.560783813827804
            },
            "S1": {
                "A0": 18.693589425088827,
                "A1": 20.324142883250992
            }
        }
    },
    {
        "episode": 93,
        "current_state": "S0",
        "current_action": "A0",
        "td_delta": 0.0020420412790898013,
        "q_table": {
            "S0": {
                "A0": 20.31917795713829,
                "A1": 18.560783813827804
            },
            "S1": {
                "A0": 18.693589425088827,
                "A1": 20.32664147314348
            }
        }
    },
    {
        "episode": 94,
        "current_state": "S0",
        "current_action": "A0",
        "td_delta": 0.005047577686728033,
        "q_table": {
            "S0": {
                "A0": 20.318295578085795,
                "A1": 18.560783813827804
            },
            "S1": {
                "A0": 18.693589425088827,
                "A1": 20.329611870664593
            }
        }
    },
    {
        "episode": 95,
        "current_state": "S1",
        "current_action": "A1",
        "td_delta": -0.0021568111766328,
        "q_table": {
            "S0": {
                "A0": 20.322660419695328,
                "A1": 18.560783813827804
            },
            "S1": {
                "A0": 18.693589425088827,
                "A1": 20.333405727210213
            }
        }
    },
    {
        "episode": 96,
        "current_state": "S0",
        "current_action": "A0",
        "td_delta": -0.0071425689019726235,
        "q_table": {
            "S0": {
                "A0": 20.325299378301953,
                "A1": 18.560783813827804
            },
            "S1": {
                "A0": 18.693589425088827,
                "A1": 20.33803465812189
            }
        }
    },
    {
        "episode": 97,
        "current_state": "S1",
        "current_action": "A1",
        "td_delta": -0.001933213536911893,
        "q_table": {
            "S0": {
                "A0": 20.323196165613343,
                "A1": 18.560783813827804
            },
            "S1": {
                "A0": 18.693589425088827,
                "A1": 20.332836701194427
            }
        }
    },
    {
        "episode": 98,
        "current_state": "S0",
        "current_action": "A0",
        "td_delta": -0.008307923989157473,
        "q_table": {
            "S0": {
                "A0": 20.320845516305447,
                "A1": 18.560783813827804
            },
            "S1": {
                "A0": 18.693589425088827,
                "A1": 20.33126382938463
            }
        }
    },
    {
        "episode": 99,
        "current_state": "S0",
        "current_action": "A0",
        "td_delta": 0.0007229770909802369,
        "q_table": {
            "S0": {
                "A0": 20.316666944078804,
                "A1": 18.560783813827804
            },
            "S1": {
                "A0": 18.693589425088827,
                "A1": 20.325232574475535
            }
        }
    },
    {
        "episode": 100,
        "current_state": "S0",
        "current_action": "A0",
        "td_delta": -0.007231400722062631,
        "q_table": {
            "S0": {
                "A0": 20.311371953562436,
                "A1": 18.560783813827804
            },
            "S1": {
                "A0": 18.693589425088827,
                "A1": 20.322734648131224
            }
        }
    },
    {
        "episode": 101,
        "current_state": "S1",
        "current_action": "A1",
        "td_delta": 0.005171529949233644,
        "q_table": {
            "S0": {
                "A0": 20.313604357590602,
                "A1": 18.560783813827804
            },
            "S1": {
                "A0": 18.693589425088827,
                "A1": 20.324561877086374
            }
        }
    },
    {
        "episode": 102,
        "current_state": "S0",
        "current_action": "A0",
        "td_delta": 0.0032365998361818527,
        "q_table": {
            "S0": {
                "A0": 20.31047078905125,
                "A1": 18.560783813827804
            },
            "S1": {
                "A0": 18.693589425088827,
                "A1": 20.320285741387803
            }
        }
    },
    {
        "episode": 103,
        "current_state": "S0",
        "current_action": "A0",
        "td_delta": 0.0017467159250017517,
        "q_table": {
            "S0": {
                "A0": 20.30462497450807,
                "A1": 18.560783813827804
            },
            "S1": {
                "A0": 18.693589425088827,
                "A1": 20.3142614055818
            }
        }
    },
    {
        "episode": 104,
        "current_state": "S0",
        "current_action": "A0",
        "td_delta": -0.0059288986399614885,
        "q_table": {
            "S0": {
                "A0": 20.301420551599296,
                "A1": 18.560783813827804
            },
            "S1": {
                "A0": 18.693589425088827,
                "A1": 20.314014323431156
            }
        }
    },
    {
        "episode": 105,
        "current_state": "S0",
        "current_action": "A0",
        "td_delta": 0.004683777101799791,
        "q_table": {
            "S0": {
                "A0": 20.298480277928057,
                "A1": 18.560783813827804
            },
            "S1": {
                "A0": 18.693589425088827,
                "A1": 20.30960055946428
            }
        }
    },
    {
        "episode": 106,
        "current_state": "S0",
        "current_action": "A0",
        "td_delta": 0.0015713447688732174,
        "q_table": {
            "S0": {
                "A0": 20.297193362075912,
                "A1": 18.560783813827804
            },
            "S1": {
                "A0": 18.693589425088827,
                "A1": 20.305624755515208
            }
        }
    },
    {
        "episode": 107,
        "current_state": "S0",
        "current_action": "A0",
        "td_delta": 0.002276504803848667,
        "q_table": {
            "S0": {
                "A0": 20.296242036000933,
                "A1": 18.560783813827804
            },
            "S1": {
                "A0": 18.693589425088827,
                "A1": 20.304360921201763
            }
        }
    },
    {
        "episode": 108,
        "current_state": "S0",
        "current_action": "A0",
        "td_delta": 0.0026158172741510555,
        "q_table": {
            "S0": {
                "A0": 20.298850584577664,
                "A1": 18.560783813827804
            },
            "S1": {
                "A0": 18.693589425088827,
                "A1": 20.307429540691547
            }
        }
    },
    {
        "episode": 109,
        "current_state": "S0",
        "current_action": "A0",
        "td_delta": 0.0055666558154428,
        "q_table": {
            "S0": {
                "A0": 20.29801230683972,
                "A1": 18.560783813827804
            },
            "S1": {
                "A0": 18.693589425088827,
                "A1": 20.307879735618606
            }
        }
    },
    {
        "episode": 110,
        "current_state": "S1",
        "current_action": "A1",
        "td_delta": 0.005577552680062325,
        "q_table": {
            "S0": {
                "A0": 20.303476678666797,
                "A1": 18.560783813827804
            },
            "S1": {
                "A0": 18.693589425088827,
                "A1": 20.31152162022824
            }
        }
    },
    {
        "episode": 111,
        "current_state": "S1",
        "current_action": "A1",
        "td_delta": 0.005669380572015825,
        "q_table": {
            "S0": {
                "A0": 20.306290180716086,
                "A1": 18.560783813827804
            },
            "S1": {
                "A0": 18.693589425088827,
                "A1": 20.31557869741109
            }
        }
    },
    {
        "episode": 112,
        "current_state": "S1",
        "current_action": "A1",
        "td_delta": -0.002261335841954093,
        "q_table": {
            "S0": {
                "A0": 20.308977433124486,
                "A1": 18.560783813827804
            },
            "S1": {
                "A0": 18.693589425088827,
                "A1": 20.316499981552806
            }
        }
    },
    {
        "episode": 113,
        "current_state": "S0",
        "current_action": "A0",
        "td_delta": 0.0015400121609090434,
        "q_table": {
            "S0": {
                "A0": 20.313385408084255,
                "A1": 18.560783813827804
            },
            "S1": {
                "A0": 18.693589425088827,
                "A1": 20.31927822390758
            }
        }
    },
    {
        "episode": 114,
        "current_state": "S0",
        "current_action": "A0",
        "td_delta": 0.0005676226802968642,
        "q_table": {
            "S0": {
                "A0": 20.314752833281194,
                "A1": 18.560783813827804
            },
            "S1": {
                "A0": 18.693589425088827,
                "A1": 20.319836746742745
            }
        }
    },
    {
        "episode": 115,
        "current_state": "S1",
        "current_action": "A1",
        "td_delta": 0.005189404194627656,
        "q_table": {
            "S0": {
                "A0": 20.318948930171313,
                "A1": 18.560783813827804
            },
            "S1": {
                "A0": 18.693589425088827,
                "A1": 20.325807740530536
            }
        }
    },
    {
        "episode": 116,
        "current_state": "S1",
        "current_action": "A1",
        "td_delta": -0.00260308430269518,
        "q_table": {
            "S0": {
                "A0": 20.322514205069727,
                "A1": 18.560783813827804
            },
            "S1": {
                "A0": 18.693589425088827,
                "A1": 20.329511162140065
            }
        }
    },
    {
        "episode": 117,
        "current_state": "S0",
        "current_action": "A0",
        "td_delta": 0.0016592570307700782,
        "q_table": {
            "S0": {
                "A0": 20.32705679747634,
                "A1": 18.560783813827804
            },
            "S1": {
                "A0": 18.693589425088827,
                "A1": 20.333668598331982
            }
        }
    },
    {
        "episode": 118,
        "current_state": "S1",
        "current_action": "A1",
        "td_delta": 0.0034007696740658844,
        "q_table": {
            "S0": {
                "A0": 20.327431482757877,
                "A1": 18.560783813827804
            },
            "S1": {
                "A0": 18.693589425088827,
                "A1": 20.33259152286094
            }
        }
    },
    {
        "episode": 119,
        "current_state": "S1",
        "current_action": "A1",
        "td_delta": 0.004447903670342868,
        "q_table": {
            "S0": {
                "A0": 20.32900967223178,
                "A1": 18.560783813827804
            },
            "S1": {
                "A0": 18.693589425088827,
                "A1": 20.3344996231434
            }
        }
    },
    {
        "episode": 120,
        "current_state": "S0",
        "current_action": "A0",
        "td_delta": -0.004685698019024187,
        "q_table": {
            "S0": {
                "A0": 20.329681616991262,
                "A1": 18.560783813827804
            },
            "S1": {
                "A0": 18.693589425088827,
                "A1": 20.337044625001933
            }
        }
    },
    {
        "episode": 121,
        "current_state": "S1",
        "current_action": "A1",
        "td_delta": 0.0038321201339144295,
        "q_table": {
            "S0": {
                "A0": 20.331069171387153,
                "A1": 18.560783813827804
            },
            "S1": {
                "A0": 18.693589425088827,
                "A1": 20.338794012549407
            }
        }
    },
    {
        "episode": 122,
        "current_state": "S0",
        "current_action": "A0",
        "td_delta": 0.0009437057890622214,
        "q_table": {
            "S0": {
                "A0": 20.328492475914377,
                "A1": 18.560783813827804
            },
            "S1": {
                "A0": 18.693589425088827,
                "A1": 20.336135561704765
            }
        }
    },
    {
        "episode": 123,
        "current_state": "S0",
        "current_action": "A0",
        "td_delta": -0.005588719320588353,
        "q_table": {
            "S0": {
                "A0": 20.32444392353142,
                "A1": 18.560783813827804
            },
            "S1": {
                "A0": 18.693589425088827,
                "A1": 20.332602645789564
            }
        }
    },
    {
        "episode": 124,
        "current_state": "S1",
        "current_action": "A1",
        "td_delta": -0.0025337342348557,
        "q_table": {
            "S0": {
                "A0": 20.324974244035435,
                "A1": 18.560783813827804
            },
            "S1": {
                "A0": 18.693589425088827,
                "A1": 20.33247942845676
            }
        }
    },
    {
        "episode": 125,
        "current_state": "S1",
        "current_action": "A1",
        "td_delta": -0.0019295804737389233,
        "q_table": {
            "S0": {
                "A0": 20.325994855282367,
                "A1": 18.560783813827804
            },
            "S1": {
                "A0": 18.693589425088827,
                "A1": 20.33267156387263
            }
        }
    },
    {
        "episode": 126,
        "current_state": "S0",
        "current_action": "A0",
        "td_delta": 0.0010449189822914207,
        "q_table": {
            "S0": {
                "A0": 20.32543887917604,
                "A1": 18.560783813827804
            },
            "S1": {
                "A0": 18.693589425088827,
                "A1": 20.33099404770109
            }
        }
    },
    {
        "episode": 127,
        "current_state": "S0",
        "current_action": "A0",
        "td_delta": -0.004326031836146882,
        "q_table": {
            "S0": {
                "A0": 20.323180791215822,
                "A1": 18.560783813827804
            },
            "S1": {
                "A0": 18.693589425088827,
                "A1": 20.329348493430988
            }
        }
    },
    {
        "episode": 128,
        "current_state": "S0",
        "current_action": "A0",
        "td_delta": 0.000651221863130047,
        "q_table": {
            "S0": {
                "A0": 20.32022281803051,
                "A1": 18.560783813827804
            },
            "S1": {
                "A0": 18.693589425088827,
                "A1": 20.32530932779123
            }
        }
    },
    {
        "episode": 129,
        "current_state": "S0",
        "current_action": "A0",
        "td_delta": 0.0011938388650705178,
        "q_table": {
            "S0": {
                "A0": 20.318384139944246,
                "A1": 18.560783813827804
            },
            "S1": {
                "A0": 18.693589425088827,
                "A1": 20.322603148863337
            }
        }
    },
    {
        "episode": 130,
        "current_state": "S0",
        "current_action": "A0",
        "td_delta": -0.002484913338115291,
        "q_table": {
            "S0": {
                "A0": 20.31486820844485,
                "A1": 18.560783813827804
            },
            "S1": {
                "A0": 18.693589425088827,
                "A1": 20.318257585448475
            }
        }
    },
    {
        "episode": 131,
        "current_state": "S0",
        "current_action": "A0",
        "td_delta": -0.0019523470177844615,
        "q_table": {
            "S0": {
                "A0": 20.31575300409383,
                "A1": 18.560783813827804
            },
            "S1": {
                "A0": 18.693589425088827,
                "A1": 20.31936475658179
            }
        }
    },
    {
        "episode": 132,
        "current_state": "S1",
        "current_action": "A1",
        "td_delta": -0.0008590584191239259,
        "q_table": {
            "S0": {
                "A0": 20.314454900842655,
                "A1": 18.560783813827804
            },
            "S1": {
                "A0": 18.693589425088827,
                "A1": 20.317366655177864
            }
        }
    },
    {
        "episode": 133,
        "current_state": "S1",
        "current_action": "A1",
        "td_delta": -0.0007371773977808971,
        "q_table": {
            "S0": {
                "A0": 20.312564933004545,
                "A1": 18.560783813827804
            },
            "S1": {
                "A0": 18.693589425088827,
                "A1": 20.31579426420545
            }
        }
    },
    {
        "episode": 134,
        "current_state": "S0",
        "current_action": "A0",
        "td_delta": 0.0014304293000684254,
        "q_table": {
            "S0": {
                "A0": 20.313432355595,
                "A1": 18.560783813827804
            },
            "S1": {
                "A0": 18.693589425088827,
                "A1": 20.31788292110642
            }
        }
    },
    {
        "episode": 135,
        "current_state": "S0",
        "current_action": "A0",
        "td_delta": -0.003369718991070414,
        "q_table": {
            "S0": {
                "A0": 20.314184852699974,
                "A1": 18.560783813827804
            },
            "S1": {
                "A0": 18.693589425088827,
                "A1": 20.319069221245584
            }
        }
    },
    {
        "episode": 136,
        "current_state": "S0",
        "current_action": "A0",
        "td_delta": 0.0011603204691006397,
        "q_table": {
            "S0": {
                "A0": 20.313395428374456,
                "A1": 18.560783813827804
            },
            "S1": {
                "A0": 18.693589425088827,
                "A1": 20.31960412746596
            }
        }
    },
    {
        "episode": 137,
        "current_state": "S0",
        "current_action": "A0",
        "td_delta": -0.0028048885908766863,
        "q_table": {
            "S0": {
                "A0": 20.313342609520106,
                "A1": 18.560783813827804
            },
            "S1": {
                "A0": 18.693589425088827,
                "A1": 20.320780414744295
            }
        }
    },
    {
        "episode": 138,
        "current_state": "S0",
        "current_action": "A0",
        "td_delta": 0.0022445849381043104,
        "q_table": {
            "S0": {
                "A0": 20.318309765844184,
                "A1": 18.560783813827804
            },
            "S1": {
                "A0": 18.693589425088827,
                "A1": 20.324118060172964
            }
        }
    },
    {
        "episode": 139,
        "current_state": "S0",
        "current_action": "A0",
        "td_delta": -0.005444217641681348,
        "q_table": {
            "S0": {
                "A0": 20.31834422287154,
                "A1": 18.560783813827804
            },
            "S1": {
                "A0": 18.693589425088827,
                "A1": 20.32540047573899
            }
        }
    },
    {
        "episode": 140,
        "current_state": "S1",
        "current_action": "A1",
        "td_delta": 0.003985000798447658,
        "q_table": {
            "S0": {
                "A0": 20.313765665175115,
                "A1": 18.560783813827804
            },
            "S1": {
                "A0": 18.693589425088827,
                "A1": 20.322294118828815
            }
        }
    },
    {
        "episode": 141,
        "current_state": "S1",
        "current_action": "A1",
        "td_delta": -0.002751750470071812,
        "q_table": {
            "S0": {
                "A0": 20.30771128775319,
                "A1": 18.560783813827804
            },
            "S1": {
                "A0": 18.693589425088827,
                "A1": 20.31649136189217
            }
        }
    },
    {
        "episode": 142,
        "current_state": "S1",
        "current_action": "A1",
        "td_delta": 0.004745381434904772,
        "q_table": {
            "S0": {
                "A0": 20.3043939866387,
                "A1": 18.560783813827804
            },
            "S1": {
                "A0": 18.693589425088827,
                "A1": 20.313977950134937
            }
        }
    },
    {
        "episode": 143,
        "current_state": "S1",
        "current_action": "A1",
        "td_delta": -0.002559519571779134,
        "q_table": {
            "S0": {
                "A0": 20.30131969764976,
                "A1": 18.560783813827804
            },
            "S1": {
                "A0": 18.693589425088827,
                "A1": 20.310510546138744
            }
        }
    },
    {
        "episode": 144,
        "current_state": "S0",
        "current_action": "A0",
        "td_delta": -0.006553995508603805,
        "q_table": {
            "S0": {
                "A0": 20.29741707171443,
                "A1": 18.560783813827804
            },
            "S1": {
                "A0": 18.693589425088827,
                "A1": 20.309169820025627
            }
        }
    },
    {
        "episode": 145,
        "current_state": "S0",
        "current_action": "A0",
        "td_delta": 0.002070482601588708,
        "q_table": {
            "S0": {
                "A0": 20.293238389206945,
                "A1": 18.560783813827804
            },
            "S1": {
                "A0": 18.693589425088827,
                "A1": 20.302261832761396
            }
        }
    },
    {
        "episode": 146,
        "current_state": "S0",
        "current_action": "A0",
        "td_delta": 0.0013972892045792662,
        "q_table": {
            "S0": {
                "A0": 20.292209006800515,
                "A1": 18.560783813827804
            },
            "S1": {
                "A0": 18.693589425088827,
                "A1": 20.300194076783782
            }
        }
    },
    {
        "episode": 147,
        "current_state": "S0",
        "current_action": "A0",
        "td_delta": 0.004155343515968468,
        "q_table": {
            "S0": {
                "A0": 20.28922537528793,
                "A1": 18.560783813827804
            },
            "S1": {
                "A0": 18.693589425088827,
                "A1": 20.300178781709725
            }
        }
    },
    {
        "episode": 148,
        "current_state": "S0",
        "current_action": "A0",
        "td_delta": 0.0025468687537077983,
        "q_table": {
            "S0": {
                "A0": 20.2907230083855,
                "A1": 18.560783813827804
            },
            "S1": {
                "A0": 18.693589425088827,
                "A1": 20.299695020129807
            }
        }
    },
    {
        "episode": 149,
        "current_state": "S0",
        "current_action": "A0",
        "td_delta": 0.0011663238695724942,
        "q_table": {
            "S0": {
                "A0": 20.289140177062308,
                "A1": 18.560783813827804
            },
            "S1": {
                "A0": 18.693589425088827,
                "A1": 20.297526978628586
            }
        }
    },
    {
        "episode": 150,
        "current_state": "S0",
        "current_action": "A0",
        "td_delta": 0.0038546515921531466,
        "q_table": {
            "S0": {
                "A0": 20.284452119480214,
                "A1": 18.560783813827804
            },
            "S1": {
                "A0": 18.693589425088827,
                "A1": 20.296620651869446
            }
        }
    },
    {
        "episode": 151,
        "current_state": "S0",
        "current_action": "A0",
        "td_delta": 0.0024153505158892585,
        "q_table": {
            "S0": {
                "A0": 20.28326171298413,
                "A1": 18.560783813827804
            },
            "S1": {
                "A0": 18.693589425088827,
                "A1": 20.294324310526402
            }
        }
    },
    {
        "episode": 152,
        "current_state": "S1",
        "current_action": "A1",
        "td_delta": 0.006615050952568424,
        "q_table": {
            "S0": {
                "A0": 20.280644080294284,
                "A1": 18.560783813827804
            },
            "S1": {
                "A0": 18.693589425088827,
                "A1": 20.29156696102797
            }
        }
    },
    {
        "episode": 153,
        "current_state": "S1",
        "current_action": "A1",
        "td_delta": 0.007121464285074097,
        "q_table": {
            "S0": {
                "A0": 20.2736252381808,
                "A1": 18.560783813827804
            },
            "S1": {
                "A0": 18.693589425088827,
                "A1": 20.2870400624115
            }
        }
    },
    {
        "episode": 154,
        "current_state": "S1",
        "current_action": "A1",
        "td_delta": 0.008919170626327855,
        "q_table": {
            "S0": {
                "A0": 20.271378434023013,
                "A1": 18.560783813827804
            },
            "S1": {
                "A0": 18.693589425088827,
                "A1": 20.284679939970268
            }
        }
    },
    {
        "episode": 155,
        "current_state": "S1",
        "current_action": "A1",
        "td_delta": 0.009608195403494335,
        "q_table": {
            "S0": {
                "A0": 20.271174757649156,
                "A1": 18.560783813827804
            },
            "S1": {
                "A0": 18.693589425088827,
                "A1": 20.28523860509997
            }
        }
    },
    {
        "episode": 156,
        "current_state": "S1",
        "current_action": "A1",
        "td_delta": -0.002816300427280538,
        "q_table": {
            "S0": {
                "A0": 20.275543680315327,
                "A1": 18.560783813827804
            },
            "S1": {
                "A0": 18.693589425088827,
                "A1": 20.288444535979725
            }
        }
    },
    {
        "episode": 157,
        "current_state": "S1",
        "current_action": "A1",
        "td_delta": -0.0009997479147507704,
        "q_table": {
            "S0": {
                "A0": 20.279205938387765,
                "A1": 18.560783813827804
            },
            "S1": {
                "A0": 18.693589425088827,
                "A1": 20.29017584561803
            }
        }
    },
    {
        "episode": 158,
        "current_state": "S1",
        "current_action": "A1",
        "td_delta": -0.0016464156802129537,
        "q_table": {
            "S0": {
                "A0": 20.279897810461154,
                "A1": 18.560783813827804
            },
            "S1": {
                "A0": 18.693589425088827,
                "A1": 20.292706344034464
            }
        }
    },
    {
        "episode": 159,
        "current_state": "S1",
        "current_action": "A1",
        "td_delta": -0.00289180568891112,
        "q_table": {
            "S0": {
                "A0": 20.28613684984452,
                "A1": 18.560783813827804
            },
            "S1": {
                "A0": 18.693589425088827,
                "A1": 20.29947189326134
            }
        }
    },
    {
        "episode": 160,
        "current_state": "S0",
        "current_action": "A0",
        "td_delta": 0.005028674098195296,
        "q_table": {
            "S0": {
                "A0": 20.28498154193501,
                "A1": 18.560783813827804
            },
            "S1": {
                "A0": 18.693589425088827,
                "A1": 20.298270025182653
            }
        }
    },
    {
        "episode": 161,
        "current_state": "S0",
        "current_action": "A0",
        "td_delta": 0.005447830853800184,
        "q_table": {
            "S0": {
                "A0": 20.28963508237423,
                "A1": 18.560783813827804
            },
            "S1": {
                "A0": 18.693589425088827,
                "A1": 20.303394576373304
            }
        }
    },
    {
        "episode": 162,
        "current_state": "S1",
        "current_action": "A1",
        "td_delta": -0.0033505166082363758,
        "q_table": {
            "S0": {
                "A0": 20.296269186656605,
                "A1": 18.560783813827804
            },
            "S1": {
                "A0": 18.693589425088827,
                "A1": 20.308182555039846
            }
        }
    },
    {
        "episode": 163,
        "current_state": "S1",
        "current_action": "A1",
        "td_delta": 0.0067566238603795625,
        "q_table": {
            "S0": {
                "A0": 20.29126563786567,
                "A1": 18.560783813827804
            },
            "S1": {
                "A0": 18.693589425088827,
                "A1": 20.306088981178128
            }
        }
    },
    {
        "episode": 164,
        "current_state": "S1",
        "current_action": "A1",
        "td_delta": -0.0045923089800545824,
        "q_table": {
            "S0": {
                "A0": 20.29039146734552,
                "A1": 18.560783813827804
            },
            "S1": {
                "A0": 18.693589425088827,
                "A1": 20.30267963035946
            }
        }
    },
    {
        "episode": 165,
        "current_state": "S1",
        "current_action": "A1",
        "td_delta": -0.0017931170770921767,
        "q_table": {
            "S0": {
                "A0": 20.28989366502323,
                "A1": 18.560783813827804
            },
            "S1": {
                "A0": 18.693589425088827,
                "A1": 20.300726521947727
            }
        }
    },
    {
        "episode": 166,
        "current_state": "S0",
        "current_action": "A0",
        "td_delta": -0.008147315511930486,
        "q_table": {
            "S0": {
                "A0": 20.287045189080196,
                "A1": 18.560783813827804
            },
            "S1": {
                "A0": 18.693589425088827,
                "A1": 20.301315858842123
            }
        }
    },
    {
        "episode": 167,
        "current_state": "S0",
        "current_action": "A0",
        "td_delta": 0.00460538827598711,
        "q_table": {
            "S0": {
                "A0": 20.28919236720797,
                "A1": 18.560783813827804
            },
            "S1": {
                "A0": 18.693589425088827,
                "A1": 20.3031857016383
            }
        }
    },
    {
        "episode": 168,
        "current_state": "S1",
        "current_action": "A1",
        "td_delta": -0.0045997121749152825,
        "q_table": {
            "S0": {
                "A0": 20.284415532318334,
                "A1": 18.560783813827804
            },
            "S1": {
                "A0": 18.693589425088827,
                "A1": 20.296163873814894
            }
        }
    },
    {
        "episode": 169,
        "current_state": "S1",
        "current_action": "A1",
        "td_delta": -0.0022448223751077023,
        "q_table": {
            "S0": {
                "A0": 20.27636280144202,
                "A1": 18.560783813827804
            },
            "S1": {
                "A0": 18.693589425088827,
                "A1": 20.28586400338915
            }
        }
    },
    {
        "episode": 170,
        "current_state": "S1",
        "current_action": "A1",
        "td_delta": -0.005739813636271407,
        "q_table": {
            "S0": {
                "A0": 20.27670572387165,
                "A1": 18.560783813827804
            },
            "S1": {
                "A0": 18.693589425088827,
                "A1": 20.28913396280581
            }
        }
    },
    {
        "episode": 171,
        "current_state": "S0",
        "current_action": "A0",
        "td_delta": 0.0030390149348562545,
        "q_table": {
            "S0": {
                "A0": 20.271111613762255,
                "A1": 18.560783813827804
            },
            "S1": {
                "A0": 18.693589425088827,
                "A1": 20.28287956570097
            }
        }
    },
    {
        "episode": 172,
        "current_state": "S1",
        "current_action": "A1",
        "td_delta": -0.007018517898327303,
        "q_table": {
            "S0": {
                "A0": 20.266414961995988,
                "A1": 18.560783813827804
            },
            "S1": {
                "A0": 18.693589425088827,
                "A1": 20.28061069683553
            }
        }
    },
    {
        "episode": 173,
        "current_state": "S0",
        "current_action": "A0",
        "td_delta": 0.0015546092812499523,
        "q_table": {
            "S0": {
                "A0": 20.263750960035203,
                "A1": 18.560783813827804
            },
            "S1": {
                "A0": 18.693589425088827,
                "A1": 20.272861696974424
            }
        }
    },
    {
        "episode": 174,
        "current_state": "S1",
        "current_action": "A1",
        "td_delta": -0.004458222930114886,
        "q_table": {
            "S0": {
                "A0": 20.260454071189674,
                "A1": 18.560783813827804
            },
            "S1": {
                "A0": 18.693589425088827,
                "A1": 20.27193258821655
            }
        }
    },
    {
        "episode": 175,
        "current_state": "S1",
        "current_action": "A1",
        "td_delta": -0.005803351125639011,
        "q_table": {
            "S0": {
                "A0": 20.25954193837246,
                "A1": 18.560783813827804
            },
            "S1": {
                "A0": 18.693589425088827,
                "A1": 20.272766703111014
            }
        }
    },
    {
        "episode": 176,
        "current_state": "S0",
        "current_action": "A0",
        "td_delta": 0.003937037030119939,
        "q_table": {
            "S0": {
                "A0": 20.261881240398047,
                "A1": 18.560783813827804
            },
            "S1": {
                "A0": 18.693589425088827,
                "A1": 20.27306247102661
            }
        }
    },
    {
        "episode": 177,
        "current_state": "S0",
        "current_action": "A0",
        "td_delta": -0.00568323189430231,
        "q_table": {
            "S0": {
                "A0": 20.257890180921382,
                "A1": 18.560783813827804
            },
            "S1": {
                "A0": 18.693589425088827,
                "A1": 20.267027693856488
            }
        }
    },
    {
        "episode": 178,
        "current_state": "S1",
        "current_action": "A1",
        "td_delta": -0.0011907885923285733,
        "q_table": {
            "S0": {
                "A0": 20.257103707110076,
                "A1": 18.560783813827804
            },
            "S1": {
                "A0": 18.693589425088827,
                "A1": 20.265852199615285
            }
        }
    },
    {
        "episode": 179,
        "current_state": "S0",
        "current_action": "A0",
        "td_delta": -0.005857844922708466,
        "q_table": {
            "S0": {
                "A0": 20.2590380068148,
                "A1": 18.560783813827804
            },
            "S1": {
                "A0": 18.693589425088827,
                "A1": 20.26938265499543
            }
        }
    },
    {
        "episode": 180,
        "current_state": "S0",
        "current_action": "A0",
        "td_delta": -0.005918289411745548,
        "q_table": {
            "S0": {
                "A0": 20.261180817865647,
                "A1": 18.560783813827804
            },
            "S1": {
                "A0": 18.693589425088827,
                "A1": 20.2696763963208
            }
        }
    },
    {
        "episode": 181,
        "current_state": "S1",
        "current_action": "A1",
        "td_delta": -0.004315120140166329,
        "q_table": {
            "S0": {
                "A0": 20.26345055106996,
                "A1": 18.560783813827804
            },
            "S1": {
                "A0": 18.693589425088827,
                "A1": 20.27423945667925
            }
        }
    },
    {
        "episode": 182,
        "current_state": "S1",
        "current_action": "A1",
        "td_delta": -0.0023783701780963895,
        "q_table": {
            "S0": {
                "A0": 20.266189770615632,
                "A1": 18.560783813827804
            },
            "S1": {
                "A0": 18.693589425088827,
                "A1": 20.274805441007434
            }
        }
    },
    {
        "episode": 183,
        "current_state": "S1",
        "current_action": "A1",
        "td_delta": -0.0013031059638066722,
        "q_table": {
            "S0": {
                "A0": 20.26614494349122,
                "A1": 18.560783813827804
            },
            "S1": {
                "A0": 18.693589425088827,
                "A1": 20.274258557959076
            }
        }
    },
    {
        "episode": 184,
        "current_state": "S1",
        "current_action": "A1",
        "td_delta": -0.0011172198728601757,
        "q_table": {
            "S0": {
                "A0": 20.269676605079773,
                "A1": 18.560783813827804
            },
            "S1": {
                "A0": 18.693589425088827,
                "A1": 20.279405081206107
            }
        }
    },
    {
        "episode": 185,
        "current_state": "S1",
        "current_action": "A1",
        "td_delta": -0.0031167960579985277,
        "q_table": {
            "S0": {
                "A0": 20.27345282777856,
                "A1": 18.560783813827804
            },
            "S1": {
                "A0": 18.693589425088827,
                "A1": 20.284737946705214
            }
        }
    },
    {
        "episode": 186,
        "current_state": "S1",
        "current_action": "A1",
        "td_delta": 0.007582738903174402,
        "q_table": {
            "S0": {
                "A0": 20.27486447360614,
                "A1": 18.560783813827804
            },
            "S1": {
                "A0": 18.693589425088827,
                "A1": 20.286690033200983
            }
        }
    },
    {
        "episode": 187,
        "current_state": "S0",
        "current_action": "A0",
        "td_delta": 0.0020324009207470795,
        "q_table": {
            "S0": {
                "A0": 20.27999454375209,
                "A1": 18.560783813827804
            },
            "S1": {
                "A0": 18.693589425088827,
                "A1": 20.289853388267513
            }
        }
    },
    {
        "episode": 188,
        "current_state": "S1",
        "current_action": "A1",
        "td_delta": -0.005197298851257415,
        "q_table": {
            "S0": {
                "A0": 20.281142410068394,
                "A1": 18.560783813827804
            },
            "S1": {
                "A0": 18.693589425088827,
                "A1": 20.29431463277158
            }
        }
    },
    {
        "episode": 189,
        "current_state": "S0",
        "current_action": "A0",
        "td_delta": -0.006624171582416238,
        "q_table": {
            "S0": {
                "A0": 20.285424252461908,
                "A1": 18.560783813827804
            },
            "S1": {
                "A0": 18.693589425088827,
                "A1": 20.29794071194882
            }
        }
    },
    {
        "episode": 190,
        "current_state": "S1",
        "current_action": "A1",
        "td_delta": -0.002010378169821081,
        "q_table": {
            "S0": {
                "A0": 20.28462307114125,
                "A1": 18.560783813827804
            },
            "S1": {
                "A0": 18.693589425088827,
                "A1": 20.294490867325724
            }
        }
    },
    {
        "episode": 191,
        "current_state": "S0",
        "current_action": "A0",
        "td_delta": -0.006812715400492664,
        "q_table": {
            "S0": {
                "A0": 20.284740566422602,
                "A1": 18.560783813827804
            },
            "S1": {
                "A0": 18.693589425088827,
                "A1": 20.29527744492509
            }
        }
    },
    {
        "episode": 192,
        "current_state": "S0",
        "current_action": "A0",
        "td_delta": -0.006464908142731929,
        "q_table": {
            "S0": {
                "A0": 20.28385243535887,
                "A1": 18.560783813827804
            },
            "S1": {
                "A0": 18.693589425088827,
                "A1": 20.293247648838058
            }
        }
    },
    {
        "episode": 193,
        "current_state": "S1",
        "current_action": "A1",
        "td_delta": 0.006261059747806996,
        "q_table": {
            "S0": {
                "A0": 20.285042025727662,
                "A1": 18.560783813827804
            },
            "S1": {
                "A0": 18.693589425088827,
                "A1": 20.29785170576039
            }
        }
    },
    {
        "episode": 194,
        "current_state": "S1",
        "current_action": "A1",
        "td_delta": 0.005601425680737293,
        "q_table": {
            "S0": {
                "A0": 20.286981115570747,
                "A1": 18.560783813827804
            },
            "S1": {
                "A0": 18.693589425088827,
                "A1": 20.297298798455508
            }
        }
    },
    {
        "episode": 195,
        "current_state": "S1",
        "current_action": "A1",
        "td_delta": -0.003427037105197428,
        "q_table": {
            "S0": {
                "A0": 20.28299141578505,
                "A1": 18.560783813827804
            },
            "S1": {
                "A0": 18.693589425088827,
                "A1": 20.29354579200705
            }
        }
    },
    {
        "episode": 196,
        "current_state": "S0",
        "current_action": "A0",
        "td_delta": 0.004290254186024356,
        "q_table": {
            "S0": {
                "A0": 20.27811213341177,
                "A1": 18.560783813827804
            },
            "S1": {
                "A0": 18.693589425088827,
                "A1": 20.290294006862652
            }
        }
    },
    {
        "episode": 197,
        "current_state": "S0",
        "current_action": "A0",
        "td_delta": 0.0019308848989751937,
        "q_table": {
            "S0": {
                "A0": 20.27760676719053,
                "A1": 18.560783813827804
            },
            "S1": {
                "A0": 18.693589425088827,
                "A1": 20.287669399900985
            }
        }
    },
    {
        "episode": 198,
        "current_state": "S1",
        "current_action": "A1",
        "td_delta": -0.002897377804323753,
        "q_table": {
            "S0": {
                "A0": 20.280023757678016,
                "A1": 18.560783813827804
            },
            "S1": {
                "A0": 18.693589425088827,
                "A1": 20.28970810511778
            }
        }
    },
    {
        "episode": 199,
        "current_state": "S0",
        "current_action": "A0",
        "td_delta": 0.0016433745788830834,
        "q_table": {
            "S0": {
                "A0": 20.280060990418253,
                "A1": 18.560783813827804
            },
            "S1": {
                "A0": 18.693589425088827,
                "A1": 20.288173810659984
            }
        }
    }
]