[
    {
        "episode": 0,
        "current_state": "S1",
        "current_action": "A1",
        "td_delta": 1.56053786808923,
        "q_table": {
            "S0": {
                "A0": 3.609511904056241,
                "A1": 3.619287048077054
            },
            "S1": {
                "A0": 3.3785348477075887,
                "A1": 4.255409321208772
            }
        }
    },
    {
        "episode": 1,
        "current_state": "S1",
        "current_action": "A1",
        "td_delta": 1.653838355963872,
        "q_table": {
            "S0": {
                "A0": 8.38903384014155,
                "A1": 7.021186025195301
            },
            "S1": {
                "A0": 7.23805130237169,
                "A1": 8.322529329112454
            }
        }
    },
    {
        "episode": 2,
        "current_state": "S0",
        "current_action": "A1",
        "td_delta": 2.3036640315852406,
        "q_table": {
            "S0": {
                "A0": 11.772598585024646,
                "A1": 10.067302200340833
            },
            "S1": {
                "A0": 10.216671098508659,
                "A1": 12.211719509858403
            }
        }
    },
    {
        "episode": 3,
        "current_state": "S1",
        "current_action": "A0",
        "td_delta": 2.0665961148997756,
        "q_table": {
            "S0": {
                "A0": 14.633765881498027,
                "A1": 12.333298880747735
            },
            "S1": {
                "A0": 12.430309917631412,
                "A1": 14.779315954524204
            }
        }
    },
    {
        "episode": 4,
        "current_state": "S1",
        "current_action": "A1",
        "td_delta": 0.46669547680224355,
        "q_table": {
            "S0": {
                "A0": 16.408827890641454,
                "A1": 14.728094999431121
            },
            "S1": {
                "A0": 14.109594251494897,
                "A1": 16.56386409846644
            }
        }
    },
    {
        "episode": 5,
        "current_state": "S0",
        "current_action": "A0",
        "td_delta": 0.19755809436948013,
        "q_table": {
            "S0": {
                "A0": 17.65249897055044,
                "A1": 15.908928150202783
            },
            "S1": {
                "A0": 15.74569717539126,
                "A1": 17.79181072609877
            }
        }
    },
    {
        "episode": 6,
        "current_state": "S0",
        "current_action": "A0",
        "td_delta": 0.2503095966248239,
        "q_table": {
            "S0": {
                "A0": 18.488033393344985,
                "A1": 17.086613316992967
            },
            "S1": {
                "A0": 16.738863682390313,
                "A1": 18.643933754557686
            }
        }
    },
    {
        "episode": 7,
        "current_state": "S1",
        "current_action": "A1",
        "td_delta": 0.12605555415181158,
        "q_table": {
            "S0": {
                "A0": 19.055972780729967,
                "A1": 17.764238097877353
            },
            "S1": {
                "A0": 17.48442873817925,
                "A1": 19.128775315228882
            }
        }
    },
    {
        "episode": 8,
        "current_state": "S0",
        "current_action": "A0",
        "td_delta": 0.11450236611731412,
        "q_table": {
            "S0": {
                "A0": 19.416992021902626,
                "A1": 18.323865898079195
            },
            "S1": {
                "A0": 17.871721976604626,
                "A1": 19.510425814114974
            }
        }
    },
    {
        "episode": 9,
        "current_state": "S1",
        "current_action": "A1",
        "td_delta": 0.05441695318908302,
        "q_table": {
            "S0": {
                "A0": 19.73850458623509,
                "A1": 18.462812482700855
            },
            "S1": {
                "A0": 18.289892532738996,
                "A1": 19.805180706821098
            }
        }
    },
    {
        "episode": 10,
        "current_state": "S1",
        "current_action": "A1",
        "td_delta": 0.029502950621949964,
        "q_table": {
            "S0": {
                "A0": 19.996464946061522,
                "A1": 18.462812482700855
            },
            "S1": {
                "A0": 18.289892532738996,
                "A1": 20.04450951204432
            }
        }
    },
    {
        "episode": 11,
        "current_state": "S1",
        "current_action": "A1",
        "td_delta": 0.022423381565573663,
        "q_table": {
            "S0": {
                "A0": 20.172294648894784,
                "A1": 18.462812482700855
            },
            "S1": {
                "A0": 18.289892532738996,
                "A1": 20.209402907218745
            }
        }
    },
    {
        "episode": 12,
        "current_state": "S1",
        "current_action": "A1",
        "td_delta": 0.013635187654507774,
        "q_table": {
            "S0": {
                "A0": 20.24284711138795,
                "A1": 18.462812482700855
            },
            "S1": {
                "A0": 18.289892532738996,
                "A1": 20.26112347040089
            }
        }
    },
    {
        "episode": 13,
        "current_state": "S1",
        "current_action": "A1",
        "td_delta": 0.020424193494523735,
        "q_table": {
            "S0": {
                "A0": 20.269305104894368,
                "A1": 18.462812482700855
            },
            "S1": {
                "A0": 18.289892532738996,
                "A1": 20.289951478995384
            }
        }
    },
    {
        "episode": 14,
        "current_state": "S0",
        "current_action": "A0",
        "td_delta": 0.014298384058228919,
        "q_table": {
            "S0": {
                "A0": 20.3224870075497,
                "A1": 18.462812482700855
            },
            "S1": {
                "A0": 18.289892532738996,
                "A1": 20.342615439912834
            }
        }
    },
    {
        "episode": 15,
        "current_state": "S0",
        "current_action": "A0",
        "td_delta": 0.010917131218864284,
        "q_table": {
            "S0": {
                "A0": 20.36604167890766,
                "A1": 18.462812482700855
            },
            "S1": {
                "A0": 18.289892532738996,
                "A1": 20.375324617393613
            }
        }
    },
    {
        "episode": 16,
        "current_state": "S0",
        "current_action": "A0",
        "td_delta": 0.014106341915372411,
        "q_table": {
            "S0": {
                "A0": 20.3919164283075,
                "A1": 18.462812482700855
            },
            "S1": {
                "A0": 18.289892532738996,
                "A1": 20.408252242133358
            }
        }
    },
    {
        "episode": 17,
        "current_state": "S0",
        "current_action": "A0",
        "td_delta": -0.01218796486649154,
        "q_table": {
            "S0": {
                "A0": 20.419090249850626,
                "A1": 18.462812482700855
            },
            "S1": {
                "A0": 18.289892532738996,
                "A1": 20.437850873005893
            }
        }
    },
    {
        "episode": 18,
        "current_state": "S1",
        "current_action": "A1",
        "td_delta": -0.003323333313392851,
        "q_table": {
            "S0": {
                "A0": 20.41244927599668,
                "A1": 18.462812482700855
            },
            "S1": {
                "A0": 18.289892532738996,
                "A1": 20.43273811238836
            }
        }
    },
    {
        "episode": 19,
        "current_state": "S0",
        "current_action": "A0",
        "td_delta": 0.0046653270700538485,
        "q_table": {
            "S0": {
                "A0": 20.441070654961386,
                "A1": 18.462812482700855
            },
            "S1": {
                "A0": 18.289892532738996,
                "A1": 20.45466267509441
            }
        }
    },
    {
        "episode": 20,
        "current_state": "S0",
        "current_action": "A0",
        "td_delta": -0.016148060277831888,
        "q_table": {
            "S0": {
                "A0": 20.43563057977866,
                "A1": 18.462812482700855
            },
            "S1": {
                "A0": 18.289892532738996,
                "A1": 20.461968730864577
            }
        }
    },
    {
        "episode": 21,
        "current_state": "S0",
        "current_action": "A0",
        "td_delta": -0.014277885706537319,
        "q_table": {
            "S0": {
                "A0": 20.415482482959433,
                "A1": 18.462812482700855
            },
            "S1": {
                "A0": 18.289892532738996,
                "A1": 20.435233587407517
            }
        }
    },
    {
        "episode": 22,
        "current_state": "S1",
        "current_action": "A1",
        "td_delta": 0.008844256384346494,
        "q_table": {
            "S0": {
                "A0": 20.388006699756673,
                "A1": 18.462812482700855
            },
            "S1": {
                "A0": 18.289892532738996,
                "A1": 20.41416840778727
            }
        }
    },
    {
        "episode": 23,
        "current_state": "S0",
        "current_action": "A0",
        "td_delta": 0.0010752039331798358,
        "q_table": {
            "S0": {
                "A0": 20.36652500887492,
                "A1": 18.462812482700855
            },
            "S1": {
                "A0": 18.289892532738996,
                "A1": 20.38561655759679
            }
        }
    },
    {
        "episode": 24,
        "current_state": "S1",
        "current_action": "A1",
        "td_delta": 0.008342969070653794,
        "q_table": {
            "S0": {
                "A0": 20.357970490366668,
                "A1": 18.462812482700855
            },
            "S1": {
                "A0": 18.289892532738996,
                "A1": 20.371836743538736
            }
        }
    },
    {
        "episode": 25,
        "current_state": "S0",
        "current_action": "A0",
        "td_delta": 0.003236738868153566,
        "q_table": {
            "S0": {
                "A0": 20.36763277348027,
                "A1": 18.462812482700855
            },
            "S1": {
                "A0": 18.289892532738996,
                "A1": 20.373177190888907
            }
        }
    },
    {
        "episode": 26,
        "current_state": "S1",
        "current_action": "A1",
        "td_delta": 0.002748188910871363,
        "q_table": {
            "S0": {
                "A0": 20.366263029781337,
                "A1": 18.462812482700855
            },
            "S1": {
                "A0": 18.289892532738996,
                "A1": 20.373906363230308
            }
        }
    },
    {
        "episode": 27,
        "current_state": "S1",
        "current_action": "A1",
        "td_delta": 0.0001497059953514679,
        "q_table": {
            "S0": {
                "A0": 20.38629782662107,
                "A1": 18.462812482700855
            },
            "S1": {
                "A0": 18.289892532738996,
                "A1": 20.39733587406753
            }
        }
    },
    {
        "episode": 28,
        "current_state": "S0",
        "current_action": "A0",
        "td_delta": -0.008790889137639368,
        "q_table": {
            "S0": {
                "A0": 20.39882287338466,
                "A1": 18.462812482700855
            },
            "S1": {
                "A0": 18.289892532738996,
                "A1": 20.410651314194837
            }
        }
    },
    {
        "episode": 29,
        "current_state": "S1",
        "current_action": "A1",
        "td_delta": 0.006947571448062462,
        "q_table": {
            "S0": {
                "A0": 20.403164517721095,
                "A1": 18.462812482700855
            },
            "S1": {
                "A0": 18.289892532738996,
                "A1": 20.416689556665922
            }
        }
    },
    {
        "episode": 30,
        "current_state": "S1",
        "current_action": "A1",
        "td_delta": -0.008607443706978302,
        "q_table": {
            "S0": {
                "A0": 20.378078353903962,
                "A1": 18.462812482700855
            },
            "S1": {
                "A0": 18.289892532738996,
                "A1": 20.397506401251874
            }
        }
    },
    {
        "episode": 31,
        "current_state": "S0",
        "current_action": "A0",
        "td_delta": -0.013348415667739033,
        "q_table": {
            "S0": {
                "A0": 20.37145643298203,
                "A1": 18.462812482700855
            },
            "S1": {
                "A0": 18.289892532738996,
                "A1": 20.38893650498399
            }
        }
    },
    {
        "episode": 32,
        "current_state": "S1",
        "current_action": "A1",
        "td_delta": 0.014471288967982332,
        "q_table": {
            "S0": {
                "A0": 20.3693973131666,
                "A1": 18.462812482700855
            },
            "S1": {
                "A0": 18.289892532738996,
                "A1": 20.388857011519526
            }
        }
    },
    {
        "episode": 33,
        "current_state": "S1",
        "current_action": "A1",
        "td_delta": 0.0011754765308396031,
        "q_table": {
            "S0": {
                "A0": 20.386617401046568,
                "A1": 18.462812482700855
            },
            "S1": {
                "A0": 18.289892532738996,
                "A1": 20.40077050435817
            }
        }
    },
    {
        "episode": 34,
        "current_state": "S0",
        "current_action": "A0",
        "td_delta": 0.00450315803642809,
        "q_table": {
            "S0": {
                "A0": 20.400330501625273,
                "A1": 18.462812482700855
            },
            "S1": {
                "A0": 18.289892532738996,
                "A1": 20.40895279704594
            }
        }
    },
    {
        "episode": 35,
        "current_state": "S0",
        "current_action": "A0",
        "td_delta": 0.0005333777624194624,
        "q_table": {
            "S0": {
                "A0": 20.40889541446832,
                "A1": 18.462812482700855
            },
            "S1": {
                "A0": 18.289892532738996,
                "A1": 20.410717182526408
            }
        }
    },
    {
        "episode": 36,
        "current_state": "S0",
        "current_action": "A0",
        "td_delta": 0.0008657973571999378,
        "q_table": {
            "S0": {
                "A0": 20.40776598188847,
                "A1": 18.462812482700855
            },
            "S1": {
                "A0": 18.289892532738996,
                "A1": 20.409646143429054
            }
        }
    },
    {
        "episode": 37,
        "current_state": "S1",
        "current_action": "A1",
        "td_delta": -0.004001925335153089,
        "q_table": {
            "S0": {
                "A0": 20.401691190784415,
                "A1": 18.462812482700855
            },
            "S1": {
                "A0": 18.289892532738996,
                "A1": 20.39672224608714
            }
        }
    },
    {
        "episode": 38,
        "current_state": "S1",
        "current_action": "A1",
        "td_delta": -0.005692245064238932,
        "q_table": {
            "S0": {
                "A0": 20.3933474214207,
                "A1": 18.462812482700855
            },
            "S1": {
                "A0": 18.289892532738996,
                "A1": 20.38524631285889
            }
        }
    },
    {
        "episode": 39,
        "current_state": "S1",
        "current_action": "A1",
        "td_delta": -0.004526879295355002,
        "q_table": {
            "S0": {
                "A0": 20.38362333937491,
                "A1": 18.462812482700855
            },
            "S1": {
                "A0": 18.289892532738996,
                "A1": 20.379072129183175
            }
        }
    },
    {
        "episode": 40,
        "current_state": "S1",
        "current_action": "A1",
        "td_delta": -0.003016922568146896,
        "q_table": {
            "S0": {
                "A0": 20.365309612136542,
                "A1": 18.462812482700855
            },
            "S1": {
                "A0": 18.289892532738996,
                "A1": 20.362202107664622
            }
        }
    },
    {
        "episode": 41,
        "current_state": "S0",
        "current_action": "A0",
        "td_delta": -0.0029447573125906956,
        "q_table": {
            "S0": {
                "A0": 20.35126522240294,
                "A1": 18.462812482700855
            },
            "S1": {
                "A0": 18.289892532738996,
                "A1": 20.349075118452916
            }
        }
    },
    {
        "episode": 42,
        "current_state": "S0",
        "current_action": "A0",
        "td_delta": -0.001645116542970726,
        "q_table": {
            "S0": {
                "A0": 20.342676094111287,
                "A1": 18.462812482700855
            },
            "S1": {
                "A0": 18.289892532738996,
                "A1": 20.34179219050667
            }
        }
    },
    {
        "episode": 43,
        "current_state": "S0",
        "current_action": "A0",
        "td_delta": -0.0021081791890011914,
        "q_table": {
            "S0": {
                "A0": 20.335195255280357,
                "A1": 18.462812482700855
            },
            "S1": {
                "A0": 18.289892532738996,
                "A1": 20.334646551744996
            }
        }
    },
    {
        "episode": 44,
        "current_state": "S1",
        "current_action": "A1",
        "td_delta": 0.002255585823522921,
        "q_table": {
            "S0": {
                "A0": 20.33646677098096,
                "A1": 18.462812482700855
            },
            "S1": {
                "A0": 18.289892532738996,
                "A1": 20.338284260961878
            }
        }
    },
    {
        "episode": 45,
        "current_state": "S0",
        "current_action": "A0",
        "td_delta": -0.00119714373283486,
        "q_table": {
            "S0": {
                "A0": 20.341490721671423,
                "A1": 18.462812482700855
            },
            "S1": {
                "A0": 18.289892532738996,
                "A1": 20.34371844133503
            }
        }
    },
    {
        "episode": 46,
        "current_state": "S0",
        "current_action": "A0",
        "td_delta": -0.0012578210004221546,
        "q_table": {
            "S0": {
                "A0": 20.33661340931133,
                "A1": 18.462812482700855
            },
            "S1": {
                "A0": 18.289892532738996,
                "A1": 20.335385017986837
            }
        }
    },
    {
        "episode": 47,
        "current_state": "S1",
        "current_action": "A1",
        "td_delta": -0.003053393804670179,
        "q_table": {
            "S0": {
                "A0": 20.32715418511576,
                "A1": 18.462812482700855
            },
            "S1": {
                "A0": 18.289892532738996,
                "A1": 20.324572345637698
            }
        }
    },
    {
        "episode": 48,
        "current_state": "S1",
        "current_action": "A1",
        "td_delta": 0.0001690326583378976,
        "q_table": {
            "S0": {
                "A0": 20.324622927716725,
                "A1": 18.462812482700855
            },
            "S1": {
                "A0": 18.289892532738996,
                "A1": 20.32421009610356
            }
        }
    },
    {
        "episode": 49,
        "current_state": "S0",
        "current_action": "A0",
        "td_delta": -0.000586916925612968,
        "q_table": {
            "S0": {
                "A0": 20.320073413350944,
                "A1": 18.462812482700855
            },
            "S1": {
                "A0": 18.289892532738996,
                "A1": 20.320615924974426
            }
        }
    },
    {
        "episode": 50,
        "current_state": "S1",
        "current_action": "A1",
        "td_delta": 0.0020669436031504063,
        "q_table": {
            "S0": {
                "A0": 20.32288718811391,
                "A1": 18.462812482700855
            },
            "S1": {
                "A0": 18.289892532738996,
                "A1": 20.32626911066757
            }
        }
    },
    {
        "episode": 51,
        "current_state": "S0",
        "current_action": "A0",
        "td_delta": -0.001469861639105119,
        "q_table": {
            "S0": {
                "A0": 20.32646512538752,
                "A1": 18.462812482700855
            },
            "S1": {
                "A0": 18.289892532738996,
                "A1": 20.32388167963517
            }
        }
    },
    {
        "episode": 52,
        "current_state": "S1",
        "current_action": "A1",
        "td_delta": -0.003067398657218945,
        "q_table": {
            "S0": {
                "A0": 20.312552233265073,
                "A1": 18.462812482700855
            },
            "S1": {
                "A0": 18.289892532738996,
                "A1": 20.309049543816297
            }
        }
    },
    {
        "episode": 53,
        "current_state": "S1",
        "current_action": "A1",
        "td_delta": -0.004714797199675047,
        "q_table": {
            "S0": {
                "A0": 20.28935938302021,
                "A1": 18.462812482700855
            },
            "S1": {
                "A0": 18.289892532738996,
                "A1": 20.289018204674143
            }
        }
    },
    {
        "episode": 54,
        "current_state": "S1",
        "current_action": "A1",
        "td_delta": -0.003528004520326533,
        "q_table": {
            "S0": {
                "A0": 20.27483951669651,
                "A1": 18.462812482700855
            },
            "S1": {
                "A0": 18.289892532738996,
                "A1": 20.27322453168279
            }
        }
    },
    {
        "episode": 55,
        "current_state": "S0",
        "current_action": "A0",
        "td_delta": -0.0024035401254849376,
        "q_table": {
            "S0": {
                "A0": 20.261237511023378,
                "A1": 18.462812482700855
            },
            "S1": {
                "A0": 18.289892532738996,
                "A1": 20.26121300104159
            }
        }
    },
    {
        "episode": 56,
        "current_state": "S0",
        "current_action": "A0",
        "td_delta": -0.000754283072414097,
        "q_table": {
            "S0": {
                "A0": 20.25054663053224,
                "A1": 18.462812482700855
            },
            "S1": {
                "A0": 18.289892532738996,
                "A1": 20.254298893074182
            }
        }
    },
    {
        "episode": 57,
        "current_state": "S1",
        "current_action": "A1",
        "td_delta": -0.0026225754821886937,
        "q_table": {
            "S0": {
                "A0": 20.24192644558878,
                "A1": 18.462812482700855
            },
            "S1": {
                "A0": 18.289892532738996,
                "A1": 20.245781561728673
            }
        }
    },
    {
        "episode": 58,
        "current_state": "S1",
        "current_action": "A1",
        "td_delta": -0.002757634298646394,
        "q_table": {
            "S0": {
                "A0": 20.238749219039118,
                "A1": 18.462812482700855
            },
            "S1": {
                "A0": 18.289892532738996,
                "A1": 20.241826281596403
            }
        }
    },
    {
        "episode": 59,
        "current_state": "S1",
        "current_action": "A1",
        "td_delta": -0.001924537843390084,
        "q_table": {
            "S0": {
                "A0": 20.234942909219992,
                "A1": 18.462812482700855
            },
            "S1": {
                "A0": 18.289892532738996,
                "A1": 20.23788832332466
            }
        }
    },
    {
        "episode": 60,
        "current_state": "S1",
        "current_action": "A1",
        "td_delta": -0.0004303666654905669,
        "q_table": {
            "S0": {
                "A0": 20.22904257541934,
                "A1": 18.462812482700855
            },
            "S1": {
                "A0": 18.289892532738996,
                "A1": 20.23273196848425
            }
        }
    },
    {
        "episode": 61,
        "current_state": "S0",
        "current_action": "A0",
        "td_delta": -0.000521330641550577,
        "q_table": {
            "S0": {
                "A0": 20.22002445341423,
                "A1": 18.462812482700855
            },
            "S1": {
                "A0": 18.289892532738996,
                "A1": 20.22446878662273
            }
        }
    },
    {
        "episode": 62,
        "current_state": "S1",
        "current_action": "A1",
        "td_delta": 0.002935722972789989,
        "q_table": {
            "S0": {
                "A0": 20.20977933380173,
                "A1": 18.462812482700855
            },
            "S1": {
                "A0": 18.289892532738996,
                "A1": 20.21528696318498
            }
        }
    },
    {
        "episode": 63,
        "current_state": "S0",
        "current_action": "A0",
        "td_delta": 0.0012317442792735278,
        "q_table": {
            "S0": {
                "A0": 20.207274322089543,
                "A1": 18.462812482700855
            },
            "S1": {
                "A0": 18.289892532738996,
                "A1": 20.212300745436877
            }
        }
    },
    {
        "episode": 64,
        "current_state": "S1",
        "current_action": "A1",
        "td_delta": -0.00015278254499051513,
        "q_table": {
            "S0": {
                "A0": 20.20679364642455,
                "A1": 18.462812482700855
            },
            "S1": {
                "A0": 18.289892532738996,
                "A1": 20.209746897974338
            }
        }
    },
    {
        "episode": 65,
        "current_state": "S1",
        "current_action": "A1",
        "td_delta": 0.0034798176457613295,
        "q_table": {
            "S0": {
                "A0": 20.210071925044392,
                "A1": 18.462812482700855
            },
            "S1": {
                "A0": 18.289892532738996,
                "A1": 20.21416702170327
            }
        }
    },
    {
        "episode": 66,
        "current_state": "S0",
        "current_action": "A0",
        "td_delta": -0.003577246599192563,
        "q_table": {
            "S0": {
                "A0": 20.21190536233123,
                "A1": 18.462812482700855
            },
            "S1": {
                "A0": 18.289892532738996,
                "A1": 20.218108951453
            }
        }
    },
    {
        "episode": 67,
        "current_state": "S1",
        "current_action": "A1",
        "td_delta": 0.0018685871913461938,
        "q_table": {
            "S0": {
                "A0": 20.220913365596438,
                "A1": 18.462812482700855
            },
            "S1": {
                "A0": 18.289892532738996,
                "A1": 20.22684994626242
            }
        }
    },
    {
        "episode": 68,
        "current_state": "S0",
        "current_action": "A0",
        "td_delta": 0.0001478795066951477,
        "q_table": {
            "S0": {
                "A0": 20.232736203623325,
                "A1": 18.462812482700855
            },
            "S1": {
                "A0": 18.289892532738996,
                "A1": 20.235617534730608
            }
        }
    },
    {
        "episode": 69,
        "current_state": "S1",
        "current_action": "A1",
        "td_delta": -0.00010040361045327018,
        "q_table": {
            "S0": {
                "A0": 20.237367150125664,
                "A1": 18.462812482700855
            },
            "S1": {
                "A0": 18.289892532738996,
                "A1": 20.241964568715506
            }
        }
    },
    {
        "episode": 70,
        "current_state": "S1",
        "current_action": "A1",
        "td_delta": -0.00100999802513968,
        "q_table": {
            "S0": {
                "A0": 20.24067311636055,
                "A1": 18.462812482700855
            },
            "S1": {
                "A0": 18.289892532738996,
                "A1": 20.24460208574578
            }
        }
    },
    {
        "episode": 71,
        "current_state": "S1",
        "current_action": "A1",
        "td_delta": -0.0003345420101723562,
        "q_table": {
            "S0": {
                "A0": 20.245320915029264,
                "A1": 18.462812482700855
            },
            "S1": {
                "A0": 18.289892532738996,
                "A1": 20.24838433556228
            }
        }
    },
    {
        "episode": 72,
        "current_state": "S0",
        "current_action": "A0",
        "td_delta": 0.000750833413906804,
        "q_table": {
            "S0": {
                "A0": 20.248481638498554,
                "A1": 18.462812482700855
            },
            "S1": {
                "A0": 18.289892532738996,
                "A1": 20.25004057312257
            }
        }
    },
    {
        "episode": 73,
        "current_state": "S1",
        "current_action": "A1",
        "td_delta": -0.0009270689906948348,
        "q_table": {
            "S0": {
                "A0": 20.24887591555617,
                "A1": 18.462812482700855
            },
            "S1": {
                "A0": 18.289892532738996,
                "A1": 20.25194223020692
            }
        }
    },
    {
        "episode": 74,
        "current_state": "S1",
        "current_action": "A1",
        "td_delta": 0.0003104432836451565,
        "q_table": {
            "S0": {
                "A0": 20.253215523398325,
                "A1": 18.462812482700855
            },
            "S1": {
                "A0": 18.289892532738996,
                "A1": 20.25431305941228
            }
        }
    },
    {
        "episode": 75,
        "current_state": "S0",
        "current_action": "A0",
        "td_delta": 0.0004945396742535024,
        "q_table": {
            "S0": {
                "A0": 20.25338988672948,
                "A1": 18.462812482700855
            },
            "S1": {
                "A0": 18.289892532738996,
                "A1": 20.25624219032067
            }
        }
    },
    {
        "episode": 76,
        "current_state": "S0",
        "current_action": "A0",
        "td_delta": -0.0006164664866723513,
        "q_table": {
            "S0": {
                "A0": 20.25406379751492,
                "A1": 18.462812482700855
            },
            "S1": {
                "A0": 18.289892532738996,
                "A1": 20.257121152836426
            }
        }
    },
    {
        "episode": 77,
        "current_state": "S0",
        "current_action": "A0",
        "td_delta": 0.0012315778456830628,
        "q_table": {
            "S0": {
                "A0": 20.24889389040542,
                "A1": 18.462812482700855
            },
            "S1": {
                "A0": 18.289892532738996,
                "A1": 20.25318741346214
            }
        }
    },
    {
        "episode": 78,
        "current_state": "S1",
        "current_action": "A1",
        "td_delta": -0.00045097970378904506,
        "q_table": {
            "S0": {
                "A0": 20.24675165612289,
                "A1": 18.462812482700855
            },
            "S1": {
                "A0": 18.289892532738996,
                "A1": 20.249544543904175
            }
        }
    },
    {
        "episode": 79,
        "current_state": "S0",
        "current_action": "A0",
        "td_delta": 0.0003106208956573653,
        "q_table": {
            "S0": {
                "A0": 20.243471971475643,
                "A1": 18.462812482700855
            },
            "S1": {
                "A0": 18.289892532738996,
                "A1": 20.24652279909952
            }
        }
    },
    {
        "episode": 80,
        "current_state": "S1",
        "current_action": "A1",
        "td_delta": -0.001346298705495741,
        "q_table": {
            "S0": {
                "A0": 20.240081217469623,
                "A1": 18.462812482700855
            },
            "S1": {
                "A0": 18.289892532738996,
                "A1": 20.243300898141136
            }
        }
    },
    {
        "episode": 81,
        "current_state": "S0",
        "current_action": "A0",
        "td_delta": -0.00314038517649351,
        "q_table": {
            "S0": {
                "A0": 20.234296907373306,
                "A1": 18.462812482700855
            },
            "S1": {
                "A0": 18.289892532738996,
                "A1": 20.23965382324517
            }
        }
    },
    {
        "episode": 82,
        "current_state": "S1",
        "current_action": "A1",
        "td_delta": -0.0022923257661311425,
        "q_table": {
            "S0": {
                "A0": 20.230843708303112,
                "A1": 18.462812482700855
            },
            "S1": {
                "A0": 18.289892532738996,
                "A1": 20.232703532994584
            }
        }
    },
    {
        "episode": 83,
        "current_state": "S0",
        "current_action": "A0",
        "td_delta": 0.00016653199506677652,
        "q_table": {
            "S0": {
                "A0": 20.22353613989597,
                "A1": 18.462812482700855
            },
            "S1": {
                "A0": 18.289892532738996,
                "A1": 20.226948524519877
            }
        }
    },
    {
        "episode": 84,
        "current_state": "S0",
        "current_action": "A0",
        "td_delta": -0.0005555769656666598,
        "q_table": {
            "S0": {
                "A0": 20.21640877499904,
                "A1": 18.462812482700855
            },
            "S1": {
                "A0": 18.289892532738996,
                "A1": 20.221313963182585
            }
        }
    },
    {
        "episode": 85,
        "current_state": "S1",
        "current_action": "A1",
        "td_delta": -0.003201669316649003,
        "q_table": {
            "S0": {
                "A0": 20.212345711921877,
                "A1": 18.462812482700855
            },
            "S1": {
                "A0": 18.289892532738996,
                "A1": 20.218338903409848
            }
        }
    },
    {
        "episode": 86,
        "current_state": "S0",
        "current_action": "A0",
        "td_delta": -0.005144646227797978,
        "q_table": {
            "S0": {
                "A0": 20.204454051976807,
                "A1": 18.462812482700855
            },
            "S1": {
                "A0": 18.289892532738996,
                "A1": 20.212563468506097
            }
        }
    },
    {
        "episode": 87,
        "current_state": "S1",
        "current_action": "A1",
        "td_delta": 0.0029633564732911566,
        "q_table": {
            "S0": {
                "A0": 20.198785129294016,
                "A1": 18.462812482700855
            },
            "S1": {
                "A0": 18.289892532738996,
                "A1": 20.207051463527144
            }
        }
    },
    {
        "episode": 88,
        "current_state": "S1",
        "current_action": "A1",
        "td_delta": -0.0031809967911478054,
        "q_table": {
            "S0": {
                "A0": 20.190120513727525,
                "A1": 18.462812482700855
            },
            "S1": {
                "A0": 18.289892532738996,
                "A1": 20.19678171770108
            }
        }
    },
    {
        "episode": 89,
        "current_state": "S1",
        "current_action": "A1",
        "td_delta": -0.0007917607490917078,
        "q_table": {
            "S0": {
                "A0": 20.186635038503738,
                "A1": 18.462812482700855
            },
            "S1": {
                "A0": 18.289892532738996,
                "A1": 20.192221111426587
            }
        }
    },
    {
        "episode": 90,
        "current_state": "S0",
        "current_action": "A0",
        "td_delta": 0.00310017518560457,
        "q_table": {
            "S0": {
                "A0": 20.190486193873404,
                "A1": 18.462812482700855
            },
            "S1": {
                "A0": 18.289892532738996,
                "A1": 20.19644758344705
            }
        }
    },
    {
        "episode": 91,
        "current_state": "S0",
        "current_action": "A0",
        "td_delta": 0.0012953088172338312,
        "q_table": {
            "S0": {
                "A0": 20.189687818240625,
                "A1": 18.462812482700855
            },
            "S1": {
                "A0": 18.289892532738996,
                "A1": 20.195935406214836
            }
        }
    },
    {
        "episode": 92,
        "current_state": "S1",
        "current_action": "A1",
        "td_delta": -0.0011502597211396903,
        "q_table": {
            "S0": {
                "A0": 20.186809976726867,
                "A1": 18.462812482700855
            },
            "S1": {
                "A0": 18.289892532738996,
                "A1": 20.193641606957478
            }
        }
    },
    {
        "episode": 93,
        "current_state": "S0",
        "current_action": "A0",
        "td_delta": 0.0027796769404950794,
        "q_table": {
            "S0": {
                "A0": 20.194354236197047,
                "A1": 18.462812482700855
            },
            "S1": {
                "A0": 18.289892532738996,
                "A1": 20.20123044461203
            }
        }
    },
    {
        "episode": 94,
        "current_state": "S1",
        "current_action": "A1",
        "td_delta": 0.0051837711317475055,
        "q_table": {
            "S0": {
                "A0": 20.20326185415567,
                "A1": 18.462812482700855
            },
            "S1": {
                "A0": 18.289892532738996,
                "A1": 20.209590933992683
            }
        }
    },
    {
        "episode": 95,
        "current_state": "S1",
        "current_action": "A1",
        "td_delta": 0.005956975938577358,
        "q_table": {
            "S0": {
                "A0": 20.204554029312987,
                "A1": 18.462812482700855
            },
            "S1": {
                "A0": 18.289892532738996,
                "A1": 20.212060034279663
            }
        }
    },
    {
        "episode": 96,
        "current_state": "S1",
        "current_action": "A1",
        "td_delta": -0.0015020765420530324,
        "q_table": {
            "S0": {
                "A0": 20.207287312551355,
                "A1": 18.462812482700855
            },
            "S1": {
                "A0": 18.289892532738996,
                "A1": 20.217117855919557
            }
        }
    },
    {
        "episode": 97,
        "current_state": "S0",
        "current_action": "A0",
        "td_delta": 0.002020450620076275,
        "q_table": {
            "S0": {
                "A0": 20.209642689021234,
                "A1": 18.462812482700855
            },
            "S1": {
                "A0": 18.289892532738996,
                "A1": 20.21672360741857
            }
        }
    },
    {
        "episode": 98,
        "current_state": "S1",
        "current_action": "A1",
        "td_delta": 0.006962516343858027,
        "q_table": {
            "S0": {
                "A0": 20.210644264323868,
                "A1": 18.462812482700855
            },
            "S1": {
                "A0": 18.289892532738996,
                "A1": 20.22024259291745
            }
        }
    },
    {
        "episode": 99,
        "current_state": "S0",
        "current_action": "A0",
        "td_delta": 0.002495329068747054,
        "q_table": {
            "S0": {
                "A0": 20.212892905213117,
                "A1": 18.462812482700855
            },
            "S1": {
                "A0": 18.289892532738996,
                "A1": 20.221665555902163
            }
        }
    },
    {
        "episode": 100,
        "current_state": "S0",
        "current_action": "A0",
        "td_delta": 0.0025794716542613116,
        "q_table": {
            "S0": {
                "A0": 20.217927129428475,
                "A1": 18.462812482700855
            },
            "S1": {
                "A0": 18.289892532738996,
                "A1": 20.227709862703
            }
        }
    },
    {
        "episode": 101,
        "current_state": "S0",
        "current_action": "A0",
        "td_delta": -0.007543501290847132,
        "q_table": {
            "S0": {
                "A0": 20.2144260541129,
                "A1": 18.462812482700855
            },
            "S1": {
                "A0": 18.289892532738996,
                "A1": 20.228544631678936
            }
        }
    },
    {
        "episode": 102,
        "current_state": "S0",
        "current_action": "A0",
        "td_delta": 0.0036106615967170796,
        "q_table": {
            "S0": {
                "A0": 20.219493219932865,
                "A1": 18.462812482700855
            },
            "S1": {
                "A0": 18.289892532738996,
                "A1": 20.230000789463674
            }
        }
    },
    {
        "episode": 103,
        "current_state": "S1",
        "current_action": "A1",
        "td_delta": 0.007567662151362953,
        "q_table": {
            "S0": {
                "A0": 20.2231616802319,
                "A1": 18.462812482700855
            },
            "S1": {
                "A0": 18.289892532738996,
                "A1": 20.234033026659517
            }
        }
    },
    {
        "episode": 104,
        "current_state": "S1",
        "current_action": "A1",
        "td_delta": -0.004216216504850934,
        "q_table": {
            "S0": {
                "A0": 20.22080875562881,
                "A1": 18.462812482700855
            },
            "S1": {
                "A0": 18.289892532738996,
                "A1": 20.233319284705768
            }
        }
    },
    {
        "episode": 105,
        "current_state": "S0",
        "current_action": "A0",
        "td_delta": 0.0010165189265194385,
        "q_table": {
            "S0": {
                "A0": 20.2204746852533,
                "A1": 18.462812482700855
            },
            "S1": {
                "A0": 18.289892532738996,
                "A1": 20.23099539210537
            }
        }
    },
    {
        "episode": 106,
        "current_state": "S1",
        "current_action": "A1",
        "td_delta": -0.004525898253046279,
        "q_table": {
            "S0": {
                "A0": 20.220796291836923,
                "A1": 18.462812482700855
            },
            "S1": {
                "A0": 18.289892532738996,
                "A1": 20.2334825475461
            }
        }
    },
    {
        "episode": 107,
        "current_state": "S1",
        "current_action": "A1",
        "td_delta": 0.008473111879926165,
        "q_table": {
            "S0": {
                "A0": 20.219101778706115,
                "A1": 18.462812482700855
            },
            "S1": {
                "A0": 18.289892532738996,
                "A1": 20.23460626311118
            }
        }
    },
    {
        "episode": 108,
        "current_state": "S1",
        "current_action": "A1",
        "td_delta": -0.006867917327621598,
        "q_table": {
            "S0": {
                "A0": 20.218345850069678,
                "A1": 18.462812482700855
            },
            "S1": {
                "A0": 18.289892532738996,
                "A1": 20.23354635659361
            }
        }
    },
    {
        "episode": 109,
        "current_state": "S0",
        "current_action": "A0",
        "td_delta": 0.001507605603457307,
        "q_table": {
            "S0": {
                "A0": 20.220220261707475,
                "A1": 18.462812482700855
            },
            "S1": {
                "A0": 18.289892532738996,
                "A1": 20.23104827749026
            }
        }
    },
    {
        "episode": 110,
        "current_state": "S0",
        "current_action": "A0",
        "td_delta": -0.006724018864908032,
        "q_table": {
            "S0": {
                "A0": 20.216859933771094,
                "A1": 18.462812482700855
            },
            "S1": {
                "A0": 18.289892532738996,
                "A1": 20.22752755734794
            }
        }
    },
    {
        "episode": 111,
        "current_state": "S1",
        "current_action": "A1",
        "td_delta": -0.0051504319779667185,
        "q_table": {
            "S0": {
                "A0": 20.221945287413078,
                "A1": 18.462812482700855
            },
            "S1": {
                "A0": 18.289892532738996,
                "A1": 20.233976796515503
            }
        }
    },
    {
        "episode": 112,
        "current_state": "S0",
        "current_action": "A0",
        "td_delta": 0.0028027909766521475,
        "q_table": {
            "S0": {
                "A0": 20.2268755096211,
                "A1": 18.462812482700855
            },
            "S1": {
                "A0": 18.289892532738996,
                "A1": 20.2340869103269
            }
        }
    },
    {
        "episode": 113,
        "current_state": "S1",
        "current_action": "A1",
        "td_delta": -0.0016515016224012413,
        "q_table": {
            "S0": {
                "A0": 20.230843497501027,
                "A1": 18.462812482700855
            },
            "S1": {
                "A0": 18.289892532738996,
                "A1": 20.23830288548936
            }
        }
    },
    {
        "episode": 114,
        "current_state": "S1",
        "current_action": "A1",
        "td_delta": -0.0006970811588331571,
        "q_table": {
            "S0": {
                "A0": 20.237689441065612,
                "A1": 18.462812482700855
            },
            "S1": {
                "A0": 18.289892532738996,
                "A1": 20.242438671210458
            }
        }
    },
    {
        "episode": 115,
        "current_state": "S1",
        "current_action": "A1",
        "td_delta": -0.0018451180445993032,
        "q_table": {
            "S0": {
                "A0": 20.2370411575776,
                "A1": 18.462812482700855
            },
            "S1": {
                "A0": 18.289892532738996,
                "A1": 20.243731330532963
            }
        }
    },
    {
        "episode": 116,
        "current_state": "S0",
        "current_action": "A0",
        "td_delta": 0.0010539491826406788,
        "q_table": {
            "S0": {
                "A0": 20.237982022546916,
                "A1": 18.462812482700855
            },
            "S1": {
                "A0": 18.289892532738996,
                "A1": 20.24317493976095
            }
        }
    },
    {
        "episode": 117,
        "current_state": "S1",
        "current_action": "A1",
        "td_delta": -0.0020055409150430137,
        "q_table": {
            "S0": {
                "A0": 20.239442191821365,
                "A1": 18.462812482700855
            },
            "S1": {
                "A0": 18.289892532738996,
                "A1": 20.24600098170374
            }
        }
    },
    {
        "episode": 118,
        "current_state": "S0",
        "current_action": "A0",
        "td_delta": -0.0023122407712463655,
        "q_table": {
            "S0": {
                "A0": 20.243327299255547,
                "A1": 18.462812482700855
            },
            "S1": {
                "A0": 18.289892532738996,
                "A1": 20.247898159538988
            }
        }
    },
    {
        "episode": 119,
        "current_state": "S1",
        "current_action": "A1",
        "td_delta": -0.0009664566471805358,
        "q_table": {
            "S0": {
                "A0": 20.244447410176285,
                "A1": 18.462812482700855
            },
            "S1": {
                "A0": 18.289892532738996,
                "A1": 20.248123270557553
            }
        }
    },
    {
        "episode": 120,
        "current_state": "S0",
        "current_action": "A0",
        "td_delta": 0.0014071811623139752,
        "q_table": {
            "S0": {
                "A0": 20.242316058577824,
                "A1": 18.462812482700855
            },
            "S1": {
                "A0": 18.289892532738996,
                "A1": 20.246444910689657
            }
        }
    },
    {
        "episode": 121,
        "current_state": "S0",
        "current_action": "A0",
        "td_delta": 0.0011643630106128455,
        "q_table": {
            "S0": {
                "A0": 20.244082824074205,
                "A1": 18.462812482700855
            },
            "S1": {
                "A0": 18.289892532738996,
                "A1": 20.24766111699688
            }
        }
    },
    {
        "episode": 122,
        "current_state": "S1",
        "current_action": "A1",
        "td_delta": 0.0028210428711723523,
        "q_table": {
            "S0": {
                "A0": 20.245011994971183,
                "A1": 18.462812482700855
            },
            "S1": {
                "A0": 18.289892532738996,
                "A1": 20.249462229366177
            }
        }
    },
    {
        "episode": 123,
        "current_state": "S0",
        "current_action": "A0",
        "td_delta": 0.001327308541331007,
        "q_table": {
            "S0": {
                "A0": 20.24691929694411,
                "A1": 18.462812482700855
            },
            "S1": {
                "A0": 18.289892532738996,
                "A1": 20.251605404587895
            }
        }
    },
    {
        "episode": 124,
        "current_state": "S0",
        "current_action": "A0",
        "td_delta": -0.0016757669168221412,
        "q_table": {
            "S0": {
                "A0": 20.24765984386123,
                "A1": 18.462812482700855
            },
            "S1": {
                "A0": 18.289892532738996,
                "A1": 20.252340987949307
            }
        }
    },
    {
        "episode": 125,
        "current_state": "S1",
        "current_action": "A1",
        "td_delta": 0.0008194670135566184,
        "q_table": {
            "S0": {
                "A0": 20.253541257487672,
                "A1": 18.462812482700855
            },
            "S1": {
                "A0": 18.289892532738996,
                "A1": 20.2581427733522
            }
        }
    },
    {
        "episode": 126,
        "current_state": "S1",
        "current_action": "A1",
        "td_delta": 3.9687247266328995e-06,
        "q_table": {
            "S0": {
                "A0": 20.260072047487114,
                "A1": 18.462812482700855
            },
            "S1": {
                "A0": 18.289892532738996,
                "A1": 20.264777098123545
            }
        }
    },
    {
        "episode": 127,
        "current_state": "S1",
        "current_action": "A1",
        "td_delta": -0.0003807399796507127,
        "q_table": {
            "S0": {
                "A0": 20.263917527341434,
                "A1": 18.462812482700855
            },
            "S1": {
                "A0": 18.289892532738996,
                "A1": 20.267618687777627
            }
        }
    },
    {
        "episode": 128,
        "current_state": "S0",
        "current_action": "A0",
        "td_delta": 0.0023463675560329023,
        "q_table": {
            "S0": {
                "A0": 20.267060229277906,
                "A1": 18.462812482700855
            },
            "S1": {
                "A0": 18.289892532738996,
                "A1": 20.271424322971242
            }
        }
    },
    {
        "episode": 129,
        "current_state": "S1",
        "current_action": "A1",
        "td_delta": 0.00402982602213342,
        "q_table": {
            "S0": {
                "A0": 20.268021931808473,
                "A1": 18.462812482700855
            },
            "S1": {
                "A0": 18.289892532738996,
                "A1": 20.274625989528165
            }
        }
    },
    {
        "episode": 130,
        "current_state": "S1",
        "current_action": "A1",
        "td_delta": -0.0006536640766690027,
        "q_table": {
            "S0": {
                "A0": 20.273122880923932,
                "A1": 18.462812482700855
            },
            "S1": {
                "A0": 18.289892532738996,
                "A1": 20.278298421518713
            }
        }
    },
    {
        "episode": 131,
        "current_state": "S1",
        "current_action": "A1",
        "td_delta": 0.0006524719493548048,
        "q_table": {
            "S0": {
                "A0": 20.278850575861433,
                "A1": 18.462812482700855
            },
            "S1": {
                "A0": 18.289892532738996,
                "A1": 20.282424830636526
            }
        }
    },
    {
        "episode": 132,
        "current_state": "S0",
        "current_action": "A0",
        "td_delta": -0.002009080045620948,
        "q_table": {
            "S0": {
                "A0": 20.282795135727376,
                "A1": 18.462812482700855
            },
            "S1": {
                "A0": 18.289892532738996,
                "A1": 20.2865992121544
            }
        }
    },
    {
        "episode": 133,
        "current_state": "S0",
        "current_action": "A0",
        "td_delta": -0.0025040467271928435,
        "q_table": {
            "S0": {
                "A0": 20.283779534437024,
                "A1": 18.462812482700855
            },
            "S1": {
                "A0": 18.289892532738996,
                "A1": 20.285844422763684
            }
        }
    },
    {
        "episode": 134,
        "current_state": "S1",
        "current_action": "A1",
        "td_delta": -0.00012242131533568568,
        "q_table": {
            "S0": {
                "A0": 20.282531481549434,
                "A1": 18.462812482700855
            },
            "S1": {
                "A0": 18.289892532738996,
                "A1": 20.283815018852696
            }
        }
    },
    {
        "episode": 135,
        "current_state": "S0",
        "current_action": "A0",
        "td_delta": 0.0008729561817411025,
        "q_table": {
            "S0": {
                "A0": 20.283950022535613,
                "A1": 18.462812482700855
            },
            "S1": {
                "A0": 18.289892532738996,
                "A1": 20.285382236195993
            }
        }
    },
    {
        "episode": 136,
        "current_state": "S0",
        "current_action": "A0",
        "td_delta": -0.0011304350730796386,
        "q_table": {
            "S0": {
                "A0": 20.28455107317663,
                "A1": 18.462812482700855
            },
            "S1": {
                "A0": 18.289892532738996,
                "A1": 20.28735063940008
            }
        }
    },
    {
        "episode": 137,
        "current_state": "S0",
        "current_action": "A0",
        "td_delta": -0.0010813200370414222,
        "q_table": {
            "S0": {
                "A0": 20.28837563807603,
                "A1": 18.462812482700855
            },
            "S1": {
                "A0": 18.289892532738996,
                "A1": 20.29210397813333
            }
        }
    },
    {
        "episode": 138,
        "current_state": "S1",
        "current_action": "A1",
        "td_delta": -0.0004436030493231158,
        "q_table": {
            "S0": {
                "A0": 20.290945500283417,
                "A1": 18.462812482700855
            },
            "S1": {
                "A0": 18.289892532738996,
                "A1": 20.296366281241173
            }
        }
    },
    {
        "episode": 139,
        "current_state": "S0",
        "current_action": "A0",
        "td_delta": -0.004128419211223644,
        "q_table": {
            "S0": {
                "A0": 20.294234861458914,
                "A1": 18.462812482700855
            },
            "S1": {
                "A0": 18.289892532738996,
                "A1": 20.30268773143296
            }
        }
    },
    {
        "episode": 140,
        "current_state": "S0",
        "current_action": "A0",
        "td_delta": 0.0015335015456514611,
        "q_table": {
            "S0": {
                "A0": 20.2926557436746,
                "A1": 18.462812482700855
            },
            "S1": {
                "A0": 18.289892532738996,
                "A1": 20.299073088241357
            }
        }
    },
    {
        "episode": 141,
        "current_state": "S0",
        "current_action": "A0",
        "td_delta": -0.00014175669755900344,
        "q_table": {
            "S0": {
                "A0": 20.289136436417888,
                "A1": 18.462812482700855
            },
            "S1": {
                "A0": 18.289892532738996,
                "A1": 20.293909904717143
            }
        }
    },
    {
        "episode": 142,
        "current_state": "S0",
        "current_action": "A0",
        "td_delta": -0.0046244695701567196,
        "q_table": {
            "S0": {
                "A0": 20.283920247828533,
                "A1": 18.462812482700855
            },
            "S1": {
                "A0": 18.289892532738996,
                "A1": 20.2919230760624
            }
        }
    },
    {
        "episode": 143,
        "current_state": "S1",
        "current_action": "A1",
        "td_delta": -0.0012848757434298363,
        "q_table": {
            "S0": {
                "A0": 20.284831418073168,
                "A1": 18.462812482700855
            },
            "S1": {
                "A0": 18.289892532738996,
                "A1": 20.291400346459803
            }
        }
    },
    {
        "episode": 144,
        "current_state": "S0",
        "current_action": "A0",
        "td_delta": 0.002535669757545378,
        "q_table": {
            "S0": {
                "A0": 20.28364655961236,
                "A1": 18.462812482700855
            },
            "S1": {
                "A0": 18.289892532738996,
                "A1": 20.291644793161986
            }
        }
    },
    {
        "episode": 145,
        "current_state": "S0",
        "current_action": "A0",
        "td_delta": 0.0007038564998218533,
        "q_table": {
            "S0": {
                "A0": 20.282419034765198,
                "A1": 18.462812482700855
            },
            "S1": {
                "A0": 18.289892532738996,
                "A1": 20.289472038266993
            }
        }
    },
    {
        "episode": 146,
        "current_state": "S1",
        "current_action": "A1",
        "td_delta": 0.004973036784821971,
        "q_table": {
            "S0": {
                "A0": 20.279451045120727,
                "A1": 18.462812482700855
            },
            "S1": {
                "A0": 18.289892532738996,
                "A1": 20.288150512700863
            }
        }
    },
    {
        "episode": 147,
        "current_state": "S0",
        "current_action": "A0",
        "td_delta": 0.0019636944428711445,
        "q_table": {
            "S0": {
                "A0": 20.27921736026065,
                "A1": 18.462812482700855
            },
            "S1": {
                "A0": 18.289892532738996,
                "A1": 20.287239597895443
            }
        }
    },
    {
        "episode": 148,
        "current_state": "S1",
        "current_action": "A1",
        "td_delta": -0.0017745627075100856,
        "q_table": {
            "S0": {
                "A0": 20.278633961681265,
                "A1": 18.462812482700855
            },
            "S1": {
                "A0": 18.289892532738996,
                "A1": 20.288369713999302
            }
        }
    },
    {
        "episode": 149,
        "current_state": "S1",
        "current_action": "A1",
        "td_delta": -0.001886658554749232,
        "q_table": {
            "S0": {
                "A0": 20.285145295773308,
                "A1": 18.462812482700855
            },
            "S1": {
                "A0": 18.289892532738996,
                "A1": 20.293150133489206
            }
        }
    },
    {
        "episode": 150,
        "current_state": "S1",
        "current_action": "A1",
        "td_delta": -0.0008477157218820253,
        "q_table": {
            "S0": {
                "A0": 20.285680891132657,
                "A1": 18.462812482700855
            },
            "S1": {
                "A0": 18.289892532738996,
                "A1": 20.291951274087555
            }
        }
    },
    {
        "episode": 151,
        "current_state": "S1",
        "current_action": "A1",
        "td_delta": -0.0008245615348343449,
        "q_table": {
            "S0": {
                "A0": 20.287728944771995,
                "A1": 18.462812482700855
            },
            "S1": {
                "A0": 18.289892532738996,
                "A1": 20.29430842296305
            }
        }
    },
    {
        "episode": 152,
        "current_state": "S0",
        "current_action": "A0",
        "td_delta": -0.0023444212266490183,
        "q_table": {
            "S0": {
                "A0": 20.292555167949885,
                "A1": 18.462812482700855
            },
            "S1": {
                "A0": 18.289892532738996,
                "A1": 20.298774898304885
            }
        }
    },
    {
        "episode": 153,
        "current_state": "S1",
        "current_action": "A1",
        "td_delta": -0.0003953658231417023,
        "q_table": {
            "S0": {
                "A0": 20.295507085137288,
                "A1": 18.462812482700855
            },
            "S1": {
                "A0": 18.289892532738996,
                "A1": 20.30027415284943
            }
        }
    },
    {
        "episode": 154,
        "current_state": "S0",
        "current_action": "A0",
        "td_delta": 0.0019587287493187944,
        "q_table": {
            "S0": {
                "A0": 20.293238650770228,
                "A1": 18.462812482700855
            },
            "S1": {
                "A0": 18.289892532738996,
                "A1": 20.299439142119837
            }
        }
    },
    {
        "episode": 155,
        "current_state": "S0",
        "current_action": "A0",
        "td_delta": 0.0012657893048455549,
        "q_table": {
            "S0": {
                "A0": 20.294046459951364,
                "A1": 18.462812482700855
            },
            "S1": {
                "A0": 18.289892532738996,
                "A1": 20.299799387070742
            }
        }
    },
    {
        "episode": 156,
        "current_state": "S0",
        "current_action": "A0",
        "td_delta": 0.0029181907253814643,
        "q_table": {
            "S0": {
                "A0": 20.296273046761073,
                "A1": 18.462812482700855
            },
            "S1": {
                "A0": 18.289892532738996,
                "A1": 20.30352082331791
            }
        }
    },
    {
        "episode": 157,
        "current_state": "S0",
        "current_action": "A0",
        "td_delta": -0.0028786704345975522,
        "q_table": {
            "S0": {
                "A0": 20.300205732042986,
                "A1": 18.462812482700855
            },
            "S1": {
                "A0": 18.289892532738996,
                "A1": 20.307355031073417
            }
        }
    },
    {
        "episode": 158,
        "current_state": "S0",
        "current_action": "A0",
        "td_delta": 0.002513502519338573,
        "q_table": {
            "S0": {
                "A0": 20.30374898620317,
                "A1": 18.462812482700855
            },
            "S1": {
                "A0": 18.289892532738996,
                "A1": 20.310839739590982
            }
        }
    },
    {
        "episode": 159,
        "current_state": "S1",
        "current_action": "A1",
        "td_delta": -0.0004426525841978446,
        "q_table": {
            "S0": {
                "A0": 20.306855476764685,
                "A1": 18.462812482700855
            },
            "S1": {
                "A0": 18.289892532738996,
                "A1": 20.312844208770283
            }
        }
    },
    {
        "episode": 160,
        "current_state": "S0",
        "current_action": "A0",
        "td_delta": 0.0013136588802780125,
        "q_table": {
            "S0": {
                "A0": 20.306220295446327,
                "A1": 18.462812482700855
            },
            "S1": {
                "A0": 18.289892532738996,
                "A1": 20.31298386833228
            }
        }
    },
    {
        "episode": 161,
        "current_state": "S0",
        "current_action": "A0",
        "td_delta": 0.001524904322909748,
        "q_table": {
            "S0": {
                "A0": 20.299702841338547,
                "A1": 18.462812482700855
            },
            "S1": {
                "A0": 18.289892532738996,
                "A1": 20.307064345848826
            }
        }
    },
    {
        "episode": 162,
        "current_state": "S0",
        "current_action": "A0",
        "td_delta": 0.0022827508130482954,
        "q_table": {
            "S0": {
                "A0": 20.294237122912644,
                "A1": 18.462812482700855
            },
            "S1": {
                "A0": 18.289892532738996,
                "A1": 20.30248511055341
            }
        }
    },
    {
        "episode": 163,
        "current_state": "S1",
        "current_action": "A1",
        "td_delta": 0.003952897043912884,
        "q_table": {
            "S0": {
                "A0": 20.293621020766516,
                "A1": 18.462812482700855
            },
            "S1": {
                "A0": 18.289892532738996,
                "A1": 20.30127167543536
            }
        }
    },
    {
        "episode": 164,
        "current_state": "S1",
        "current_action": "A1",
        "td_delta": -0.0007561109215679096,
        "q_table": {
            "S0": {
                "A0": 20.29572026829206,
                "A1": 18.462812482700855
            },
            "S1": {
                "A0": 18.289892532738996,
                "A1": 20.301244064926284
            }
        }
    },
    {
        "episode": 165,
        "current_state": "S1",
        "current_action": "A1",
        "td_delta": 0.0031213634426521253,
        "q_table": {
            "S0": {
                "A0": 20.29428745635883,
                "A1": 18.462812482700855
            },
            "S1": {
                "A0": 18.289892532738996,
                "A1": 20.300627194623587
            }
        }
    },
    {
        "episode": 166,
        "current_state": "S1",
        "current_action": "A1",
        "td_delta": -0.0019655712720840768,
        "q_table": {
            "S0": {
                "A0": 20.292519689739994,
                "A1": 18.462812482700855
            },
            "S1": {
                "A0": 18.289892532738996,
                "A1": 20.298581191149975
            }
        }
    },
    {
        "episode": 167,
        "current_state": "S1",
        "current_action": "A1",
        "td_delta": -0.0008777633329053458,
        "q_table": {
            "S0": {
                "A0": 20.292636086857847,
                "A1": 18.462812482700855
            },
            "S1": {
                "A0": 18.289892532738996,
                "A1": 20.297831391365346
            }
        }
    },
    {
        "episode": 168,
        "current_state": "S0",
        "current_action": "A0",
        "td_delta": 0.00010953407941372006,
        "q_table": {
            "S0": {
                "A0": 20.29241091670488,
                "A1": 18.462812482700855
            },
            "S1": {
                "A0": 18.289892532738996,
                "A1": 20.297356106061432
            }
        }
    },
    {
        "episode": 169,
        "current_state": "S1",
        "current_action": "A1",
        "td_delta": -0.0029973211498663943,
        "q_table": {
            "S0": {
                "A0": 20.28996702545378,
                "A1": 18.462812482700855
            },
            "S1": {
                "A0": 18.289892532738996,
                "A1": 20.296867201366272
            }
        }
    },
    {
        "episode": 170,
        "current_state": "S0",
        "current_action": "A0",
        "td_delta": -0.004932647947480717,
        "q_table": {
            "S0": {
                "A0": 20.288354560088735,
                "A1": 18.462812482700855
            },
            "S1": {
                "A0": 18.289892532738996,
                "A1": 20.2950183015301
            }
        }
    },
    {
        "episode": 171,
        "current_state": "S1",
        "current_action": "A1",
        "td_delta": -0.002004614410765271,
        "q_table": {
            "S0": {
                "A0": 20.286164933941215,
                "A1": 18.462812482700855
            },
            "S1": {
                "A0": 18.289892532738996,
                "A1": 20.293471359349287
            }
        }
    },
    {
        "episode": 172,
        "current_state": "S0",
        "current_action": "A0",
        "td_delta": -0.005051228352595416,
        "q_table": {
            "S0": {
                "A0": 20.2800371940127,
                "A1": 18.462812482700855
            },
            "S1": {
                "A0": 18.289892532738996,
                "A1": 20.28856929434052
            }
        }
    },
    {
        "episode": 173,
        "current_state": "S1",
        "current_action": "A1",
        "td_delta": 0.004298829189792741,
        "q_table": {
            "S0": {
                "A0": 20.279517727510974,
                "A1": 18.462812482700855
            },
            "S1": {
                "A0": 18.289892532738996,
                "A1": 20.288028731599812
            }
        }
    },
    {
        "episode": 174,
        "current_state": "S1",
        "current_action": "A1",
        "td_delta": -0.0029146080788144957,
        "q_table": {
            "S0": {
                "A0": 20.276284014000744,
                "A1": 18.462812482700855
            },
            "S1": {
                "A0": 18.289892532738996,
                "A1": 20.284972173738232
            }
        }
    },
    {
        "episode": 175,
        "current_state": "S1",
        "current_action": "A1",
        "td_delta": 0.005014582360587383,
        "q_table": {
            "S0": {
                "A0": 20.275129698681923,
                "A1": 18.462812482700855
            },
            "S1": {
                "A0": 18.289892532738996,
                "A1": 20.28396311323413
            }
        }
    },
    {
        "episode": 176,
        "current_state": "S0",
        "current_action": "A0",
        "td_delta": -0.005873531968116907,
        "q_table": {
            "S0": {
                "A0": 20.271592921838483,
                "A1": 18.462812482700855
            },
            "S1": {
                "A0": 18.289892532738996,
                "A1": 20.282000716572647
            }
        }
    },
    {
        "episode": 177,
        "current_state": "S1",
        "current_action": "A1",
        "td_delta": 0.005650565414391906,
        "q_table": {
            "S0": {
                "A0": 20.271824798253604,
                "A1": 18.462812482700855
            },
            "S1": {
                "A0": 18.289892532738996,
                "A1": 20.282340118002168
            }
        }
    },
    {
        "episode": 178,
        "current_state": "S0",
        "current_action": "A0",
        "td_delta": -0.00650887250718668,
        "q_table": {
            "S0": {
                "A0": 20.271519584517552,
                "A1": 18.462812482700855
            },
            "S1": {
                "A0": 18.289892532738996,
                "A1": 20.281900690592753
            }
        }
    },
    {
        "episode": 179,
        "current_state": "S0",
        "current_action": "A0",
        "td_delta": -0.005445499064688164,
        "q_table": {
            "S0": {
                "A0": 20.27217235661602,
                "A1": 18.462812482700855
            },
            "S1": {
                "A0": 18.289892532738996,
                "A1": 20.283932933265866
            }
        }
    },
    {
        "episode": 180,
        "current_state": "S0",
        "current_action": "A0",
        "td_delta": 0.0026798288083398347,
        "q_table": {
            "S0": {
                "A0": 20.274061187474,
                "A1": 18.462812482700855
            },
            "S1": {
                "A0": 18.289892532738996,
                "A1": 20.28164001250571
            }
        }
    },
    {
        "episode": 181,
        "current_state": "S1",
        "current_action": "A1",
        "td_delta": 0.005311006267351814,
        "q_table": {
            "S0": {
                "A0": 20.27593518427537,
                "A1": 18.462812482700855
            },
            "S1": {
                "A0": 18.289892532738996,
                "A1": 20.283350592723608
            }
        }
    },
    {
        "episode": 182,
        "current_state": "S1",
        "current_action": "A1",
        "td_delta": -0.0036197578931762564,
        "q_table": {
            "S0": {
                "A0": 20.27230090262544,
                "A1": 18.462812482700855
            },
            "S1": {
                "A0": 18.289892532738996,
                "A1": 20.281688476232084
            }
        }
    },
    {
        "episode": 183,
        "current_state": "S0",
        "current_action": "A0",
        "td_delta": 0.0010973590454597115,
        "q_table": {
            "S0": {
                "A0": 20.274603020426664,
                "A1": 18.462812482700855
            },
            "S1": {
                "A0": 18.289892532738996,
                "A1": 20.281824580419062
            }
        }
    },
    {
        "episode": 184,
        "current_state": "S0",
        "current_action": "A0",
        "td_delta": 0.0026234505435702715,
        "q_table": {
            "S0": {
                "A0": 20.273104090017515,
                "A1": 18.462812482700855
            },
            "S1": {
                "A0": 18.289892532738996,
                "A1": 20.282164164809643
            }
        }
    },
    {
        "episode": 185,
        "current_state": "S0",
        "current_action": "A0",
        "td_delta": -0.006332959795635418,
        "q_table": {
            "S0": {
                "A0": 20.26765252319171,
                "A1": 18.462812482700855
            },
            "S1": {
                "A0": 18.289892532738996,
                "A1": 20.277842676906804
            }
        }
    },
    {
        "episode": 186,
        "current_state": "S0",
        "current_action": "A0",
        "td_delta": 0.0006298622349447669,
        "q_table": {
            "S0": {
                "A0": 20.265757262951176,
                "A1": 18.462812482700855
            },
            "S1": {
                "A0": 18.289892532738996,
                "A1": 20.272855718795906
            }
        }
    },
    {
        "episode": 187,
        "current_state": "S1",
        "current_action": "A1",
        "td_delta": 0.0035279134699344183,
        "q_table": {
            "S0": {
                "A0": 20.263958548984167,
                "A1": 18.462812482700855
            },
            "S1": {
                "A0": 18.289892532738996,
                "A1": 20.270723708434648
            }
        }
    },
    {
        "episode": 188,
        "current_state": "S0",
        "current_action": "A0",
        "td_delta": -0.004540636284165345,
        "q_table": {
            "S0": {
                "A0": 20.258310190913665,
                "A1": 18.462812482700855
            },
            "S1": {
                "A0": 18.289892532738996,
                "A1": 20.266000942466228
            }
        }
    },
    {
        "episode": 189,
        "current_state": "S1",
        "current_action": "A1",
        "td_delta": -0.0042416635558488736,
        "q_table": {
            "S0": {
                "A0": 20.258238866005897,
                "A1": 18.462812482700855
            },
            "S1": {
                "A0": 18.289892532738996,
                "A1": 20.266773105937432
            }
        }
    },
    {
        "episode": 190,
        "current_state": "S0",
        "current_action": "A0",
        "td_delta": 0.0024003621492347804,
        "q_table": {
            "S0": {
                "A0": 20.25970158095325,
                "A1": 18.462812482700855
            },
            "S1": {
                "A0": 18.289892532738996,
                "A1": 20.26593343778286
            }
        }
    },
    {
        "episode": 191,
        "current_state": "S1",
        "current_action": "A1",
        "td_delta": -0.001213436838359172,
        "q_table": {
            "S0": {
                "A0": 20.263928599270788,
                "A1": 18.462812482700855
            },
            "S1": {
                "A0": 18.289892532738996,
                "A1": 20.271490158322134
            }
        }
    },
    {
        "episode": 192,
        "current_state": "S1",
        "current_action": "A1",
        "td_delta": -0.0018590037163690454,
        "q_table": {
            "S0": {
                "A0": 20.26867942269608,
                "A1": 18.462812482700855
            },
            "S1": {
                "A0": 18.289892532738996,
                "A1": 20.27524682827626
            }
        }
    },
    {
        "episode": 193,
        "current_state": "S1",
        "current_action": "A1",
        "td_delta": -0.0020432338880347345,
        "q_table": {
            "S0": {
                "A0": 20.270618470954087,
                "A1": 18.462812482700855
            },
            "S1": {
                "A0": 18.289892532738996,
                "A1": 20.276544627178833
            }
        }
    },
    {
        "episode": 194,
        "current_state": "S1",
        "current_action": "A1",
        "td_delta": -0.00031503463052473535,
        "q_table": {
            "S0": {
                "A0": 20.27086383196856,
                "A1": 18.462812482700855
            },
            "S1": {
                "A0": 18.289892532738996,
                "A1": 20.275525042775907
            }
        }
    },
    {
        "episode": 195,
        "current_state": "S0",
        "current_action": "A0",
        "td_delta": 0.001275623839415374,
        "q_table": {
            "S0": {
                "A0": 20.27126836393239,
                "A1": 18.462812482700855
            },
            "S1": {
                "A0": 18.289892532738996,
                "A1": 20.27626684671497
            }
        }
    },
    {
        "episode": 196,
        "current_state": "S0",
        "current_action": "A0",
        "td_delta": 0.0017850310900406896,
        "q_table": {
            "S0": {
                "A0": 20.27141642124799,
                "A1": 18.462812482700855
            },
            "S1": {
                "A0": 18.289892532738996,
                "A1": 20.276731277206558
            }
        }
    },
    {
        "episode": 197,
        "current_state": "S0",
        "current_action": "A0",
        "td_delta": 0.0016704163090004442,
        "q_table": {
            "S0": {
                "A0": 20.271241277433607,
                "A1": 18.462812482700855
            },
            "S1": {
                "A0": 18.289892532738996,
                "A1": 20.277751533739437
            }
        }
    },
    {
        "episode": 198,
        "current_state": "S1",
        "current_action": "A1",
        "td_delta": -0.0014644086839048498,
        "q_table": {
            "S0": {
                "A0": 20.269534258463633,
                "A1": 18.462812482700855
            },
            "S1": {
                "A0": 18.289892532738996,
                "A1": 20.27525927220924
            }
        }
    },
    {
        "episode": 199,
        "current_state": "S1",
        "current_action": "A1",
        "td_delta": -0.002042186750582431,
        "q_table": {
            "S0": {
                "A0": 20.268109044243573,
                "A1": 18.462812482700855
            },
            "S1": {
                "A0": 18.289892532738996,
                "A1": 20.27351573246607
            }
        }
    }
]