[
    {
        "episode": 0,
        "current_state": "S1",
        "current_action": "A1",
        "td_delta": 1.789670742063528,
        "q_table": {
            "S0": {
                "A0": 4.747479492915344,
                "A1": 3.114227877888389
            },
            "S1": {
                "A0": 3.6253921207447783,
                "A1": 5.343427898613549
            }
        }
    },
    {
        "episode": 1,
        "current_state": "S0",
        "current_action": "A1",
        "td_delta": 1.7674839385515453,
        "q_table": {
            "S0": {
                "A0": 8.913202170719849,
                "A1": 7.582424345540114
            },
            "S1": {
                "A0": 8.132911239274563,
                "A1": 8.90612513650574
            }
        }
    },
    {
        "episode": 2,
        "current_state": "S1",
        "current_action": "A1",
        "td_delta": 0.8628418998906255,
        "q_table": {
            "S0": {
                "A0": 11.880183271081531,
                "A1": 10.661327032698054
            },
            "S1": {
                "A0": 10.684060575331896,
                "A1": 12.083438832451364
            }
        }
    },
    {
        "episode": 3,
        "current_state": "S0",
        "current_action": "A1",
        "td_delta": 1.4957692051420874,
        "q_table": {
            "S0": {
                "A0": 14.554657272179147,
                "A1": 12.877783943480448
            },
            "S1": {
                "A0": 12.912096379606393,
                "A1": 14.527471241011694
            }
        }
    },
    {
        "episode": 4,
        "current_state": "S1",
        "current_action": "A1",
        "td_delta": 0.6050093495435185,
        "q_table": {
            "S0": {
                "A0": 16.507212177163133,
                "A1": 14.493269449784048
            },
            "S1": {
                "A0": 14.70275990604809,
                "A1": 16.42303620227229
            }
        }
    },
    {
        "episode": 5,
        "current_state": "S0",
        "current_action": "A1",
        "td_delta": 1.3416100117436205,
        "q_table": {
            "S0": {
                "A0": 17.719404633927677,
                "A1": 15.905589405885058
            },
            "S1": {
                "A0": 16.563684763801337,
                "A1": 17.73428190602234
            }
        }
    },
    {
        "episode": 6,
        "current_state": "S1",
        "current_action": "A0",
        "td_delta": 0.941011682523321,
        "q_table": {
            "S0": {
                "A0": 18.788235452135964,
                "A1": 17.310952555414
            },
            "S1": {
                "A0": 17.18470338004667,
                "A1": 18.7894840242227
            }
        }
    },
    {
        "episode": 7,
        "current_state": "S1",
        "current_action": "A1",
        "td_delta": 0.16903607990344227,
        "q_table": {
            "S0": {
                "A0": 19.51321822887153,
                "A1": 18.234031216718083
            },
            "S1": {
                "A0": 18.18191391145932,
                "A1": 19.572843789495078
            }
        }
    },
    {
        "episode": 8,
        "current_state": "S0",
        "current_action": "A0",
        "td_delta": 0.06424643153645349,
        "q_table": {
            "S0": {
                "A0": 20.07445665163971,
                "A1": 18.537639665820016
            },
            "S1": {
                "A0": 18.788851932632213,
                "A1": 20.102269468273104
            }
        }
    },
    {
        "episode": 9,
        "current_state": "S0",
        "current_action": "A0",
        "td_delta": 0.021278019673623305,
        "q_table": {
            "S0": {
                "A0": 20.31557329870046,
                "A1": 19.016572893994407
            },
            "S1": {
                "A0": 19.102263372196823,
                "A1": 20.335552322807146
            }
        }
    },
    {
        "episode": 10,
        "current_state": "S0",
        "current_action": "A0",
        "td_delta": 0.024230340419848062,
        "q_table": {
            "S0": {
                "A0": 20.462847849233672,
                "A1": 19.016572893994407
            },
            "S1": {
                "A0": 19.102263372196823,
                "A1": 20.45669379448548
            }
        }
    },
    {
        "episode": 11,
        "current_state": "S0",
        "current_action": "A0",
        "td_delta": 0.009116340560876068,
        "q_table": {
            "S0": {
                "A0": 20.555719212797023,
                "A1": 19.016572893994407
            },
            "S1": {
                "A0": 19.102263372196823,
                "A1": 20.546482907701485
            }
        }
    },
    {
        "episode": 12,
        "current_state": "S1",
        "current_action": "A1",
        "td_delta": -0.0058611947918301155,
        "q_table": {
            "S0": {
                "A0": 20.55585737949564,
                "A1": 19.016572893994407
            },
            "S1": {
                "A0": 19.102263372196823,
                "A1": 20.55117671799433
            }
        }
    },
    {
        "episode": 13,
        "current_state": "S0",
        "current_action": "A0",
        "td_delta": -0.0012928794317517145,
        "q_table": {
            "S0": {
                "A0": 20.511377788197944,
                "A1": 19.016572893994407
            },
            "S1": {
                "A0": 19.102263372196823,
                "A1": 20.49745436436343
            }
        }
    },
    {
        "episode": 14,
        "current_state": "S0",
        "current_action": "A0",
        "td_delta": -0.009717875049862101,
        "q_table": {
            "S0": {
                "A0": 20.495823095896025,
                "A1": 19.016572893994407
            },
            "S1": {
                "A0": 19.102263372196823,
                "A1": 20.48729131965359
            }
        }
    },
    {
        "episode": 15,
        "current_state": "S0",
        "current_action": "A0",
        "td_delta": -0.005770911747244867,
        "q_table": {
            "S0": {
                "A0": 20.48023740573683,
                "A1": 19.016572893994407
            },
            "S1": {
                "A0": 19.102263372196823,
                "A1": 20.467601960093063
            }
        }
    },
    {
        "episode": 16,
        "current_state": "S0",
        "current_action": "A0",
        "td_delta": -0.005104622837819761,
        "q_table": {
            "S0": {
                "A0": 20.46366052730831,
                "A1": 19.016572893994407
            },
            "S1": {
                "A0": 19.102263372196823,
                "A1": 20.453909087729617
            }
        }
    },
    {
        "episode": 17,
        "current_state": "S1",
        "current_action": "A1",
        "td_delta": 0.0010168855887222605,
        "q_table": {
            "S0": {
                "A0": 20.44766152350175,
                "A1": 19.016572893994407
            },
            "S1": {
                "A0": 19.102263372196823,
                "A1": 20.438317309024953
            }
        }
    },
    {
        "episode": 18,
        "current_state": "S1",
        "current_action": "A1",
        "td_delta": 0.013653462678249184,
        "q_table": {
            "S0": {
                "A0": 20.452900944210267,
                "A1": 19.016572893994407
            },
            "S1": {
                "A0": 19.102263372196823,
                "A1": 20.440511954574706
            }
        }
    },
    {
        "episode": 19,
        "current_state": "S1",
        "current_action": "A1",
        "td_delta": 0.0034911715791032805,
        "q_table": {
            "S0": {
                "A0": 20.468898195024643,
                "A1": 19.016572893994407
            },
            "S1": {
                "A0": 19.102263372196823,
                "A1": 20.46054575355005
            }
        }
    },
    {
        "episode": 20,
        "current_state": "S0",
        "current_action": "A0",
        "td_delta": 0.00682254626231682,
        "q_table": {
            "S0": {
                "A0": 20.471643398026544,
                "A1": 19.016572893994407
            },
            "S1": {
                "A0": 19.102263372196823,
                "A1": 20.459389718227797
            }
        }
    },
    {
        "episode": 21,
        "current_state": "S0",
        "current_action": "A0",
        "td_delta": -0.00011863152334257165,
        "q_table": {
            "S0": {
                "A0": 20.47474272501553,
                "A1": 19.016572893994407
            },
            "S1": {
                "A0": 19.102263372196823,
                "A1": 20.46596891262521
            }
        }
    },
    {
        "episode": 22,
        "current_state": "S0",
        "current_action": "A0",
        "td_delta": 0.0006874084995125429,
        "q_table": {
            "S0": {
                "A0": 20.495076308559238,
                "A1": 19.016572893994407
            },
            "S1": {
                "A0": 19.102263372196823,
                "A1": 20.48891167106171
            }
        }
    },
    {
        "episode": 23,
        "current_state": "S1",
        "current_action": "A1",
        "td_delta": 0.005100338350104039,
        "q_table": {
            "S0": {
                "A0": 20.491040827326845,
                "A1": 19.016572893994407
            },
            "S1": {
                "A0": 19.102263372196823,
                "A1": 20.474814787667285
            }
        }
    },
    {
        "episode": 24,
        "current_state": "S1",
        "current_action": "A1",
        "td_delta": 0.006595179265723061,
        "q_table": {
            "S0": {
                "A0": 20.4948410351275,
                "A1": 19.016572893994407
            },
            "S1": {
                "A0": 19.102263372196823,
                "A1": 20.480276541037597
            }
        }
    },
    {
        "episode": 25,
        "current_state": "S1",
        "current_action": "A1",
        "td_delta": 0.003638588294816003,
        "q_table": {
            "S0": {
                "A0": 20.491947180438494,
                "A1": 19.016572893994407
            },
            "S1": {
                "A0": 19.102263372196823,
                "A1": 20.48057856767548
            }
        }
    },
    {
        "episode": 26,
        "current_state": "S0",
        "current_action": "A0",
        "td_delta": -0.0013228044875503997,
        "q_table": {
            "S0": {
                "A0": 20.48374320039531,
                "A1": 19.016572893994407
            },
            "S1": {
                "A0": 19.102263372196823,
                "A1": 20.47305726209928
            }
        }
    },
    {
        "episode": 27,
        "current_state": "S0",
        "current_action": "A0",
        "td_delta": -0.006204591839786389,
        "q_table": {
            "S0": {
                "A0": 20.46296233428273,
                "A1": 19.016572893994407
            },
            "S1": {
                "A0": 19.102263372196823,
                "A1": 20.454494530450134
            }
        }
    },
    {
        "episode": 28,
        "current_state": "S0",
        "current_action": "A0",
        "td_delta": -0.008277514303031808,
        "q_table": {
            "S0": {
                "A0": 20.44114556116289,
                "A1": 19.016572893994407
            },
            "S1": {
                "A0": 19.102263372196823,
                "A1": 20.42842172544869
            }
        }
    },
    {
        "episode": 29,
        "current_state": "S1",
        "current_action": "A1",
        "td_delta": 0.0009141786667292706,
        "q_table": {
            "S0": {
                "A0": 20.4210221418303,
                "A1": 19.016572893994407
            },
            "S1": {
                "A0": 19.102263372196823,
                "A1": 20.403857676288734
            }
        }
    },
    {
        "episode": 30,
        "current_state": "S1",
        "current_action": "A1",
        "td_delta": -0.0024052806811560856,
        "q_table": {
            "S0": {
                "A0": 20.39950797191938,
                "A1": 19.016572893994407
            },
            "S1": {
                "A0": 19.102263372196823,
                "A1": 20.382310916214514
            }
        }
    },
    {
        "episode": 31,
        "current_state": "S0",
        "current_action": "A0",
        "td_delta": -0.009903197790340101,
        "q_table": {
            "S0": {
                "A0": 20.380214520116812,
                "A1": 19.016572893994407
            },
            "S1": {
                "A0": 19.102263372196823,
                "A1": 20.361730865281764
            }
        }
    },
    {
        "episode": 32,
        "current_state": "S1",
        "current_action": "A1",
        "td_delta": -0.009076393226770563,
        "q_table": {
            "S0": {
                "A0": 20.365048223627344,
                "A1": 19.016572893994407
            },
            "S1": {
                "A0": 19.102263372196823,
                "A1": 20.352961450624058
            }
        }
    },
    {
        "episode": 33,
        "current_state": "S1",
        "current_action": "A1",
        "td_delta": -0.004208812073912327,
        "q_table": {
            "S0": {
                "A0": 20.357411595839917,
                "A1": 19.016572893994407
            },
            "S1": {
                "A0": 19.102263372196823,
                "A1": 20.345435749342123
            }
        }
    },
    {
        "episode": 34,
        "current_state": "S1",
        "current_action": "A1",
        "td_delta": -0.004735049377824652,
        "q_table": {
            "S0": {
                "A0": 20.32983536117538,
                "A1": 19.016572893994407
            },
            "S1": {
                "A0": 19.102263372196823,
                "A1": 20.31684526610849
            }
        }
    },
    {
        "episode": 35,
        "current_state": "S0",
        "current_action": "A0",
        "td_delta": -0.006448288603881025,
        "q_table": {
            "S0": {
                "A0": 20.307295661172574,
                "A1": 19.016572893994407
            },
            "S1": {
                "A0": 19.102263372196823,
                "A1": 20.29061872670266
            }
        }
    },
    {
        "episode": 36,
        "current_state": "S0",
        "current_action": "A0",
        "td_delta": -0.001591741209946207,
        "q_table": {
            "S0": {
                "A0": 20.3031793373168,
                "A1": 19.016572893994407
            },
            "S1": {
                "A0": 19.102263372196823,
                "A1": 20.293070546894754
            }
        }
    },
    {
        "episode": 37,
        "current_state": "S0",
        "current_action": "A0",
        "td_delta": 0.001322195465721876,
        "q_table": {
            "S0": {
                "A0": 20.30544301016909,
                "A1": 19.016572893994407
            },
            "S1": {
                "A0": 19.102263372196823,
                "A1": 20.29646738775982
            }
        }
    },
    {
        "episode": 38,
        "current_state": "S0",
        "current_action": "A0",
        "td_delta": -0.0006272419849508992,
        "q_table": {
            "S0": {
                "A0": 20.306041270293772,
                "A1": 19.016572893994407
            },
            "S1": {
                "A0": 19.102263372196823,
                "A1": 20.300310796853026
            }
        }
    },
    {
        "episode": 39,
        "current_state": "S1",
        "current_action": "A1",
        "td_delta": 0.005186477117060662,
        "q_table": {
            "S0": {
                "A0": 20.317334226964892,
                "A1": 19.016572893994407
            },
            "S1": {
                "A0": 19.102263372196823,
                "A1": 20.310673834308595
            }
        }
    },
    {
        "episode": 40,
        "current_state": "S0",
        "current_action": "A0",
        "td_delta": 0.007618256646921395,
        "q_table": {
            "S0": {
                "A0": 20.328174985002523,
                "A1": 19.016572893994407
            },
            "S1": {
                "A0": 19.102263372196823,
                "A1": 20.32018237794237
            }
        }
    },
    {
        "episode": 41,
        "current_state": "S0",
        "current_action": "A0",
        "td_delta": 0.0007345551602426781,
        "q_table": {
            "S0": {
                "A0": 20.33999829310694,
                "A1": 19.016572893994407
            },
            "S1": {
                "A0": 19.102263372196823,
                "A1": 20.3324510359162
            }
        }
    },
    {
        "episode": 42,
        "current_state": "S1",
        "current_action": "A1",
        "td_delta": 0.005613222835940235,
        "q_table": {
            "S0": {
                "A0": 20.356559162319147,
                "A1": 19.016572893994407
            },
            "S1": {
                "A0": 19.102263372196823,
                "A1": 20.348434392731168
            }
        }
    },
    {
        "episode": 43,
        "current_state": "S1",
        "current_action": "A1",
        "td_delta": -0.0023890201380574183,
        "q_table": {
            "S0": {
                "A0": 20.364076333798156,
                "A1": 19.016572893994407
            },
            "S1": {
                "A0": 19.102263372196823,
                "A1": 20.35468414095366
            }
        }
    },
    {
        "episode": 44,
        "current_state": "S0",
        "current_action": "A0",
        "td_delta": 0.0059955086657730305,
        "q_table": {
            "S0": {
                "A0": 20.373673084175326,
                "A1": 19.016572893994407
            },
            "S1": {
                "A0": 19.102263372196823,
                "A1": 20.36958544502414
            }
        }
    },
    {
        "episode": 45,
        "current_state": "S1",
        "current_action": "A1",
        "td_delta": 0.005128530784073604,
        "q_table": {
            "S0": {
                "A0": 20.389641993901158,
                "A1": 19.016572893994407
            },
            "S1": {
                "A0": 19.102263372196823,
                "A1": 20.389069094276387
            }
        }
    },
    {
        "episode": 46,
        "current_state": "S0",
        "current_action": "A0",
        "td_delta": 0.0019424915511230267,
        "q_table": {
            "S0": {
                "A0": 20.406896790983716,
                "A1": 19.016572893994407
            },
            "S1": {
                "A0": 19.102263372196823,
                "A1": 20.405094589405675
            }
        }
    },
    {
        "episode": 47,
        "current_state": "S0",
        "current_action": "A0",
        "td_delta": 0.0034670637119376124,
        "q_table": {
            "S0": {
                "A0": 20.41738173980436,
                "A1": 19.016572893994407
            },
            "S1": {
                "A0": 19.102263372196823,
                "A1": 20.41471576282102
            }
        }
    },
    {
        "episode": 48,
        "current_state": "S1",
        "current_action": "A1",
        "td_delta": 0.004153623013927188,
        "q_table": {
            "S0": {
                "A0": 20.427259815926757,
                "A1": 19.016572893994407
            },
            "S1": {
                "A0": 19.102263372196823,
                "A1": 20.426699696623366
            }
        }
    },
    {
        "episode": 49,
        "current_state": "S1",
        "current_action": "A1",
        "td_delta": 0.002788462715187734,
        "q_table": {
            "S0": {
                "A0": 20.44240555190336,
                "A1": 19.016572893994407
            },
            "S1": {
                "A0": 19.102263372196823,
                "A1": 20.44264671267696
            }
        }
    },
    {
        "episode": 50,
        "current_state": "S0",
        "current_action": "A0",
        "td_delta": -0.001897868096992994,
        "q_table": {
            "S0": {
                "A0": 20.44346487665191,
                "A1": 19.016572893994407
            },
            "S1": {
                "A0": 19.102263372196823,
                "A1": 20.44684240713243
            }
        }
    },
    {
        "episode": 51,
        "current_state": "S0",
        "current_action": "A0",
        "td_delta": 0.002832326951775599,
        "q_table": {
            "S0": {
                "A0": 20.450901395326564,
                "A1": 19.016572893994407
            },
            "S1": {
                "A0": 19.102263372196823,
                "A1": 20.456034944972345
            }
        }
    },
    {
        "episode": 52,
        "current_state": "S0",
        "current_action": "A0",
        "td_delta": -0.001090900900695857,
        "q_table": {
            "S0": {
                "A0": 20.460462196827226,
                "A1": 19.016572893994407
            },
            "S1": {
                "A0": 19.102263372196823,
                "A1": 20.464407702750613
            }
        }
    },
    {
        "episode": 53,
        "current_state": "S1",
        "current_action": "A1",
        "td_delta": -0.0021756766913263448,
        "q_table": {
            "S0": {
                "A0": 20.461043560233914,
                "A1": 19.016572893994407
            },
            "S1": {
                "A0": 19.102263372196823,
                "A1": 20.461717441618305
            }
        }
    },
    {
        "episode": 54,
        "current_state": "S1",
        "current_action": "A1",
        "td_delta": -0.002940034238793743,
        "q_table": {
            "S0": {
                "A0": 20.452641743331434,
                "A1": 19.016572893994407
            },
            "S1": {
                "A0": 19.102263372196823,
                "A1": 20.455989009195857
            }
        }
    },
    {
        "episode": 55,
        "current_state": "S0",
        "current_action": "A0",
        "td_delta": 0.0005552617971282814,
        "q_table": {
            "S0": {
                "A0": 20.445821037025944,
                "A1": 19.016572893994407
            },
            "S1": {
                "A0": 19.102263372196823,
                "A1": 20.448162491355397
            }
        }
    },
    {
        "episode": 56,
        "current_state": "S0",
        "current_action": "A0",
        "td_delta": -0.0010734762676563037,
        "q_table": {
            "S0": {
                "A0": 20.4423549963512,
                "A1": 19.016572893994407
            },
            "S1": {
                "A0": 19.102263372196823,
                "A1": 20.446960796923303
            }
        }
    },
    {
        "episode": 57,
        "current_state": "S0",
        "current_action": "A0",
        "td_delta": -0.0005861016254904428,
        "q_table": {
            "S0": {
                "A0": 20.431143982486766,
                "A1": 19.016572893994407
            },
            "S1": {
                "A0": 19.102263372196823,
                "A1": 20.436595582839807
            }
        }
    },
    {
        "episode": 58,
        "current_state": "S1",
        "current_action": "A1",
        "td_delta": -0.0023297097782482012,
        "q_table": {
            "S0": {
                "A0": 20.42560832353956,
                "A1": 19.016572893994407
            },
            "S1": {
                "A0": 19.102263372196823,
                "A1": 20.43306656003619
            }
        }
    },
    {
        "episode": 59,
        "current_state": "S1",
        "current_action": "A1",
        "td_delta": -0.005376726480147198,
        "q_table": {
            "S0": {
                "A0": 20.418603028332484,
                "A1": 19.016572893994407
            },
            "S1": {
                "A0": 19.102263372196823,
                "A1": 20.426871279726655
            }
        }
    },
    {
        "episode": 60,
        "current_state": "S1",
        "current_action": "A1",
        "td_delta": -0.0019445069894992173,
        "q_table": {
            "S0": {
                "A0": 20.410459238025737,
                "A1": 19.016572893994407
            },
            "S1": {
                "A0": 19.102263372196823,
                "A1": 20.418470885089896
            }
        }
    },
    {
        "episode": 61,
        "current_state": "S0",
        "current_action": "A0",
        "td_delta": 0.003585317250486497,
        "q_table": {
            "S0": {
                "A0": 20.410377196859997,
                "A1": 19.016572893994407
            },
            "S1": {
                "A0": 19.102263372196823,
                "A1": 20.42069322858501
            }
        }
    },
    {
        "episode": 62,
        "current_state": "S1",
        "current_action": "A1",
        "td_delta": -0.006393162333672819,
        "q_table": {
            "S0": {
                "A0": 20.409405644281083,
                "A1": 19.016572893994407
            },
            "S1": {
                "A0": 19.102263372196823,
                "A1": 20.42500416492745
            }
        }
    },
    {
        "episode": 63,
        "current_state": "S1",
        "current_action": "A1",
        "td_delta": -0.0038021396550433906,
        "q_table": {
            "S0": {
                "A0": 20.407571826379108,
                "A1": 19.016572893994407
            },
            "S1": {
                "A0": 19.102263372196823,
                "A1": 20.421009774802446
            }
        }
    },
    {
        "episode": 64,
        "current_state": "S1",
        "current_action": "A1",
        "td_delta": -0.0052282931908678165,
        "q_table": {
            "S0": {
                "A0": 20.40156384170605,
                "A1": 19.016572893994407
            },
            "S1": {
                "A0": 19.102263372196823,
                "A1": 20.418426021574454
            }
        }
    },
    {
        "episode": 65,
        "current_state": "S1",
        "current_action": "A1",
        "td_delta": 0.00611632029182374,
        "q_table": {
            "S0": {
                "A0": 20.396988469880927,
                "A1": 19.016572893994407
            },
            "S1": {
                "A0": 19.102263372196823,
                "A1": 20.411153723319426
            }
        }
    },
    {
        "episode": 66,
        "current_state": "S0",
        "current_action": "A0",
        "td_delta": 0.0017623439009142317,
        "q_table": {
            "S0": {
                "A0": 20.388578673910192,
                "A1": 19.016572893994407
            },
            "S1": {
                "A0": 19.102263372196823,
                "A1": 20.40172123382971
            }
        }
    },
    {
        "episode": 67,
        "current_state": "S1",
        "current_action": "A1",
        "td_delta": 0.008193251344692953,
        "q_table": {
            "S0": {
                "A0": 20.373569853035224,
                "A1": 19.016572893994407
            },
            "S1": {
                "A0": 19.102263372196823,
                "A1": 20.39053689524288
            }
        }
    },
    {
        "episode": 68,
        "current_state": "S1",
        "current_action": "A1",
        "td_delta": -0.00484320212468603,
        "q_table": {
            "S0": {
                "A0": 20.36471044315986,
                "A1": 19.016572893994407
            },
            "S1": {
                "A0": 19.102263372196823,
                "A1": 20.37989854647483
            }
        }
    },
    {
        "episode": 69,
        "current_state": "S0",
        "current_action": "A0",
        "td_delta": 0.0027207352518630046,
        "q_table": {
            "S0": {
                "A0": 20.359148642591865,
                "A1": 19.016572893994407
            },
            "S1": {
                "A0": 19.102263372196823,
                "A1": 20.373685988940014
            }
        }
    },
    {
        "episode": 70,
        "current_state": "S1",
        "current_action": "A1",
        "td_delta": -0.002520816009731419,
        "q_table": {
            "S0": {
                "A0": 20.357571665996705,
                "A1": 19.016572893994407
            },
            "S1": {
                "A0": 19.102263372196823,
                "A1": 20.371008252323968
            }
        }
    },
    {
        "episode": 71,
        "current_state": "S1",
        "current_action": "A1",
        "td_delta": -0.001383031228986198,
        "q_table": {
            "S0": {
                "A0": 20.35769003001763,
                "A1": 19.016572893994407
            },
            "S1": {
                "A0": 19.102263372196823,
                "A1": 20.36941381422864
            }
        }
    },
    {
        "episode": 72,
        "current_state": "S0",
        "current_action": "A0",
        "td_delta": 0.002585634279355986,
        "q_table": {
            "S0": {
                "A0": 20.36581024223598,
                "A1": 19.016572893994407
            },
            "S1": {
                "A0": 19.102263372196823,
                "A1": 20.375344486439506
            }
        }
    },
    {
        "episode": 73,
        "current_state": "S1",
        "current_action": "A1",
        "td_delta": 0.0015262191012084259,
        "q_table": {
            "S0": {
                "A0": 20.372881711366094,
                "A1": 19.016572893994407
            },
            "S1": {
                "A0": 19.102263372196823,
                "A1": 20.383095038498876
            }
        }
    },
    {
        "episode": 74,
        "current_state": "S1",
        "current_action": "A1",
        "td_delta": 0.0006149845771439288,
        "q_table": {
            "S0": {
                "A0": 20.379914332708573,
                "A1": 19.016572893994407
            },
            "S1": {
                "A0": 19.102263372196823,
                "A1": 20.39127320081786
            }
        }
    },
    {
        "episode": 75,
        "current_state": "S1",
        "current_action": "A1",
        "td_delta": -0.004572403883848608,
        "q_table": {
            "S0": {
                "A0": 20.38431248771684,
                "A1": 19.016572893994407
            },
            "S1": {
                "A0": 19.102263372196823,
                "A1": 20.39973563794635
            }
        }
    },
    {
        "episode": 76,
        "current_state": "S1",
        "current_action": "A1",
        "td_delta": -0.004550895142205746,
        "q_table": {
            "S0": {
                "A0": 20.391951836793687,
                "A1": 19.016572893994407
            },
            "S1": {
                "A0": 19.102263372196823,
                "A1": 20.40420220358414
            }
        }
    },
    {
        "episode": 77,
        "current_state": "S1",
        "current_action": "A1",
        "td_delta": 0.006631619049020543,
        "q_table": {
            "S0": {
                "A0": 20.38994691389962,
                "A1": 19.016572893994407
            },
            "S1": {
                "A0": 19.102263372196823,
                "A1": 20.40317894632749
            }
        }
    },
    {
        "episode": 78,
        "current_state": "S0",
        "current_action": "A0",
        "td_delta": 0.0032879560278793463,
        "q_table": {
            "S0": {
                "A0": 20.38517606449289,
                "A1": 19.016572893994407
            },
            "S1": {
                "A0": 19.102263372196823,
                "A1": 20.39674991741081
            }
        }
    },
    {
        "episode": 79,
        "current_state": "S0",
        "current_action": "A0",
        "td_delta": -0.007867540746399726,
        "q_table": {
            "S0": {
                "A0": 20.37746447524998,
                "A1": 19.016572893994407
            },
            "S1": {
                "A0": 19.102263372196823,
                "A1": 20.394615069728925
            }
        }
    },
    {
        "episode": 80,
        "current_state": "S0",
        "current_action": "A0",
        "td_delta": 0.0026556869913143544,
        "q_table": {
            "S0": {
                "A0": 20.380776189264953,
                "A1": 19.016572893994407
            },
            "S1": {
                "A0": 19.102263372196823,
                "A1": 20.389810504167965
            }
        }
    },
    {
        "episode": 81,
        "current_state": "S1",
        "current_action": "A1",
        "td_delta": -0.0013655885174870264,
        "q_table": {
            "S0": {
                "A0": 20.38277080820411,
                "A1": 19.016572893994407
            },
            "S1": {
                "A0": 19.102263372196823,
                "A1": 20.390436091929164
            }
        }
    },
    {
        "episode": 82,
        "current_state": "S1",
        "current_action": "A1",
        "td_delta": -0.0023615733099546787,
        "q_table": {
            "S0": {
                "A0": 20.381724763555855,
                "A1": 19.016572893994407
            },
            "S1": {
                "A0": 19.102263372196823,
                "A1": 20.38939551679395
            }
        }
    },
    {
        "episode": 83,
        "current_state": "S0",
        "current_action": "A0",
        "td_delta": -0.006238100291660942,
        "q_table": {
            "S0": {
                "A0": 20.384275759965117,
                "A1": 19.016572893994407
            },
            "S1": {
                "A0": 19.102263372196823,
                "A1": 20.393369684639136
            }
        }
    },
    {
        "episode": 84,
        "current_state": "S1",
        "current_action": "A1",
        "td_delta": 0.007882989913408522,
        "q_table": {
            "S0": {
                "A0": 20.379643288159226,
                "A1": 19.016572893994407
            },
            "S1": {
                "A0": 19.102263372196823,
                "A1": 20.3902133945164
            }
        }
    },
    {
        "episode": 85,
        "current_state": "S0",
        "current_action": "A0",
        "td_delta": 0.004765301126834487,
        "q_table": {
            "S0": {
                "A0": 20.377511497252044,
                "A1": 19.016572893994407
            },
            "S1": {
                "A0": 19.102263372196823,
                "A1": 20.38845366782862
            }
        }
    },
    {
        "episode": 86,
        "current_state": "S0",
        "current_action": "A0",
        "td_delta": 0.0015328834781378475,
        "q_table": {
            "S0": {
                "A0": 20.38284078636773,
                "A1": 19.016572893994407
            },
            "S1": {
                "A0": 19.102263372196823,
                "A1": 20.38885146797974
            }
        }
    },
    {
        "episode": 87,
        "current_state": "S0",
        "current_action": "A0",
        "td_delta": 0.0018096220480323666,
        "q_table": {
            "S0": {
                "A0": 20.381095588153144,
                "A1": 19.016572893994407
            },
            "S1": {
                "A0": 19.102263372196823,
                "A1": 20.387446870537527
            }
        }
    },
    {
        "episode": 88,
        "current_state": "S0",
        "current_action": "A0",
        "td_delta": 0.0034587249671531595,
        "q_table": {
            "S0": {
                "A0": 20.38790723553088,
                "A1": 19.016572893994407
            },
            "S1": {
                "A0": 19.102263372196823,
                "A1": 20.394532635976503
            }
        }
    },
    {
        "episode": 89,
        "current_state": "S1",
        "current_action": "A1",
        "td_delta": -0.001628894157729377,
        "q_table": {
            "S0": {
                "A0": 20.39054559166448,
                "A1": 19.016572893994407
            },
            "S1": {
                "A0": 19.102263372196823,
                "A1": 20.39625583349015
            }
        }
    },
    {
        "episode": 90,
        "current_state": "S1",
        "current_action": "A1",
        "td_delta": -0.002451433135718162,
        "q_table": {
            "S0": {
                "A0": 20.389232071375766,
                "A1": 19.016572893994407
            },
            "S1": {
                "A0": 19.102263372196823,
                "A1": 20.395655081274555
            }
        }
    },
    {
        "episode": 91,
        "current_state": "S1",
        "current_action": "A1",
        "td_delta": -0.0032252302828403856,
        "q_table": {
            "S0": {
                "A0": 20.386782607118093,
                "A1": 19.016572893994407
            },
            "S1": {
                "A0": 19.102263372196823,
                "A1": 20.39324119646633
            }
        }
    },
    {
        "episode": 92,
        "current_state": "S0",
        "current_action": "A0",
        "td_delta": 0.0009938569351781723,
        "q_table": {
            "S0": {
                "A0": 20.38283005460796,
                "A1": 19.016572893994407
            },
            "S1": {
                "A0": 19.102263372196823,
                "A1": 20.388422931512363
            }
        }
    },
    {
        "episode": 93,
        "current_state": "S1",
        "current_action": "A1",
        "td_delta": -0.002030626314784456,
        "q_table": {
            "S0": {
                "A0": 20.38277559042299,
                "A1": 19.016572893994407
            },
            "S1": {
                "A0": 19.102263372196823,
                "A1": 20.38877552178151
            }
        }
    },
    {
        "episode": 94,
        "current_state": "S0",
        "current_action": "A0",
        "td_delta": -0.004279750490955081,
        "q_table": {
            "S0": {
                "A0": 20.37882508562151,
                "A1": 19.016572893994407
            },
            "S1": {
                "A0": 19.102263372196823,
                "A1": 20.385317401643615
            }
        }
    },
    {
        "episode": 95,
        "current_state": "S0",
        "current_action": "A0",
        "td_delta": -2.652785175172312e-05,
        "q_table": {
            "S0": {
                "A0": 20.37139991977649,
                "A1": 19.016572893994407
            },
            "S1": {
                "A0": 19.102263372196823,
                "A1": 20.377374787926403
            }
        }
    },
    {
        "episode": 96,
        "current_state": "S0",
        "current_action": "A0",
        "td_delta": 0.00010464560177325666,
        "q_table": {
            "S0": {
                "A0": 20.362369494905487,
                "A1": 19.016572893994407
            },
            "S1": {
                "A0": 19.102263372196823,
                "A1": 20.368977940326836
            }
        }
    },
    {
        "episode": 97,
        "current_state": "S0",
        "current_action": "A0",
        "td_delta": 0.0004627081066210792,
        "q_table": {
            "S0": {
                "A0": 20.357017203778277,
                "A1": 19.016572893994407
            },
            "S1": {
                "A0": 19.102263372196823,
                "A1": 20.36184789421172
            }
        }
    },
    {
        "episode": 98,
        "current_state": "S0",
        "current_action": "A0",
        "td_delta": -0.003316266177101568,
        "q_table": {
            "S0": {
                "A0": 20.35472021635137,
                "A1": 19.016572893994407
            },
            "S1": {
                "A0": 19.102263372196823,
                "A1": 20.358998945114887
            }
        }
    },
    {
        "episode": 99,
        "current_state": "S0",
        "current_action": "A0",
        "td_delta": -0.0036867183300621775,
        "q_table": {
            "S0": {
                "A0": 20.347993149297835,
                "A1": 19.016572893994407
            },
            "S1": {
                "A0": 19.102263372196823,
                "A1": 20.352174694264104
            }
        }
    },
    {
        "episode": 100,
        "current_state": "S1",
        "current_action": "A1",
        "td_delta": -0.00286288210301322,
        "q_table": {
            "S0": {
                "A0": 20.34494667166387,
                "A1": 19.016572893994407
            },
            "S1": {
                "A0": 19.102263372196823,
                "A1": 20.35034049237872
            }
        }
    },
    {
        "episode": 101,
        "current_state": "S0",
        "current_action": "A0",
        "td_delta": -0.0019982915601843843,
        "q_table": {
            "S0": {
                "A0": 20.341911659961163,
                "A1": 19.016572893994407
            },
            "S1": {
                "A0": 19.102263372196823,
                "A1": 20.34607337364627
            }
        }
    },
    {
        "episode": 102,
        "current_state": "S1",
        "current_action": "A1",
        "td_delta": -0.0002550195400594646,
        "q_table": {
            "S0": {
                "A0": 20.344231996204748,
                "A1": 19.016572893994407
            },
            "S1": {
                "A0": 19.102263372196823,
                "A1": 20.34598859844659
            }
        }
    },
    {
        "episode": 103,
        "current_state": "S1",
        "current_action": "A1",
        "td_delta": 0.0001802614834005567,
        "q_table": {
            "S0": {
                "A0": 20.34894480449155,
                "A1": 19.016572893994407
            },
            "S1": {
                "A0": 19.102263372196823,
                "A1": 20.34932340120949
            }
        }
    },
    {
        "episode": 104,
        "current_state": "S0",
        "current_action": "A0",
        "td_delta": -0.00037268062964912474,
        "q_table": {
            "S0": {
                "A0": 20.35018557429411,
                "A1": 19.016572893994407
            },
            "S1": {
                "A0": 19.102263372196823,
                "A1": 20.351965090275808
            }
        }
    },
    {
        "episode": 105,
        "current_state": "S1",
        "current_action": "A1",
        "td_delta": -0.0017141729449541288,
        "q_table": {
            "S0": {
                "A0": 20.347145810349723,
                "A1": 19.016572893994407
            },
            "S1": {
                "A0": 19.102263372196823,
                "A1": 20.349880984826804
            }
        }
    },
    {
        "episode": 106,
        "current_state": "S0",
        "current_action": "A0",
        "td_delta": 0.0012747499691485586,
        "q_table": {
            "S0": {
                "A0": 20.348379874182083,
                "A1": 19.016572893994407
            },
            "S1": {
                "A0": 19.102263372196823,
                "A1": 20.34983175476406
            }
        }
    },
    {
        "episode": 107,
        "current_state": "S0",
        "current_action": "A0",
        "td_delta": 0.001478535460957886,
        "q_table": {
            "S0": {
                "A0": 20.349898711380884,
                "A1": 19.016572893994407
            },
            "S1": {
                "A0": 19.102263372196823,
                "A1": 20.35373005315493
            }
        }
    },
    {
        "episode": 108,
        "current_state": "S0",
        "current_action": "A0",
        "td_delta": 0.0017255806416258679,
        "q_table": {
            "S0": {
                "A0": 20.353479890851737,
                "A1": 19.016572893994407
            },
            "S1": {
                "A0": 19.102263372196823,
                "A1": 20.356559521408553
            }
        }
    },
    {
        "episode": 109,
        "current_state": "S1",
        "current_action": "A1",
        "td_delta": -0.0012134975258355496,
        "q_table": {
            "S0": {
                "A0": 20.358028889374275,
                "A1": 19.016572893994407
            },
            "S1": {
                "A0": 19.102263372196823,
                "A1": 20.362401577474422
            }
        }
    },
    {
        "episode": 110,
        "current_state": "S1",
        "current_action": "A1",
        "td_delta": 0.0004480475910320081,
        "q_table": {
            "S0": {
                "A0": 20.36495944189475,
                "A1": 19.016572893994407
            },
            "S1": {
                "A0": 19.102263372196823,
                "A1": 20.368141220202208
            }
        }
    },
    {
        "episode": 111,
        "current_state": "S0",
        "current_action": "A0",
        "td_delta": 0.0012723528261631145,
        "q_table": {
            "S0": {
                "A0": 20.371196763681215,
                "A1": 19.016572893994407
            },
            "S1": {
                "A0": 19.102263372196823,
                "A1": 20.37158030898324
            }
        }
    },
    {
        "episode": 112,
        "current_state": "S0",
        "current_action": "A0",
        "td_delta": -0.000948778274349138,
        "q_table": {
            "S0": {
                "A0": 20.37122061122101,
                "A1": 19.016572893994407
            },
            "S1": {
                "A0": 19.102263372196823,
                "A1": 20.372411064427403
            }
        }
    },
    {
        "episode": 113,
        "current_state": "S1",
        "current_action": "A1",
        "td_delta": -0.0010199009601734588,
        "q_table": {
            "S0": {
                "A0": 20.367356429231705,
                "A1": 19.016572893994407
            },
            "S1": {
                "A0": 19.102263372196823,
                "A1": 20.367109643968472
            }
        }
    },
    {
        "episode": 114,
        "current_state": "S1",
        "current_action": "A1",
        "td_delta": -0.0003197207135201552,
        "q_table": {
            "S0": {
                "A0": 20.363298081085965,
                "A1": 19.016572893994407
            },
            "S1": {
                "A0": 19.102263372196823,
                "A1": 20.363121079513785
            }
        }
    },
    {
        "episode": 115,
        "current_state": "S1",
        "current_action": "A1",
        "td_delta": -0.00045253620479357437,
        "q_table": {
            "S0": {
                "A0": 20.362790652842392,
                "A1": 19.016572893994407
            },
            "S1": {
                "A0": 19.102263372196823,
                "A1": 20.361990393721634
            }
        }
    },
    {
        "episode": 116,
        "current_state": "S1",
        "current_action": "A1",
        "td_delta": -0.00016217478851743294,
        "q_table": {
            "S0": {
                "A0": 20.36248512027123,
                "A1": 19.016572893994407
            },
            "S1": {
                "A0": 19.102263372196823,
                "A1": 20.359999584268195
            }
        }
    },
    {
        "episode": 117,
        "current_state": "S1",
        "current_action": "A1",
        "td_delta": 0.00038222609746441094,
        "q_table": {
            "S0": {
                "A0": 20.36167185119011,
                "A1": 19.016572893994407
            },
            "S1": {
                "A0": 19.102263372196823,
                "A1": 20.35836298528102
            }
        }
    },
    {
        "episode": 118,
        "current_state": "S1",
        "current_action": "A1",
        "td_delta": -0.00388476380376801,
        "q_table": {
            "S0": {
                "A0": 20.357778601163183,
                "A1": 19.016572893994407
            },
            "S1": {
                "A0": 19.102263372196823,
                "A1": 20.35282479166862
            }
        }
    },
    {
        "episode": 119,
        "current_state": "S0",
        "current_action": "A0",
        "td_delta": -0.0015398675180051669,
        "q_table": {
            "S0": {
                "A0": 20.353545585229046,
                "A1": 19.016572893994407
            },
            "S1": {
                "A0": 19.102263372196823,
                "A1": 20.348743046587018
            }
        }
    },
    {
        "episode": 120,
        "current_state": "S1",
        "current_action": "A1",
        "td_delta": -0.005831374495038233,
        "q_table": {
            "S0": {
                "A0": 20.352232307608702,
                "A1": 19.016572893994407
            },
            "S1": {
                "A0": 19.102263372196823,
                "A1": 20.34333256321812
            }
        }
    },
    {
        "episode": 121,
        "current_state": "S0",
        "current_action": "A0",
        "td_delta": -0.0033716224243356407,
        "q_table": {
            "S0": {
                "A0": 20.34704876465875,
                "A1": 19.016572893994407
            },
            "S1": {
                "A0": 19.102263372196823,
                "A1": 20.33957356575569
            }
        }
    },
    {
        "episode": 122,
        "current_state": "S0",
        "current_action": "A0",
        "td_delta": -0.006088787640841531,
        "q_table": {
            "S0": {
                "A0": 20.337436821120534,
                "A1": 19.016572893994407
            },
            "S1": {
                "A0": 19.102263372196823,
                "A1": 20.32728832097902
            }
        }
    },
    {
        "episode": 123,
        "current_state": "S1",
        "current_action": "A1",
        "td_delta": -0.0005388592280759497,
        "q_table": {
            "S0": {
                "A0": 20.32801135976139,
                "A1": 19.016572893994407
            },
            "S1": {
                "A0": 19.102263372196823,
                "A1": 20.318539294247522
            }
        }
    },
    {
        "episode": 124,
        "current_state": "S1",
        "current_action": "A1",
        "td_delta": 0.0014001464847446243,
        "q_table": {
            "S0": {
                "A0": 20.32346981993233,
                "A1": 19.016572893994407
            },
            "S1": {
                "A0": 19.102263372196823,
                "A1": 20.314500332155646
            }
        }
    },
    {
        "episode": 125,
        "current_state": "S0",
        "current_action": "A0",
        "td_delta": -0.001189681454750513,
        "q_table": {
            "S0": {
                "A0": 20.319950717431027,
                "A1": 19.016572893994407
            },
            "S1": {
                "A0": 19.102263372196823,
                "A1": 20.312406894319775
            }
        }
    },
    {
        "episode": 126,
        "current_state": "S1",
        "current_action": "A1",
        "td_delta": 0.0018797831711800939,
        "q_table": {
            "S0": {
                "A0": 20.323007047692247,
                "A1": 19.016572893994407
            },
            "S1": {
                "A0": 19.102263372196823,
                "A1": 20.314747029145185
            }
        }
    },
    {
        "episode": 127,
        "current_state": "S1",
        "current_action": "A1",
        "td_delta": 0.0028900199183894415,
        "q_table": {
            "S0": {
                "A0": 20.325853140307498,
                "A1": 19.016572893994407
            },
            "S1": {
                "A0": 19.102263372196823,
                "A1": 20.31665965916979
            }
        }
    },
    {
        "episode": 128,
        "current_state": "S0",
        "current_action": "A0",
        "td_delta": -0.0006640952977932102,
        "q_table": {
            "S0": {
                "A0": 20.326212729301474,
                "A1": 19.016572893994407
            },
            "S1": {
                "A0": 19.102263372196823,
                "A1": 20.318448452234612
            }
        }
    },
    {
        "episode": 129,
        "current_state": "S1",
        "current_action": "A1",
        "td_delta": 0.004615573007541229,
        "q_table": {
            "S0": {
                "A0": 20.333026098701396,
                "A1": 19.016572893994407
            },
            "S1": {
                "A0": 19.102263372196823,
                "A1": 20.322089913274834
            }
        }
    },
    {
        "episode": 130,
        "current_state": "S0",
        "current_action": "A0",
        "td_delta": -0.0034312716258853015,
        "q_table": {
            "S0": {
                "A0": 20.32856463789273,
                "A1": 19.016572893994407
            },
            "S1": {
                "A0": 19.102263372196823,
                "A1": 20.32032205754199
            }
        }
    },
    {
        "episode": 131,
        "current_state": "S0",
        "current_action": "A0",
        "td_delta": 0.0037125465930607504,
        "q_table": {
            "S0": {
                "A0": 20.323637121951876,
                "A1": 19.016572893994407
            },
            "S1": {
                "A0": 19.102263372196823,
                "A1": 20.316422668464238
            }
        }
    },
    {
        "episode": 132,
        "current_state": "S1",
        "current_action": "A1",
        "td_delta": -0.004786683775027001,
        "q_table": {
            "S0": {
                "A0": 20.321542412903867,
                "A1": 19.016572893994407
            },
            "S1": {
                "A0": 19.102263372196823,
                "A1": 20.313967273037047
            }
        }
    },
    {
        "episode": 133,
        "current_state": "S1",
        "current_action": "A1",
        "td_delta": -0.0034811802121019753,
        "q_table": {
            "S0": {
                "A0": 20.320984205790804,
                "A1": 19.016572893994407
            },
            "S1": {
                "A0": 19.102263372196823,
                "A1": 20.314428123651982
            }
        }
    },
    {
        "episode": 134,
        "current_state": "S1",
        "current_action": "A1",
        "td_delta": 0.0012468072814399989,
        "q_table": {
            "S0": {
                "A0": 20.320646988349456,
                "A1": 19.016572893994407
            },
            "S1": {
                "A0": 19.102263372196823,
                "A1": 20.31581337507258
            }
        }
    },
    {
        "episode": 135,
        "current_state": "S0",
        "current_action": "A0",
        "td_delta": -0.001155871008659659,
        "q_table": {
            "S0": {
                "A0": 20.321012189882858,
                "A1": 19.016572893994407
            },
            "S1": {
                "A0": 19.102263372196823,
                "A1": 20.315676378524582
            }
        }
    },
    {
        "episode": 136,
        "current_state": "S0",
        "current_action": "A0",
        "td_delta": -0.002729144889475066,
        "q_table": {
            "S0": {
                "A0": 20.31687603822259,
                "A1": 19.016572893994407
            },
            "S1": {
                "A0": 19.102263372196823,
                "A1": 20.312852651755236
            }
        }
    },
    {
        "episode": 137,
        "current_state": "S1",
        "current_action": "A1",
        "td_delta": 6.535435237964293e-05,
        "q_table": {
            "S0": {
                "A0": 20.31254290533089,
                "A1": 19.016572893994407
            },
            "S1": {
                "A0": 19.102263372196823,
                "A1": 20.30882175800989
            }
        }
    },
    {
        "episode": 138,
        "current_state": "S1",
        "current_action": "A1",
        "td_delta": 0.0008068491775929942,
        "q_table": {
            "S0": {
                "A0": 20.30907608256857,
                "A1": 19.016572893994407
            },
            "S1": {
                "A0": 19.102263372196823,
                "A1": 20.30577769915226
            }
        }
    },
    {
        "episode": 139,
        "current_state": "S1",
        "current_action": "A1",
        "td_delta": -0.0024050639854564793,
        "q_table": {
            "S0": {
                "A0": 20.310964638932873,
                "A1": 19.016572893994407
            },
            "S1": {
                "A0": 19.102263372196823,
                "A1": 20.306387044818496
            }
        }
    },
    {
        "episode": 140,
        "current_state": "S1",
        "current_action": "A1",
        "td_delta": 0.0012026848533253087,
        "q_table": {
            "S0": {
                "A0": 20.31179721531291,
                "A1": 19.016572893994407
            },
            "S1": {
                "A0": 19.102263372196823,
                "A1": 20.309265751064032
            }
        }
    },
    {
        "episode": 141,
        "current_state": "S0",
        "current_action": "A0",
        "td_delta": 0.002094621575366773,
        "q_table": {
            "S0": {
                "A0": 20.31695987412143,
                "A1": 19.016572893994407
            },
            "S1": {
                "A0": 19.102263372196823,
                "A1": 20.31419652890974
            }
        }
    },
    {
        "episode": 142,
        "current_state": "S0",
        "current_action": "A0",
        "td_delta": -0.000687659662759188,
        "q_table": {
            "S0": {
                "A0": 20.31646503166656,
                "A1": 19.016572893994407
            },
            "S1": {
                "A0": 19.102263372196823,
                "A1": 20.314440252661047
            }
        }
    },
    {
        "episode": 143,
        "current_state": "S0",
        "current_action": "A0",
        "td_delta": -0.00018560992112881536,
        "q_table": {
            "S0": {
                "A0": 20.315035621053287,
                "A1": 19.016572893994407
            },
            "S1": {
                "A0": 19.102263372196823,
                "A1": 20.313451898646885
            }
        }
    },
    {
        "episode": 144,
        "current_state": "S1",
        "current_action": "A1",
        "td_delta": -0.0009128154993760518,
        "q_table": {
            "S0": {
                "A0": 20.313168081355382,
                "A1": 19.016572893994407
            },
            "S1": {
                "A0": 19.102263372196823,
                "A1": 20.312133340823344
            }
        }
    },
    {
        "episode": 145,
        "current_state": "S1",
        "current_action": "A1",
        "td_delta": -0.00016501078925656998,
        "q_table": {
            "S0": {
                "A0": 20.31005106937414,
                "A1": 19.016572893994407
            },
            "S1": {
                "A0": 19.102263372196823,
                "A1": 20.309864012462423
            }
        }
    },
    {
        "episode": 146,
        "current_state": "S1",
        "current_action": "A1",
        "td_delta": -0.0002613126854207337,
        "q_table": {
            "S0": {
                "A0": 20.307821192000077,
                "A1": 19.016572893994407
            },
            "S1": {
                "A0": 19.102263372196823,
                "A1": 20.30706092785752
            }
        }
    },
    {
        "episode": 147,
        "current_state": "S1",
        "current_action": "A1",
        "td_delta": -0.0009542326260429945,
        "q_table": {
            "S0": {
                "A0": 20.305272875134893,
                "A1": 19.016572893994407
            },
            "S1": {
                "A0": 19.102263372196823,
                "A1": 20.304190899627525
            }
        }
    },
    {
        "episode": 148,
        "current_state": "S0",
        "current_action": "A0",
        "td_delta": -0.0011214144292708284,
        "q_table": {
            "S0": {
                "A0": 20.299701982227745,
                "A1": 19.016572893994407
            },
            "S1": {
                "A0": 19.102263372196823,
                "A1": 20.29921682519984
            }
        }
    },
    {
        "episode": 149,
        "current_state": "S0",
        "current_action": "A0",
        "td_delta": 0.0012175616561869163,
        "q_table": {
            "S0": {
                "A0": 20.30000388497507,
                "A1": 19.016572893994407
            },
            "S1": {
                "A0": 19.102263372196823,
                "A1": 20.298983974312673
            }
        }
    },
    {
        "episode": 150,
        "current_state": "S1",
        "current_action": "A1",
        "td_delta": -0.00020094406260184883,
        "q_table": {
            "S0": {
                "A0": 20.300499350306808,
                "A1": 19.016572893994407
            },
            "S1": {
                "A0": 19.102263372196823,
                "A1": 20.29993882904928
            }
        }
    },
    {
        "episode": 151,
        "current_state": "S1",
        "current_action": "A1",
        "td_delta": 0.00033764858786611285,
        "q_table": {
            "S0": {
                "A0": 20.299994889010364,
                "A1": 19.016572893994407
            },
            "S1": {
                "A0": 19.102263372196823,
                "A1": 20.29887307155266
            }
        }
    },
    {
        "episode": 152,
        "current_state": "S1",
        "current_action": "A1",
        "td_delta": 2.8296623852952507e-05,
        "q_table": {
            "S0": {
                "A0": 20.29862250623051,
                "A1": 19.016572893994407
            },
            "S1": {
                "A0": 19.102263372196823,
                "A1": 20.29581471024397
            }
        }
    },
    {
        "episode": 153,
        "current_state": "S1",
        "current_action": "A1",
        "td_delta": -0.001744027029030093,
        "q_table": {
            "S0": {
                "A0": 20.298468556193477,
                "A1": 19.016572893994407
            },
            "S1": {
                "A0": 19.102263372196823,
                "A1": 20.29463798732246
            }
        }
    },
    {
        "episode": 154,
        "current_state": "S0",
        "current_action": "A0",
        "td_delta": -0.00041317679503194427,
        "q_table": {
            "S0": {
                "A0": 20.299539442198096,
                "A1": 19.016572893994407
            },
            "S1": {
                "A0": 19.102263372196823,
                "A1": 20.29706705936305
            }
        }
    },
    {
        "episode": 155,
        "current_state": "S0",
        "current_action": "A0",
        "td_delta": 0.0033536818658390644,
        "q_table": {
            "S0": {
                "A0": 20.301823785550752,
                "A1": 19.016572893994407
            },
            "S1": {
                "A0": 19.102263372196823,
                "A1": 20.29820697438219
            }
        }
    },
    {
        "episode": 156,
        "current_state": "S0",
        "current_action": "A0",
        "td_delta": 0.0029226361857794814,
        "q_table": {
            "S0": {
                "A0": 20.306311735326528,
                "A1": 19.016572893994407
            },
            "S1": {
                "A0": 19.102263372196823,
                "A1": 20.302322230662163
            }
        }
    },
    {
        "episode": 157,
        "current_state": "S0",
        "current_action": "A0",
        "td_delta": -0.001985808820446522,
        "q_table": {
            "S0": {
                "A0": 20.30679648193151,
                "A1": 19.016572893994407
            },
            "S1": {
                "A0": 19.102263372196823,
                "A1": 20.301030488261752
            }
        }
    },
    {
        "episode": 158,
        "current_state": "S0",
        "current_action": "A0",
        "td_delta": 0.0033528269024962754,
        "q_table": {
            "S0": {
                "A0": 20.3056868463055,
                "A1": 19.016572893994407
            },
            "S1": {
                "A0": 19.102263372196823,
                "A1": 20.301380429951713
            }
        }
    },
    {
        "episode": 159,
        "current_state": "S1",
        "current_action": "A1",
        "td_delta": 0.0015503848085387517,
        "q_table": {
            "S0": {
                "A0": 20.309018509099403,
                "A1": 19.016572893994407
            },
            "S1": {
                "A0": 19.102263372196823,
                "A1": 20.30501426385021
            }
        }
    },
    {
        "episode": 160,
        "current_state": "S0",
        "current_action": "A0",
        "td_delta": -0.0010390857817270671,
        "q_table": {
            "S0": {
                "A0": 20.311462078837053,
                "A1": 19.016572893994407
            },
            "S1": {
                "A0": 19.102263372196823,
                "A1": 20.30657022029046
            }
        }
    },
    {
        "episode": 161,
        "current_state": "S0",
        "current_action": "A0",
        "td_delta": -0.0007991652948220462,
        "q_table": {
            "S0": {
                "A0": 20.31510970476738,
                "A1": 19.016572893994407
            },
            "S1": {
                "A0": 19.102263372196823,
                "A1": 20.30942787477476
            }
        }
    },
    {
        "episode": 162,
        "current_state": "S0",
        "current_action": "A0",
        "td_delta": 0.004440150124601416,
        "q_table": {
            "S0": {
                "A0": 20.318554307604312,
                "A1": 19.016572893994407
            },
            "S1": {
                "A0": 19.102263372196823,
                "A1": 20.310239430249027
            }
        }
    },
    {
        "episode": 163,
        "current_state": "S1",
        "current_action": "A1",
        "td_delta": 0.0012092202050126843,
        "q_table": {
            "S0": {
                "A0": 20.31886836449963,
                "A1": 19.016572893994407
            },
            "S1": {
                "A0": 19.102263372196823,
                "A1": 20.312523020350355
            }
        }
    },
    {
        "episode": 164,
        "current_state": "S0",
        "current_action": "A0",
        "td_delta": -0.001667107174089466,
        "q_table": {
            "S0": {
                "A0": 20.318717909615224,
                "A1": 19.016572893994407
            },
            "S1": {
                "A0": 19.102263372196823,
                "A1": 20.312051158125776
            }
        }
    },
    {
        "episode": 165,
        "current_state": "S0",
        "current_action": "A0",
        "td_delta": -0.003118240403356509,
        "q_table": {
            "S0": {
                "A0": 20.319227213105865,
                "A1": 19.016572893994407
            },
            "S1": {
                "A0": 19.102263372196823,
                "A1": 20.31072376565234
            }
        }
    },
    {
        "episode": 166,
        "current_state": "S0",
        "current_action": "A0",
        "td_delta": 0.004584370846771435,
        "q_table": {
            "S0": {
                "A0": 20.322011941857834,
                "A1": 19.016572893994407
            },
            "S1": {
                "A0": 19.102263372196823,
                "A1": 20.311647507342425
            }
        }
    },
    {
        "episode": 167,
        "current_state": "S1",
        "current_action": "A1",
        "td_delta": -0.005632800565042118,
        "q_table": {
            "S0": {
                "A0": 20.316384985591476,
                "A1": 19.016572893994407
            },
            "S1": {
                "A0": 19.102263372196823,
                "A1": 20.30734170207751
            }
        }
    },
    {
        "episode": 168,
        "current_state": "S1",
        "current_action": "A1",
        "td_delta": 0.0006677209119949623,
        "q_table": {
            "S0": {
                "A0": 20.317152160861124,
                "A1": 19.016572893994407
            },
            "S1": {
                "A0": 19.102263372196823,
                "A1": 20.309512191484753
            }
        }
    },
    {
        "episode": 169,
        "current_state": "S1",
        "current_action": "A1",
        "td_delta": 0.0023168741801562476,
        "q_table": {
            "S0": {
                "A0": 20.31498304797444,
                "A1": 19.016572893994407
            },
            "S1": {
                "A0": 19.102263372196823,
                "A1": 20.306244454817712
            }
        }
    },
    {
        "episode": 170,
        "current_state": "S0",
        "current_action": "A0",
        "td_delta": -0.0021776900431866864,
        "q_table": {
            "S0": {
                "A0": 20.3164978041165,
                "A1": 19.016572893994407
            },
            "S1": {
                "A0": 19.102263372196823,
                "A1": 20.3076608204231
            }
        }
    },
    {
        "episode": 171,
        "current_state": "S0",
        "current_action": "A0",
        "td_delta": -8.581831276543994e-05,
        "q_table": {
            "S0": {
                "A0": 20.318867862722325,
                "A1": 19.016572893994407
            },
            "S1": {
                "A0": 19.102263372196823,
                "A1": 20.311554073882846
            }
        }
    },
    {
        "episode": 172,
        "current_state": "S0",
        "current_action": "A0",
        "td_delta": -0.001858428945347157,
        "q_table": {
            "S0": {
                "A0": 20.32359006066094,
                "A1": 19.016572893994407
            },
            "S1": {
                "A0": 19.102263372196823,
                "A1": 20.31507593139755
            }
        }
    },
    {
        "episode": 173,
        "current_state": "S0",
        "current_action": "A0",
        "td_delta": -0.0023306517430157214,
        "q_table": {
            "S0": {
                "A0": 20.32125374310797,
                "A1": 19.016572893994407
            },
            "S1": {
                "A0": 19.102263372196823,
                "A1": 20.31330549893829
            }
        }
    },
    {
        "episode": 174,
        "current_state": "S1",
        "current_action": "A1",
        "td_delta": 0.0016140218934808104,
        "q_table": {
            "S0": {
                "A0": 20.320244728249797,
                "A1": 19.016572893994407
            },
            "S1": {
                "A0": 19.102263372196823,
                "A1": 20.31296653761716
            }
        }
    },
    {
        "episode": 175,
        "current_state": "S1",
        "current_action": "A1",
        "td_delta": 0.002020178349802393,
        "q_table": {
            "S0": {
                "A0": 20.31967604726715,
                "A1": 19.016572893994407
            },
            "S1": {
                "A0": 19.102263372196823,
                "A1": 20.3121684388297
            }
        }
    },
    {
        "episode": 176,
        "current_state": "S1",
        "current_action": "A1",
        "td_delta": 0.0012093091276383916,
        "q_table": {
            "S0": {
                "A0": 20.317179449918324,
                "A1": 19.016572893994407
            },
            "S1": {
                "A0": 19.102263372196823,
                "A1": 20.311340086956527
            }
        }
    },
    {
        "episode": 177,
        "current_state": "S1",
        "current_action": "A1",
        "td_delta": 0.0010528569344074867,
        "q_table": {
            "S0": {
                "A0": 20.31634463846997,
                "A1": 19.016572893994407
            },
            "S1": {
                "A0": 19.102263372196823,
                "A1": 20.3119160117805
            }
        }
    },
    {
        "episode": 178,
        "current_state": "S0",
        "current_action": "A0",
        "td_delta": 0.0032973901805668504,
        "q_table": {
            "S0": {
                "A0": 20.31812700981304,
                "A1": 19.016572893994407
            },
            "S1": {
                "A0": 19.102263372196823,
                "A1": 20.311705701792913
            }
        }
    },
    {
        "episode": 179,
        "current_state": "S1",
        "current_action": "A1",
        "td_delta": 0.0024007383126125603,
        "q_table": {
            "S0": {
                "A0": 20.320550265454443,
                "A1": 19.016572893994407
            },
            "S1": {
                "A0": 19.102263372196823,
                "A1": 20.31507003612865
            }
        }
    },
    {
        "episode": 180,
        "current_state": "S0",
        "current_action": "A0",
        "td_delta": -0.0005322012846988855,
        "q_table": {
            "S0": {
                "A0": 20.32110771815887,
                "A1": 19.016572893994407
            },
            "S1": {
                "A0": 19.102263372196823,
                "A1": 20.316929640533065
            }
        }
    },
    {
        "episode": 181,
        "current_state": "S1",
        "current_action": "A1",
        "td_delta": 0.0016291236407610654,
        "q_table": {
            "S0": {
                "A0": 20.321194315740314,
                "A1": 19.016572893994407
            },
            "S1": {
                "A0": 19.102263372196823,
                "A1": 20.31701969415098
            }
        }
    },
    {
        "episode": 182,
        "current_state": "S1",
        "current_action": "A1",
        "td_delta": 0.0006132078061718005,
        "q_table": {
            "S0": {
                "A0": 20.318954654234147,
                "A1": 19.016572893994407
            },
            "S1": {
                "A0": 19.102263372196823,
                "A1": 20.31558208265562
            }
        }
    },
    {
        "episode": 183,
        "current_state": "S1",
        "current_action": "A1",
        "td_delta": -0.0022765182320050315,
        "q_table": {
            "S0": {
                "A0": 20.318276806109974,
                "A1": 19.016572893994407
            },
            "S1": {
                "A0": 19.102263372196823,
                "A1": 20.31385224691462
            }
        }
    },
    {
        "episode": 184,
        "current_state": "S1",
        "current_action": "A1",
        "td_delta": -0.0036037821857277663,
        "q_table": {
            "S0": {
                "A0": 20.316745623079,
                "A1": 19.016572893994407
            },
            "S1": {
                "A0": 19.102263372196823,
                "A1": 20.311515175921826
            }
        }
    },
    {
        "episode": 185,
        "current_state": "S0",
        "current_action": "A0",
        "td_delta": 0.0020336092616304313,
        "q_table": {
            "S0": {
                "A0": 20.314360625001196,
                "A1": 19.016572893994407
            },
            "S1": {
                "A0": 19.102263372196823,
                "A1": 20.3103768541528
            }
        }
    },
    {
        "episode": 186,
        "current_state": "S0",
        "current_action": "A0",
        "td_delta": -0.0018699497465846093,
        "q_table": {
            "S0": {
                "A0": 20.31060517096181,
                "A1": 19.016572893994407
            },
            "S1": {
                "A0": 19.102263372196823,
                "A1": 20.306347111503364
            }
        }
    },
    {
        "episode": 187,
        "current_state": "S1",
        "current_action": "A1",
        "td_delta": -0.002220365297169735,
        "q_table": {
            "S0": {
                "A0": 20.31029756781747,
                "A1": 19.016572893994407
            },
            "S1": {
                "A0": 19.102263372196823,
                "A1": 20.304494187194013
            }
        }
    },
    {
        "episode": 188,
        "current_state": "S1",
        "current_action": "A1",
        "td_delta": -0.0018819713714073316,
        "q_table": {
            "S0": {
                "A0": 20.30984256458104,
                "A1": 19.016572893994407
            },
            "S1": {
                "A0": 19.102263372196823,
                "A1": 20.306527003386506
            }
        }
    },
    {
        "episode": 189,
        "current_state": "S0",
        "current_action": "A0",
        "td_delta": -0.0009989719451013457,
        "q_table": {
            "S0": {
                "A0": 20.307019826409622,
                "A1": 19.016572893994407
            },
            "S1": {
                "A0": 19.102263372196823,
                "A1": 20.30486649565834
            }
        }
    },
    {
        "episode": 190,
        "current_state": "S0",
        "current_action": "A0",
        "td_delta": -0.0008057362355700093,
        "q_table": {
            "S0": {
                "A0": 20.305185386747738,
                "A1": 19.016572893994407
            },
            "S1": {
                "A0": 19.102263372196823,
                "A1": 20.303494312052255
            }
        }
    },
    {
        "episode": 191,
        "current_state": "S0",
        "current_action": "A0",
        "td_delta": -0.00021322976907711677,
        "q_table": {
            "S0": {
                "A0": 20.301498803379125,
                "A1": 19.016572893994407
            },
            "S1": {
                "A0": 19.102263372196823,
                "A1": 20.301084009895106
            }
        }
    },
    {
        "episode": 192,
        "current_state": "S1",
        "current_action": "A1",
        "td_delta": -0.0005170470781656888,
        "q_table": {
            "S0": {
                "A0": 20.298234384655576,
                "A1": 19.016572893994407
            },
            "S1": {
                "A0": 19.102263372196823,
                "A1": 20.297493668886993
            }
        }
    },
    {
        "episode": 193,
        "current_state": "S1",
        "current_action": "A1",
        "td_delta": 5.42891858827943e-05,
        "q_table": {
            "S0": {
                "A0": 20.296123803162637,
                "A1": 19.016572893994407
            },
            "S1": {
                "A0": 19.102263372196823,
                "A1": 20.29440195996463
            }
        }
    },
    {
        "episode": 194,
        "current_state": "S1",
        "current_action": "A1",
        "td_delta": 2.9644411078777466e-05,
        "q_table": {
            "S0": {
                "A0": 20.2941335216027,
                "A1": 19.016572893994407
            },
            "S1": {
                "A0": 19.102263372196823,
                "A1": 20.292988366173
            }
        }
    },
    {
        "episode": 195,
        "current_state": "S1",
        "current_action": "A1",
        "td_delta": 2.1531186078505016e-06,
        "q_table": {
            "S0": {
                "A0": 20.29239933750467,
                "A1": 19.016572893994407
            },
            "S1": {
                "A0": 19.102263372196823,
                "A1": 20.29136905711338
            }
        }
    },
    {
        "episode": 196,
        "current_state": "S1",
        "current_action": "A1",
        "td_delta": 0.00039872537471197234,
        "q_table": {
            "S0": {
                "A0": 20.292312007422304,
                "A1": 19.016572893994407
            },
            "S1": {
                "A0": 19.102263372196823,
                "A1": 20.290811962869675
            }
        }
    },
    {
        "episode": 197,
        "current_state": "S1",
        "current_action": "A1",
        "td_delta": 0.0016242011185028105,
        "q_table": {
            "S0": {
                "A0": 20.294289629273653,
                "A1": 19.016572893994407
            },
            "S1": {
                "A0": 19.102263372196823,
                "A1": 20.292379877913724
            }
        }
    },
    {
        "episode": 198,
        "current_state": "S0",
        "current_action": "A0",
        "td_delta": 0.0004194491008426837,
        "q_table": {
            "S0": {
                "A0": 20.297492372393826,
                "A1": 19.016572893994407
            },
            "S1": {
                "A0": 19.102263372196823,
                "A1": 20.295498575665786
            }
        }
    },
    {
        "episode": 199,
        "current_state": "S0",
        "current_action": "A0",
        "td_delta": 0.0007832600860595562,
        "q_table": {
            "S0": {
                "A0": 20.301804773821825,
                "A1": 19.016572893994407
            },
            "S1": {
                "A0": 19.102263372196823,
                "A1": 20.300301467036636
            }
        }
    }
]