[
    {
        "episode": 0,
        "current_state": "S1",
        "current_action": "A1",
        "td_delta": 0.6696760350372539,
        "q_table": {
            "S0": {
                "A0": 5.663187172093457,
                "A1": 3.16414415086399
            },
            "S1": {
                "A0": 3.782138433040135,
                "A1": 5.644345131958412
            }
        }
    },
    {
        "episode": 1,
        "current_state": "S0",
        "current_action": "A0",
        "td_delta": 0.8448740973371169,
        "q_table": {
            "S0": {
                "A0": 9.912032525202953,
                "A1": 7.609544352226135
            },
            "S1": {
                "A0": 8.342887340139917,
                "A1": 9.469814295180704
            }
        }
    },
    {
        "episode": 2,
        "current_state": "S1",
        "current_action": "A0",
        "td_delta": 1.431113941063245,
        "q_table": {
            "S0": {
                "A0": 12.304189383473679,
                "A1": 10.535991962751133
            },
            "S1": {
                "A0": 10.948399759469817,
                "A1": 12.262485372845497
            }
        }
    },
    {
        "episode": 3,
        "current_state": "S1",
        "current_action": "A1",
        "td_delta": 1.1666482850794324,
        "q_table": {
            "S0": {
                "A0": 14.233436047625856,
                "A1": 12.994815688409597
            },
            "S1": {
                "A0": 12.879759551426915,
                "A1": 14.049485901183623
            }
        }
    },
    {
        "episode": 4,
        "current_state": "S1",
        "current_action": "A1",
        "td_delta": -1.3682218399036028,
        "q_table": {
            "S0": {
                "A0": 15.313885022185673,
                "A1": 14.23045405961167
            },
            "S1": {
                "A0": 14.199133985497008,
                "A1": 15.542680968420374
            }
        }
    },
    {
        "episode": 5,
        "current_state": "S0",
        "current_action": "A0",
        "td_delta": 0.13724509647324723,
        "q_table": {
            "S0": {
                "A0": 16.586431398477195,
                "A1": 15.17477918491229
            },
            "S1": {
                "A0": 15.247248951165046,
                "A1": 16.656195504875335
            }
        }
    },
    {
        "episode": 6,
        "current_state": "S1",
        "current_action": "A1",
        "td_delta": 0.5098056410539975,
        "q_table": {
            "S0": {
                "A0": 17.589547117822224,
                "A1": 16.15710219712311
            },
            "S1": {
                "A0": 16.120770447007352,
                "A1": 17.943976559957065
            }
        }
    },
    {
        "episode": 7,
        "current_state": "S1",
        "current_action": "A0",
        "td_delta": -0.6274722876688905,
        "q_table": {
            "S0": {
                "A0": 18.156421712547168,
                "A1": 17.336567775626413
            },
            "S1": {
                "A0": 16.429569677849397,
                "A1": 18.271639989297093
            }
        }
    },
    {
        "episode": 8,
        "current_state": "S1",
        "current_action": "A1",
        "td_delta": 0.31804936256371974,
        "q_table": {
            "S0": {
                "A0": 19.3717541980615,
                "A1": 17.91131712983977
            },
            "S1": {
                "A0": 16.82092503601194,
                "A1": 19.29908498075075
            }
        }
    },
    {
        "episode": 9,
        "current_state": "S0",
        "current_action": "A0",
        "td_delta": -1.0130052614895497,
        "q_table": {
            "S0": {
                "A0": 19.28249400130745,
                "A1": 18.419242307585506
            },
            "S1": {
                "A0": 18.329737644685082,
                "A1": 19.142329584330234
            }
        }
    },
    {
        "episode": 10,
        "current_state": "S1",
        "current_action": "A1",
        "td_delta": -0.90568521432251,
        "q_table": {
            "S0": {
                "A0": 19.483953986365567,
                "A1": 18.419242307585506
            },
            "S1": {
                "A0": 18.329737644685082,
                "A1": 19.626113998477997
            }
        }
    },
    {
        "episode": 11,
        "current_state": "S0",
        "current_action": "A0",
        "td_delta": -0.7566632682967089,
        "q_table": {
            "S0": {
                "A0": 19.76714522443688,
                "A1": 18.419242307585506
            },
            "S1": {
                "A0": 18.329737644685082,
                "A1": 19.993819599998087
            }
        }
    },
    {
        "episode": 12,
        "current_state": "S1",
        "current_action": "A1",
        "td_delta": -0.043126242660541436,
        "q_table": {
            "S0": {
                "A0": 20.37390175662817,
                "A1": 18.419242307585506
            },
            "S1": {
                "A0": 18.329737644685082,
                "A1": 20.09311138189604
            }
        }
    },
    {
        "episode": 13,
        "current_state": "S0",
        "current_action": "A0",
        "td_delta": -1.5348598400491227,
        "q_table": {
            "S0": {
                "A0": 20.969534203618505,
                "A1": 18.419242307585506
            },
            "S1": {
                "A0": 18.329737644685082,
                "A1": 21.091843914652436
            }
        }
    },
    {
        "episode": 14,
        "current_state": "S1",
        "current_action": "A1",
        "td_delta": 0.1899669719495023,
        "q_table": {
            "S0": {
                "A0": 20.62520575557243,
                "A1": 18.419242307585506
            },
            "S1": {
                "A0": 18.329737644685082,
                "A1": 20.727264329864965
            }
        }
    },
    {
        "episode": 15,
        "current_state": "S1",
        "current_action": "A1",
        "td_delta": -0.6068777804137078,
        "q_table": {
            "S0": {
                "A0": 19.736565132304406,
                "A1": 18.419242307585506
            },
            "S1": {
                "A0": 18.329737644685082,
                "A1": 19.795358109667035
            }
        }
    },
    {
        "episode": 16,
        "current_state": "S0",
        "current_action": "A0",
        "td_delta": -0.4832386841930614,
        "q_table": {
            "S0": {
                "A0": 19.052165334807587,
                "A1": 18.419242307585506
            },
            "S1": {
                "A0": 18.329737644685082,
                "A1": 19.12101218105601
            }
        }
    },
    {
        "episode": 17,
        "current_state": "S1",
        "current_action": "A1",
        "td_delta": -0.3757029368409839,
        "q_table": {
            "S0": {
                "A0": 19.25236960755015,
                "A1": 18.419242307585506
            },
            "S1": {
                "A0": 18.329737644685082,
                "A1": 19.383487114942863
            }
        }
    },
    {
        "episode": 18,
        "current_state": "S1",
        "current_action": "A1",
        "td_delta": 1.1201259014885245,
        "q_table": {
            "S0": {
                "A0": 19.792117797022208,
                "A1": 18.419242307585506
            },
            "S1": {
                "A0": 18.329737644685082,
                "A1": 19.68880472722828
            }
        }
    },
    {
        "episode": 19,
        "current_state": "S1",
        "current_action": "A1",
        "td_delta": -1.7797747775514345,
        "q_table": {
            "S0": {
                "A0": 19.71481256884359,
                "A1": 18.419242307585506
            },
            "S1": {
                "A0": 18.329737644685082,
                "A1": 20.153418544838004
            }
        }
    },
    {
        "episode": 20,
        "current_state": "S0",
        "current_action": "A0",
        "td_delta": 0.32600774195658744,
        "q_table": {
            "S0": {
                "A0": 19.7102968416675,
                "A1": 18.419242307585506
            },
            "S1": {
                "A0": 18.329737644685082,
                "A1": 19.642785196377364
            }
        }
    },
    {
        "episode": 21,
        "current_state": "S0",
        "current_action": "A0",
        "td_delta": 0.19272596712530898,
        "q_table": {
            "S0": {
                "A0": 19.501153905374828,
                "A1": 18.419242307585506
            },
            "S1": {
                "A0": 18.329737644685082,
                "A1": 19.288486166902526
            }
        }
    },
    {
        "episode": 22,
        "current_state": "S1",
        "current_action": "A1",
        "td_delta": 2.837608957245269,
        "q_table": {
            "S0": {
                "A0": 19.262858858189922,
                "A1": 18.419242307585506
            },
            "S1": {
                "A0": 18.329737644685082,
                "A1": 19.89081373829141
            }
        }
    },
    {
        "episode": 23,
        "current_state": "S0",
        "current_action": "A0",
        "td_delta": -0.1440206528969803,
        "q_table": {
            "S0": {
                "A0": 20.15358204055588,
                "A1": 18.419242307585506
            },
            "S1": {
                "A0": 18.329737644685082,
                "A1": 20.098409036089702
            }
        }
    },
    {
        "episode": 24,
        "current_state": "S0",
        "current_action": "A0",
        "td_delta": 1.3378298114446707,
        "q_table": {
            "S0": {
                "A0": 20.465439232360783,
                "A1": 18.419242307585506
            },
            "S1": {
                "A0": 18.329737644685082,
                "A1": 20.34257141997903
            }
        }
    },
    {
        "episode": 25,
        "current_state": "S1",
        "current_action": "A1",
        "td_delta": -1.5798628904864636,
        "q_table": {
            "S0": {
                "A0": 19.62811035196039,
                "A1": 18.419242307585506
            },
            "S1": {
                "A0": 18.329737644685082,
                "A1": 19.49937325523907
            }
        }
    },
    {
        "episode": 26,
        "current_state": "S1",
        "current_action": "A1",
        "td_delta": -1.0513439844779278,
        "q_table": {
            "S0": {
                "A0": 19.36621118117101,
                "A1": 18.419242307585506
            },
            "S1": {
                "A0": 18.329737644685082,
                "A1": 19.44724155940157
            }
        }
    },
    {
        "episode": 27,
        "current_state": "S1",
        "current_action": "A1",
        "td_delta": 0.46425041443491466,
        "q_table": {
            "S0": {
                "A0": 19.723612737677815,
                "A1": 18.419242307585506
            },
            "S1": {
                "A0": 18.329737644685082,
                "A1": 19.46211668269746
            }
        }
    },
    {
        "episode": 28,
        "current_state": "S0",
        "current_action": "A0",
        "td_delta": 0.08088194345071642,
        "q_table": {
            "S0": {
                "A0": 20.72866407674613,
                "A1": 18.419242307585506
            },
            "S1": {
                "A0": 18.329737644685082,
                "A1": 19.782565389643786
            }
        }
    },
    {
        "episode": 29,
        "current_state": "S0",
        "current_action": "A0",
        "td_delta": 0.27287785856214697,
        "q_table": {
            "S0": {
                "A0": 20.038718838611363,
                "A1": 18.419242307585506
            },
            "S1": {
                "A0": 18.329737644685082,
                "A1": 20.21303469772264
            }
        }
    },
    {
        "episode": 30,
        "current_state": "S0",
        "current_action": "A0",
        "td_delta": 2.1110437586068755,
        "q_table": {
            "S0": {
                "A0": 20.859667107829907,
                "A1": 18.419242307585506
            },
            "S1": {
                "A0": 18.329737644685082,
                "A1": 20.344780011850286
            }
        }
    },
    {
        "episode": 31,
        "current_state": "S1",
        "current_action": "A1",
        "td_delta": 1.8240837986689016,
        "q_table": {
            "S0": {
                "A0": 20.29675539191737,
                "A1": 18.419242307585506
            },
            "S1": {
                "A0": 18.329737644685082,
                "A1": 20.256370137614002
            }
        }
    },
    {
        "episode": 32,
        "current_state": "S1",
        "current_action": "A1",
        "td_delta": -0.8357992600624335,
        "q_table": {
            "S0": {
                "A0": 20.541590772545646,
                "A1": 18.419242307585506
            },
            "S1": {
                "A0": 18.329737644685082,
                "A1": 20.528081552481872
            }
        }
    },
    {
        "episode": 33,
        "current_state": "S1",
        "current_action": "A1",
        "td_delta": -1.667892500867591,
        "q_table": {
            "S0": {
                "A0": 20.475682889135346,
                "A1": 18.419242307585506
            },
            "S1": {
                "A0": 18.329737644685082,
                "A1": 20.426486240909437
            }
        }
    },
    {
        "episode": 34,
        "current_state": "S0",
        "current_action": "A0",
        "td_delta": -0.06860694596555206,
        "q_table": {
            "S0": {
                "A0": 20.4583250128154,
                "A1": 18.419242307585506
            },
            "S1": {
                "A0": 18.329737644685082,
                "A1": 20.44666889039155
            }
        }
    },
    {
        "episode": 35,
        "current_state": "S1",
        "current_action": "A1",
        "td_delta": -1.0163536535201452,
        "q_table": {
            "S0": {
                "A0": 19.919112274746055,
                "A1": 18.419242307585506
            },
            "S1": {
                "A0": 18.329737644685082,
                "A1": 19.253262729656736
            }
        }
    },
    {
        "episode": 36,
        "current_state": "S1",
        "current_action": "A1",
        "td_delta": -0.8145742913864282,
        "q_table": {
            "S0": {
                "A0": 19.782892511148713,
                "A1": 18.419242307585506
            },
            "S1": {
                "A0": 18.329737644685082,
                "A1": 19.449921700806478
            }
        }
    },
    {
        "episode": 37,
        "current_state": "S1",
        "current_action": "A1",
        "td_delta": 0.5646556191492387,
        "q_table": {
            "S0": {
                "A0": 19.453088002435173,
                "A1": 18.419242307585506
            },
            "S1": {
                "A0": 18.329737644685082,
                "A1": 19.731605858968805
            }
        }
    },
    {
        "episode": 38,
        "current_state": "S1",
        "current_action": "A1",
        "td_delta": -1.598008360393301,
        "q_table": {
            "S0": {
                "A0": 19.561857491642623,
                "A1": 18.419242307585506
            },
            "S1": {
                "A0": 18.329737644685082,
                "A1": 19.52587762010575
            }
        }
    },
    {
        "episode": 39,
        "current_state": "S1",
        "current_action": "A1",
        "td_delta": -0.3166623502321997,
        "q_table": {
            "S0": {
                "A0": 19.056575381317742,
                "A1": 18.419242307585506
            },
            "S1": {
                "A0": 18.329737644685082,
                "A1": 19.264814602298987
            }
        }
    },
    {
        "episode": 40,
        "current_state": "S0",
        "current_action": "A0",
        "td_delta": 1.923551364957273,
        "q_table": {
            "S0": {
                "A0": 19.06558624054145,
                "A1": 18.140763699714686
            },
            "S1": {
                "A0": 18.329737644685082,
                "A1": 19.651750246664783
            }
        }
    },
    {
        "episode": 41,
        "current_state": "S1",
        "current_action": "A1",
        "td_delta": 1.2966439235981113,
        "q_table": {
            "S0": {
                "A0": 19.413613131852944,
                "A1": 18.140763699714686
            },
            "S1": {
                "A0": 18.329737644685082,
                "A1": 19.765051086981135
            }
        }
    },
    {
        "episode": 42,
        "current_state": "S1",
        "current_action": "A1",
        "td_delta": 0.07834747117168916,
        "q_table": {
            "S0": {
                "A0": 20.707435375072173,
                "A1": 18.140763699714686
            },
            "S1": {
                "A0": 18.329737644685082,
                "A1": 20.180951190106626
            }
        }
    },
    {
        "episode": 43,
        "current_state": "S1",
        "current_action": "A1",
        "td_delta": -0.5685401343536718,
        "q_table": {
            "S0": {
                "A0": 20.240195457398833,
                "A1": 18.140763699714686
            },
            "S1": {
                "A0": 18.329737644685082,
                "A1": 20.43615834573142
            }
        }
    },
    {
        "episode": 44,
        "current_state": "S1",
        "current_action": "A1",
        "td_delta": -0.014927666387542615,
        "q_table": {
            "S0": {
                "A0": 20.022161325271966,
                "A1": 18.140763699714686
            },
            "S1": {
                "A0": 18.329737644685082,
                "A1": 20.13013954853982
            }
        }
    },
    {
        "episode": 45,
        "current_state": "S1",
        "current_action": "A1",
        "td_delta": 0.6279192849298028,
        "q_table": {
            "S0": {
                "A0": 19.08083019388659,
                "A1": 18.140763699714686
            },
            "S1": {
                "A0": 18.329737644685082,
                "A1": 19.346954915853416
            }
        }
    },
    {
        "episode": 46,
        "current_state": "S0",
        "current_action": "A0",
        "td_delta": -0.7121298147950057,
        "q_table": {
            "S0": {
                "A0": 19.974260776302998,
                "A1": 18.140763699714686
            },
            "S1": {
                "A0": 18.329737644685082,
                "A1": 19.68893530447436
            }
        }
    },
    {
        "episode": 47,
        "current_state": "S1",
        "current_action": "A1",
        "td_delta": -0.5569360043378566,
        "q_table": {
            "S0": {
                "A0": 19.950863873210885,
                "A1": 18.140763699714686
            },
            "S1": {
                "A0": 18.329737644685082,
                "A1": 19.872716216118313
            }
        }
    },
    {
        "episode": 48,
        "current_state": "S0",
        "current_action": "A0",
        "td_delta": -1.0913855404079271,
        "q_table": {
            "S0": {
                "A0": 19.571323185594967,
                "A1": 18.140763699714686
            },
            "S1": {
                "A0": 18.329737644685082,
                "A1": 19.806526007226125
            }
        }
    },
    {
        "episode": 49,
        "current_state": "S0",
        "current_action": "A0",
        "td_delta": 0.9109775117044485,
        "q_table": {
            "S0": {
                "A0": 20.11810051416117,
                "A1": 18.140763699714686
            },
            "S1": {
                "A0": 18.329737644685082,
                "A1": 20.173481178006526
            }
        }
    },
    {
        "episode": 50,
        "current_state": "S0",
        "current_action": "A0",
        "td_delta": 0.5428132439738178,
        "q_table": {
            "S0": {
                "A0": 20.380360783338887,
                "A1": 18.140763699714686
            },
            "S1": {
                "A0": 18.329737644685082,
                "A1": 19.95870439909145
            }
        }
    },
    {
        "episode": 51,
        "current_state": "S0",
        "current_action": "A0",
        "td_delta": -0.20234676752644276,
        "q_table": {
            "S0": {
                "A0": 20.0620749691264,
                "A1": 18.140763699714686
            },
            "S1": {
                "A0": 18.329737644685082,
                "A1": 19.65040559637593
            }
        }
    },
    {
        "episode": 52,
        "current_state": "S1",
        "current_action": "A1",
        "td_delta": 0.5044280326367314,
        "q_table": {
            "S0": {
                "A0": 19.79308844372965,
                "A1": 18.140763699714686
            },
            "S1": {
                "A0": 18.329737644685082,
                "A1": 20.10695507402731
            }
        }
    },
    {
        "episode": 53,
        "current_state": "S1",
        "current_action": "A1",
        "td_delta": 0.04417071442788156,
        "q_table": {
            "S0": {
                "A0": 19.401074415168274,
                "A1": 18.140763699714686
            },
            "S1": {
                "A0": 18.329737644685082,
                "A1": 19.369389069965887
            }
        }
    },
    {
        "episode": 54,
        "current_state": "S0",
        "current_action": "A0",
        "td_delta": 0.6187762824886462,
        "q_table": {
            "S0": {
                "A0": 19.299404228514273,
                "A1": 18.140763699714686
            },
            "S1": {
                "A0": 18.329737644685082,
                "A1": 19.52384444038742
            }
        }
    },
    {
        "episode": 55,
        "current_state": "S1",
        "current_action": "A1",
        "td_delta": -1.012476276329707,
        "q_table": {
            "S0": {
                "A0": 20.208195835388388,
                "A1": 18.140763699714686
            },
            "S1": {
                "A0": 18.329737644685082,
                "A1": 20.049654935689766
            }
        }
    },
    {
        "episode": 56,
        "current_state": "S1",
        "current_action": "A1",
        "td_delta": 0.4783941241768659,
        "q_table": {
            "S0": {
                "A0": 19.305198399285143,
                "A1": 18.140763699714686
            },
            "S1": {
                "A0": 18.329737644685082,
                "A1": 19.39013935216062
            }
        }
    },
    {
        "episode": 57,
        "current_state": "S1",
        "current_action": "A1",
        "td_delta": -0.62565574874397,
        "q_table": {
            "S0": {
                "A0": 19.415666554872047,
                "A1": 18.140763699714686
            },
            "S1": {
                "A0": 18.329737644685082,
                "A1": 18.820958645077422
            }
        }
    },
    {
        "episode": 58,
        "current_state": "S1",
        "current_action": "A1",
        "td_delta": 0.4522868620699185,
        "q_table": {
            "S0": {
                "A0": 19.525619703044047,
                "A1": 18.140763699714686
            },
            "S1": {
                "A0": 18.329737644685082,
                "A1": 19.385562481209366
            }
        }
    },
    {
        "episode": 59,
        "current_state": "S0",
        "current_action": "A0",
        "td_delta": -1.010184951803943,
        "q_table": {
            "S0": {
                "A0": 19.14979872408965,
                "A1": 18.140763699714686
            },
            "S1": {
                "A0": 18.329737644685082,
                "A1": 19.15676825408682
            }
        }
    },
    {
        "episode": 60,
        "current_state": "S1",
        "current_action": "A1",
        "td_delta": -0.026007960721624812,
        "q_table": {
            "S0": {
                "A0": 19.513752839023937,
                "A1": 18.140763699714686
            },
            "S1": {
                "A0": 18.329737644685082,
                "A1": 19.472375584468775
            }
        }
    },
    {
        "episode": 61,
        "current_state": "S0",
        "current_action": "A0",
        "td_delta": -0.6847064670219076,
        "q_table": {
            "S0": {
                "A0": 19.760250169060424,
                "A1": 18.140763699714686
            },
            "S1": {
                "A0": 18.329737644685082,
                "A1": 19.8428505516077
            }
        }
    },
    {
        "episode": 62,
        "current_state": "S1",
        "current_action": "A1",
        "td_delta": -1.4953620160475758,
        "q_table": {
            "S0": {
                "A0": 19.839248507881553,
                "A1": 18.140763699714686
            },
            "S1": {
                "A0": 18.329737644685082,
                "A1": 19.64774168082994
            }
        }
    },
    {
        "episode": 63,
        "current_state": "S1",
        "current_action": "A1",
        "td_delta": -0.0005140363202151832,
        "q_table": {
            "S0": {
                "A0": 20.78325827644905,
                "A1": 18.140763699714686
            },
            "S1": {
                "A0": 18.329737644685082,
                "A1": 20.474357076475194
            }
        }
    },
    {
        "episode": 64,
        "current_state": "S0",
        "current_action": "A0",
        "td_delta": -1.4562663462306524,
        "q_table": {
            "S0": {
                "A0": 19.7447373231592,
                "A1": 18.140763699714686
            },
            "S1": {
                "A0": 18.329737644685082,
                "A1": 19.963927180242482
            }
        }
    },
    {
        "episode": 65,
        "current_state": "S1",
        "current_action": "A1",
        "td_delta": -1.336269040868828,
        "q_table": {
            "S0": {
                "A0": 19.324396918823986,
                "A1": 18.140763699714686
            },
            "S1": {
                "A0": 18.329737644685082,
                "A1": 19.267532458737477
            }
        }
    },
    {
        "episode": 66,
        "current_state": "S0",
        "current_action": "A0",
        "td_delta": 0.6085456419016637,
        "q_table": {
            "S0": {
                "A0": 19.957570286472833,
                "A1": 18.140763699714686
            },
            "S1": {
                "A0": 18.329737644685082,
                "A1": 20.15314291976239
            }
        }
    },
    {
        "episode": 67,
        "current_state": "S0",
        "current_action": "A0",
        "td_delta": 0.8628415480302749,
        "q_table": {
            "S0": {
                "A0": 19.597541609612207,
                "A1": 18.140763699714686
            },
            "S1": {
                "A0": 18.329737644685082,
                "A1": 19.621141396322685
            }
        }
    },
    {
        "episode": 68,
        "current_state": "S1",
        "current_action": "A1",
        "td_delta": -1.0451454164934049,
        "q_table": {
            "S0": {
                "A0": 20.508251549327486,
                "A1": 18.140763699714686
            },
            "S1": {
                "A0": 18.329737644685082,
                "A1": 20.505449441206746
            }
        }
    },
    {
        "episode": 69,
        "current_state": "S1",
        "current_action": "A1",
        "td_delta": 0.6245220648232213,
        "q_table": {
            "S0": {
                "A0": 20.81421732129367,
                "A1": 18.140763699714686
            },
            "S1": {
                "A0": 18.329737644685082,
                "A1": 20.305454323236244
            }
        }
    },
    {
        "episode": 70,
        "current_state": "S1",
        "current_action": "A1",
        "td_delta": 1.0986390251478895,
        "q_table": {
            "S0": {
                "A0": 20.554713800279004,
                "A1": 18.140763699714686
            },
            "S1": {
                "A0": 18.329737644685082,
                "A1": 20.771495575159175
            }
        }
    },
    {
        "episode": 71,
        "current_state": "S1",
        "current_action": "A1",
        "td_delta": 0.041123075918385155,
        "q_table": {
            "S0": {
                "A0": 20.914893858808735,
                "A1": 18.140763699714686
            },
            "S1": {
                "A0": 18.329737644685082,
                "A1": 21.294363069895265
            }
        }
    },
    {
        "episode": 72,
        "current_state": "S1",
        "current_action": "A1",
        "td_delta": 0.6968824414302972,
        "q_table": {
            "S0": {
                "A0": 20.286191825147093,
                "A1": 18.140763699714686
            },
            "S1": {
                "A0": 18.329737644685082,
                "A1": 20.39980085233977
            }
        }
    },
    {
        "episode": 73,
        "current_state": "S0",
        "current_action": "A0",
        "td_delta": 0.466845448736418,
        "q_table": {
            "S0": {
                "A0": 19.193580203177056,
                "A1": 18.140763699714686
            },
            "S1": {
                "A0": 18.329737644685082,
                "A1": 19.704278672838615
            }
        }
    },
    {
        "episode": 74,
        "current_state": "S0",
        "current_action": "A0",
        "td_delta": 2.6977448721679274,
        "q_table": {
            "S0": {
                "A0": 19.194156669784665,
                "A1": 18.140763699714686
            },
            "S1": {
                "A0": 18.329737644685082,
                "A1": 18.960095989558248
            }
        }
    },
    {
        "episode": 75,
        "current_state": "S0",
        "current_action": "A0",
        "td_delta": -0.7324000631945822,
        "q_table": {
            "S0": {
                "A0": 18.842956870447686,
                "A1": 18.140763699714686
            },
            "S1": {
                "A0": 18.329737644685082,
                "A1": 18.819448066715807
            }
        }
    },
    {
        "episode": 76,
        "current_state": "S1",
        "current_action": "A1",
        "td_delta": -0.9805949040678392,
        "q_table": {
            "S0": {
                "A0": 19.888514640746905,
                "A1": 18.140763699714686
            },
            "S1": {
                "A0": 18.329737644685082,
                "A1": 19.88314306751378
            }
        }
    },
    {
        "episode": 77,
        "current_state": "S0",
        "current_action": "A0",
        "td_delta": 1.4452888344059005,
        "q_table": {
            "S0": {
                "A0": 20.289289129075325,
                "A1": 18.140763699714686
            },
            "S1": {
                "A0": 18.329737644685082,
                "A1": 20.21097746330814
            }
        }
    },
    {
        "episode": 78,
        "current_state": "S1",
        "current_action": "A1",
        "td_delta": -1.4898413172165519,
        "q_table": {
            "S0": {
                "A0": 19.55343144265987,
                "A1": 18.140763699714686
            },
            "S1": {
                "A0": 18.329737644685082,
                "A1": 19.637760681798888
            }
        }
    },
    {
        "episode": 79,
        "current_state": "S0",
        "current_action": "A0",
        "td_delta": -1.0196681718660834,
        "q_table": {
            "S0": {
                "A0": 19.346194143977318,
                "A1": 18.140763699714686
            },
            "S1": {
                "A0": 18.329737644685082,
                "A1": 19.099312176093296
            }
        }
    },
    {
        "episode": 80,
        "current_state": "S0",
        "current_action": "A0",
        "td_delta": -0.18537331665158518,
        "q_table": {
            "S0": {
                "A0": 19.978214536500445,
                "A1": 18.140763699714686
            },
            "S1": {
                "A0": 18.329737644685082,
                "A1": 20.154461415172786
            }
        }
    },
    {
        "episode": 81,
        "current_state": "S0",
        "current_action": "A0",
        "td_delta": -0.1266470311110055,
        "q_table": {
            "S0": {
                "A0": 20.124526777039886,
                "A1": 18.140763699714686
            },
            "S1": {
                "A0": 18.329737644685082,
                "A1": 20.2254877164946
            }
        }
    },
    {
        "episode": 82,
        "current_state": "S0",
        "current_action": "A0",
        "td_delta": 1.3055915548084016,
        "q_table": {
            "S0": {
                "A0": 20.491600575351505,
                "A1": 18.140763699714686
            },
            "S1": {
                "A0": 18.329737644685082,
                "A1": 20.676922789746477
            }
        }
    },
    {
        "episode": 83,
        "current_state": "S1",
        "current_action": "A1",
        "td_delta": 0.1930548755642505,
        "q_table": {
            "S0": {
                "A0": 19.749070921921312,
                "A1": 18.140763699714686
            },
            "S1": {
                "A0": 18.329737644685082,
                "A1": 19.694446216410547
            }
        }
    },
    {
        "episode": 84,
        "current_state": "S0",
        "current_action": "A0",
        "td_delta": 1.546154043299687,
        "q_table": {
            "S0": {
                "A0": 19.531971371374635,
                "A1": 18.140763699714686
            },
            "S1": {
                "A0": 18.329737644685082,
                "A1": 19.483727351437338
            }
        }
    },
    {
        "episode": 85,
        "current_state": "S0",
        "current_action": "A0",
        "td_delta": -2.102237213031348,
        "q_table": {
            "S0": {
                "A0": 20.637591545586634,
                "A1": 18.140763699714686
            },
            "S1": {
                "A0": 18.329737644685082,
                "A1": 20.634576184135838
            }
        }
    },
    {
        "episode": 86,
        "current_state": "S0",
        "current_action": "A0",
        "td_delta": 0.9152952448113965,
        "q_table": {
            "S0": {
                "A0": 20.569114516484312,
                "A1": 18.140763699714686
            },
            "S1": {
                "A0": 18.329737644685082,
                "A1": 20.416599324238437
            }
        }
    },
    {
        "episode": 87,
        "current_state": "S1",
        "current_action": "A1",
        "td_delta": -3.0280009011261306,
        "q_table": {
            "S0": {
                "A0": 20.29734326794845,
                "A1": 18.140763699714686
            },
            "S1": {
                "A0": 18.329737644685082,
                "A1": 20.498036669556875
            }
        }
    },
    {
        "episode": 88,
        "current_state": "S0",
        "current_action": "A0",
        "td_delta": -0.35400866183896085,
        "q_table": {
            "S0": {
                "A0": 20.01218845073057,
                "A1": 18.140763699714686
            },
            "S1": {
                "A0": 18.329737644685082,
                "A1": 19.790906933566575
            }
        }
    },
    {
        "episode": 89,
        "current_state": "S1",
        "current_action": "A1",
        "td_delta": 0.4233146661784346,
        "q_table": {
            "S0": {
                "A0": 19.721087389852027,
                "A1": 18.140763699714686
            },
            "S1": {
                "A0": 18.329737644685082,
                "A1": 20.047022189567542
            }
        }
    },
    {
        "episode": 90,
        "current_state": "S1",
        "current_action": "A1",
        "td_delta": -3.5522964666182784,
        "q_table": {
            "S0": {
                "A0": 19.797726902251082,
                "A1": 18.140763699714686
            },
            "S1": {
                "A0": 18.329737644685082,
                "A1": 19.181709182951955
            }
        }
    },
    {
        "episode": 91,
        "current_state": "S0",
        "current_action": "A0",
        "td_delta": 0.642742257422011,
        "q_table": {
            "S0": {
                "A0": 20.37228946401573,
                "A1": 18.140763699714686
            },
            "S1": {
                "A0": 18.329737644685082,
                "A1": 20.030151831546227
            }
        }
    },
    {
        "episode": 92,
        "current_state": "S0",
        "current_action": "A0",
        "td_delta": -0.7655365619728975,
        "q_table": {
            "S0": {
                "A0": 20.18894054467752,
                "A1": 18.140763699714686
            },
            "S1": {
                "A0": 18.329737644685082,
                "A1": 19.889740538623816
            }
        }
    },
    {
        "episode": 93,
        "current_state": "S1",
        "current_action": "A1",
        "td_delta": 0.6166521751983858,
        "q_table": {
            "S0": {
                "A0": 19.539990063130418,
                "A1": 18.140763699714686
            },
            "S1": {
                "A0": 18.329737644685082,
                "A1": 19.7794283211125
            }
        }
    },
    {
        "episode": 94,
        "current_state": "S0",
        "current_action": "A0",
        "td_delta": 1.6792328884418843,
        "q_table": {
            "S0": {
                "A0": 19.873592886518633,
                "A1": 18.140763699714686
            },
            "S1": {
                "A0": 18.329737644685082,
                "A1": 19.744198587043723
            }
        }
    },
    {
        "episode": 95,
        "current_state": "S1",
        "current_action": "A1",
        "td_delta": 0.1647007328032437,
        "q_table": {
            "S0": {
                "A0": 19.69833978762072,
                "A1": 18.140763699714686
            },
            "S1": {
                "A0": 18.329737644685082,
                "A1": 19.597593042764792
            }
        }
    },
    {
        "episode": 96,
        "current_state": "S0",
        "current_action": "A0",
        "td_delta": 0.23120109547521395,
        "q_table": {
            "S0": {
                "A0": 20.09937115979332,
                "A1": 18.140763699714686
            },
            "S1": {
                "A0": 18.329737644685082,
                "A1": 19.981331054006006
            }
        }
    },
    {
        "episode": 97,
        "current_state": "S1",
        "current_action": "A1",
        "td_delta": 0.22323498214376514,
        "q_table": {
            "S0": {
                "A0": 20.235036236320084,
                "A1": 18.140763699714686
            },
            "S1": {
                "A0": 18.329737644685082,
                "A1": 20.186891882784174
            }
        }
    },
    {
        "episode": 98,
        "current_state": "S1",
        "current_action": "A1",
        "td_delta": 1.7623280665896317,
        "q_table": {
            "S0": {
                "A0": 20.574687438755568,
                "A1": 18.140763699714686
            },
            "S1": {
                "A0": 18.329737644685082,
                "A1": 20.610907135817016
            }
        }
    },
    {
        "episode": 99,
        "current_state": "S1",
        "current_action": "A1",
        "td_delta": -0.877165668752653,
        "q_table": {
            "S0": {
                "A0": 19.195007616881902,
                "A1": 18.140763699714686
            },
            "S1": {
                "A0": 18.329737644685082,
                "A1": 19.458724930932515
            }
        }
    },
    {
        "episode": 100,
        "current_state": "S1",
        "current_action": "A1",
        "td_delta": -1.2878950284385482,
        "q_table": {
            "S0": {
                "A0": 20.28514570464385,
                "A1": 18.140763699714686
            },
            "S1": {
                "A0": 18.329737644685082,
                "A1": 20.058204024203285
            }
        }
    },
    {
        "episode": 101,
        "current_state": "S0",
        "current_action": "A0",
        "td_delta": 0.7326309124619534,
        "q_table": {
            "S0": {
                "A0": 20.11060053785875,
                "A1": 18.140763699714686
            },
            "S1": {
                "A0": 18.329737644685082,
                "A1": 20.12394555664542
            }
        }
    },
    {
        "episode": 102,
        "current_state": "S1",
        "current_action": "A1",
        "td_delta": -0.5856577686486482,
        "q_table": {
            "S0": {
                "A0": 20.32961996978865,
                "A1": 18.140763699714686
            },
            "S1": {
                "A0": 18.329737644685082,
                "A1": 19.854514564812238
            }
        }
    },
    {
        "episode": 103,
        "current_state": "S1",
        "current_action": "A1",
        "td_delta": 0.7811005939201969,
        "q_table": {
            "S0": {
                "A0": 20.265172610999027,
                "A1": 18.140763699714686
            },
            "S1": {
                "A0": 18.329737644685082,
                "A1": 20.00107963944636
            }
        }
    },
    {
        "episode": 104,
        "current_state": "S1",
        "current_action": "A1",
        "td_delta": -0.6351604649658782,
        "q_table": {
            "S0": {
                "A0": 20.03304294646593,
                "A1": 18.140763699714686
            },
            "S1": {
                "A0": 18.329737644685082,
                "A1": 19.733314867752867
            }
        }
    },
    {
        "episode": 105,
        "current_state": "S1",
        "current_action": "A1",
        "td_delta": -1.204966368355727,
        "q_table": {
            "S0": {
                "A0": 20.24726698972455,
                "A1": 18.140763699714686
            },
            "S1": {
                "A0": 18.329737644685082,
                "A1": 20.27294218153543
            }
        }
    },
    {
        "episode": 106,
        "current_state": "S1",
        "current_action": "A1",
        "td_delta": 0.9628209285371838,
        "q_table": {
            "S0": {
                "A0": 19.991246583234645,
                "A1": 18.140763699714686
            },
            "S1": {
                "A0": 18.329737644685082,
                "A1": 19.899218923337315
            }
        }
    },
    {
        "episode": 107,
        "current_state": "S1",
        "current_action": "A1",
        "td_delta": -1.3637120759026686,
        "q_table": {
            "S0": {
                "A0": 19.936989237176007,
                "A1": 18.140763699714686
            },
            "S1": {
                "A0": 18.329737644685082,
                "A1": 19.718295832640855
            }
        }
    },
    {
        "episode": 108,
        "current_state": "S1",
        "current_action": "A1",
        "td_delta": -1.0280487323352254,
        "q_table": {
            "S0": {
                "A0": 19.845931809598152,
                "A1": 18.140763699714686
            },
            "S1": {
                "A0": 18.329737644685082,
                "A1": 19.259726234083175
            }
        }
    },
    {
        "episode": 109,
        "current_state": "S0",
        "current_action": "A0",
        "td_delta": -1.0795163874769393,
        "q_table": {
            "S0": {
                "A0": 19.81753421217815,
                "A1": 18.140763699714686
            },
            "S1": {
                "A0": 18.329737644685082,
                "A1": 19.94084345515778
            }
        }
    },
    {
        "episode": 110,
        "current_state": "S0",
        "current_action": "A0",
        "td_delta": -0.17856588726140643,
        "q_table": {
            "S0": {
                "A0": 19.68627467826195,
                "A1": 18.140763699714686
            },
            "S1": {
                "A0": 18.329737644685082,
                "A1": 19.637791159240248
            }
        }
    },
    {
        "episode": 111,
        "current_state": "S1",
        "current_action": "A1",
        "td_delta": 0.2882405351245012,
        "q_table": {
            "S0": {
                "A0": 20.004959748580934,
                "A1": 18.140763699714686
            },
            "S1": {
                "A0": 18.329737644685082,
                "A1": 20.001178368063528
            }
        }
    },
    {
        "episode": 112,
        "current_state": "S0",
        "current_action": "A0",
        "td_delta": -0.47216458256284355,
        "q_table": {
            "S0": {
                "A0": 19.952200504830344,
                "A1": 18.140763699714686
            },
            "S1": {
                "A0": 18.329737644685082,
                "A1": 20.011502437897768
            }
        }
    },
    {
        "episode": 113,
        "current_state": "S0",
        "current_action": "A0",
        "td_delta": 0.01064605126332907,
        "q_table": {
            "S0": {
                "A0": 20.71389289764919,
                "A1": 18.140763699714686
            },
            "S1": {
                "A0": 18.329737644685082,
                "A1": 20.63547665349983
            }
        }
    },
    {
        "episode": 114,
        "current_state": "S1",
        "current_action": "A1",
        "td_delta": 0.11054278728949996,
        "q_table": {
            "S0": {
                "A0": 20.392980518400936,
                "A1": 18.140763699714686
            },
            "S1": {
                "A0": 18.329737644685082,
                "A1": 19.86906820912694
            }
        }
    },
    {
        "episode": 115,
        "current_state": "S1",
        "current_action": "A1",
        "td_delta": 1.0495349490781365,
        "q_table": {
            "S0": {
                "A0": 19.703012985837518,
                "A1": 18.140763699714686
            },
            "S1": {
                "A0": 18.329737644685082,
                "A1": 19.403517632397065
            }
        }
    },
    {
        "episode": 116,
        "current_state": "S0",
        "current_action": "A0",
        "td_delta": -0.456690431329406,
        "q_table": {
            "S0": {
                "A0": 20.05196501422869,
                "A1": 18.140763699714686
            },
            "S1": {
                "A0": 18.329737644685082,
                "A1": 19.775664799116125
            }
        }
    },
    {
        "episode": 117,
        "current_state": "S0",
        "current_action": "A0",
        "td_delta": 1.61869035745854,
        "q_table": {
            "S0": {
                "A0": 20.141025851473994,
                "A1": 18.140763699714686
            },
            "S1": {
                "A0": 18.329737644685082,
                "A1": 20.40385501549278
            }
        }
    },
    {
        "episode": 118,
        "current_state": "S0",
        "current_action": "A0",
        "td_delta": 0.3610415691197595,
        "q_table": {
            "S0": {
                "A0": 20.491416090163284,
                "A1": 18.140763699714686
            },
            "S1": {
                "A0": 18.329737644685082,
                "A1": 20.330276475232438
            }
        }
    },
    {
        "episode": 119,
        "current_state": "S0",
        "current_action": "A0",
        "td_delta": -0.17611069597432305,
        "q_table": {
            "S0": {
                "A0": 20.244439052024653,
                "A1": 18.140763699714686
            },
            "S1": {
                "A0": 18.329737644685082,
                "A1": 20.040418621857427
            }
        }
    },
    {
        "episode": 120,
        "current_state": "S1",
        "current_action": "A1",
        "td_delta": -0.7276089436123563,
        "q_table": {
            "S0": {
                "A0": 19.57383760569767,
                "A1": 18.140763699714686
            },
            "S1": {
                "A0": 18.329737644685082,
                "A1": 20.007991776428852
            }
        }
    },
    {
        "episode": 121,
        "current_state": "S0",
        "current_action": "A0",
        "td_delta": -1.0885002254669054,
        "q_table": {
            "S0": {
                "A0": 20.11754787424942,
                "A1": 18.140763699714686
            },
            "S1": {
                "A0": 18.329737644685082,
                "A1": 20.306489130367094
            }
        }
    },
    {
        "episode": 122,
        "current_state": "S0",
        "current_action": "A0",
        "td_delta": 1.1176419954833534,
        "q_table": {
            "S0": {
                "A0": 19.708145441523147,
                "A1": 18.140763699714686
            },
            "S1": {
                "A0": 18.329737644685082,
                "A1": 19.743848633059574
            }
        }
    },
    {
        "episode": 123,
        "current_state": "S1",
        "current_action": "A1",
        "td_delta": 1.2054609576704465,
        "q_table": {
            "S0": {
                "A0": 20.611010190414,
                "A1": 18.140763699714686
            },
            "S1": {
                "A0": 18.329737644685082,
                "A1": 20.748997817131258
            }
        }
    },
    {
        "episode": 124,
        "current_state": "S0",
        "current_action": "A0",
        "td_delta": 1.348682953894624,
        "q_table": {
            "S0": {
                "A0": 20.266132817742278,
                "A1": 18.140763699714686
            },
            "S1": {
                "A0": 18.329737644685082,
                "A1": 20.070095639304927
            }
        }
    },
    {
        "episode": 125,
        "current_state": "S1",
        "current_action": "A1",
        "td_delta": 1.397202297419902,
        "q_table": {
            "S0": {
                "A0": 19.361103858269725,
                "A1": 18.140763699714686
            },
            "S1": {
                "A0": 18.329737644685082,
                "A1": 19.89912999443589
            }
        }
    },
    {
        "episode": 126,
        "current_state": "S1",
        "current_action": "A1",
        "td_delta": 0.1983898901852008,
        "q_table": {
            "S0": {
                "A0": 19.697956935998302,
                "A1": 18.140763699714686
            },
            "S1": {
                "A0": 18.329737644685082,
                "A1": 19.35012764361695
            }
        }
    },
    {
        "episode": 127,
        "current_state": "S0",
        "current_action": "A0",
        "td_delta": 0.423919484125328,
        "q_table": {
            "S0": {
                "A0": 19.99597342640899,
                "A1": 18.140763699714686
            },
            "S1": {
                "A0": 18.329737644685082,
                "A1": 19.914783971347454
            }
        }
    },
    {
        "episode": 128,
        "current_state": "S1",
        "current_action": "A1",
        "td_delta": 0.3660277866227801,
        "q_table": {
            "S0": {
                "A0": 19.4572322555299,
                "A1": 18.140763699714686
            },
            "S1": {
                "A0": 18.329737644685082,
                "A1": 19.57957880009329
            }
        }
    },
    {
        "episode": 129,
        "current_state": "S0",
        "current_action": "A0",
        "td_delta": 0.47426255048656074,
        "q_table": {
            "S0": {
                "A0": 20.24203051976159,
                "A1": 18.140763699714686
            },
            "S1": {
                "A0": 18.329737644685082,
                "A1": 20.200629074935453
            }
        }
    },
    {
        "episode": 130,
        "current_state": "S1",
        "current_action": "A1",
        "td_delta": -0.96746443167957,
        "q_table": {
            "S0": {
                "A0": 19.94098962977341,
                "A1": 18.140763699714686
            },
            "S1": {
                "A0": 18.329737644685082,
                "A1": 19.93588600370002
            }
        }
    },
    {
        "episode": 131,
        "current_state": "S1",
        "current_action": "A1",
        "td_delta": -0.8890631225791665,
        "q_table": {
            "S0": {
                "A0": 19.86622612895856,
                "A1": 18.140763699714686
            },
            "S1": {
                "A0": 18.329737644685082,
                "A1": 19.558983843434515
            }
        }
    },
    {
        "episode": 132,
        "current_state": "S1",
        "current_action": "A1",
        "td_delta": 0.6050352169059146,
        "q_table": {
            "S0": {
                "A0": 19.11005304571698,
                "A1": 18.140763699714686
            },
            "S1": {
                "A0": 18.329737644685082,
                "A1": 20.04438590099581
            }
        }
    },
    {
        "episode": 133,
        "current_state": "S1",
        "current_action": "A1",
        "td_delta": -0.9421512478920206,
        "q_table": {
            "S0": {
                "A0": 19.497097150141606,
                "A1": 18.140763699714686
            },
            "S1": {
                "A0": 18.329737644685082,
                "A1": 19.20725506687688
            }
        }
    },
    {
        "episode": 134,
        "current_state": "S1",
        "current_action": "A1",
        "td_delta": 1.3420046352974708,
        "q_table": {
            "S0": {
                "A0": 18.847191325278818,
                "A1": 18.140763699714686
            },
            "S1": {
                "A0": 18.329737644685082,
                "A1": 19.276234041146804
            }
        }
    },
    {
        "episode": 135,
        "current_state": "S1",
        "current_action": "A1",
        "td_delta": 0.05410601492133793,
        "q_table": {
            "S0": {
                "A0": 19.121024007730178,
                "A1": 18.140763699714686
            },
            "S1": {
                "A0": 18.329737644685082,
                "A1": 19.226473441828183
            }
        }
    },
    {
        "episode": 136,
        "current_state": "S1",
        "current_action": "A1",
        "td_delta": -0.8732477272069801,
        "q_table": {
            "S0": {
                "A0": 19.624876592354333,
                "A1": 18.140763699714686
            },
            "S1": {
                "A0": 18.329737644685082,
                "A1": 19.161813027463936
            }
        }
    },
    {
        "episode": 137,
        "current_state": "S0",
        "current_action": "A0",
        "td_delta": -2.2732734610501915,
        "q_table": {
            "S0": {
                "A0": 19.579013249949426,
                "A1": 18.140763699714686
            },
            "S1": {
                "A0": 18.329737644685082,
                "A1": 19.662072628450332
            }
        }
    },
    {
        "episode": 138,
        "current_state": "S0",
        "current_action": "A0",
        "td_delta": 1.0138900964961586,
        "q_table": {
            "S0": {
                "A0": 19.15703245618665,
                "A1": 18.140763699714686
            },
            "S1": {
                "A0": 18.329737644685082,
                "A1": 19.2068838645391
            }
        }
    },
    {
        "episode": 139,
        "current_state": "S1",
        "current_action": "A1",
        "td_delta": -0.8613163007787534,
        "q_table": {
            "S0": {
                "A0": 20.028916827058353,
                "A1": 18.140763699714686
            },
            "S1": {
                "A0": 18.329737644685082,
                "A1": 19.220447772253618
            }
        }
    },
    {
        "episode": 140,
        "current_state": "S1",
        "current_action": "A1",
        "td_delta": 1.6367717695135546,
        "q_table": {
            "S0": {
                "A0": 19.996772323499975,
                "A1": 18.140763699714686
            },
            "S1": {
                "A0": 18.329737644685082,
                "A1": 19.93771895714842
            }
        }
    },
    {
        "episode": 141,
        "current_state": "S1",
        "current_action": "A1",
        "td_delta": 0.375763965519365,
        "q_table": {
            "S0": {
                "A0": 19.935668353526015,
                "A1": 18.140763699714686
            },
            "S1": {
                "A0": 18.329737644685082,
                "A1": 20.050151648205677
            }
        }
    },
    {
        "episode": 142,
        "current_state": "S1",
        "current_action": "A1",
        "td_delta": -0.7896804592147539,
        "q_table": {
            "S0": {
                "A0": 19.64814582694641,
                "A1": 18.140763699714686
            },
            "S1": {
                "A0": 18.329737644685082,
                "A1": 19.24657559463872
            }
        }
    },
    {
        "episode": 143,
        "current_state": "S1",
        "current_action": "A1",
        "td_delta": -0.8460878403285683,
        "q_table": {
            "S0": {
                "A0": 19.79776398614265,
                "A1": 18.140763699714686
            },
            "S1": {
                "A0": 18.329737644685082,
                "A1": 19.728742943671637
            }
        }
    },
    {
        "episode": 144,
        "current_state": "S0",
        "current_action": "A0",
        "td_delta": -0.7414905056507592,
        "q_table": {
            "S0": {
                "A0": 20.321733505870938,
                "A1": 18.140763699714686
            },
            "S1": {
                "A0": 18.329737644685082,
                "A1": 19.96079214732109
            }
        }
    },
    {
        "episode": 145,
        "current_state": "S1",
        "current_action": "A1",
        "td_delta": 0.6549067460271516,
        "q_table": {
            "S0": {
                "A0": 20.063486892607667,
                "A1": 18.140763699714686
            },
            "S1": {
                "A0": 18.329737644685082,
                "A1": 20.403465658487125
            }
        }
    },
    {
        "episode": 146,
        "current_state": "S1",
        "current_action": "A1",
        "td_delta": 0.9084852583634557,
        "q_table": {
            "S0": {
                "A0": 19.95120980660457,
                "A1": 18.140763699714686
            },
            "S1": {
                "A0": 18.329737644685082,
                "A1": 20.33428701410532
            }
        }
    },
    {
        "episode": 147,
        "current_state": "S1",
        "current_action": "A1",
        "td_delta": 1.417165663093769,
        "q_table": {
            "S0": {
                "A0": 19.359602031742853,
                "A1": 18.140763699714686
            },
            "S1": {
                "A0": 18.329737644685082,
                "A1": 19.384539880528756
            }
        }
    },
    {
        "episode": 148,
        "current_state": "S1",
        "current_action": "A1",
        "td_delta": -0.14736058708075817,
        "q_table": {
            "S0": {
                "A0": 20.239643493655162,
                "A1": 18.140763699714686
            },
            "S1": {
                "A0": 18.329737644685082,
                "A1": 19.919917068643137
            }
        }
    },
    {
        "episode": 149,
        "current_state": "S0",
        "current_action": "A0",
        "td_delta": -0.24137802635688033,
        "q_table": {
            "S0": {
                "A0": 20.487232469887598,
                "A1": 18.140763699714686
            },
            "S1": {
                "A0": 18.329737644685082,
                "A1": 20.66225046964283
            }
        }
    },
    {
        "episode": 150,
        "current_state": "S1",
        "current_action": "A1",
        "td_delta": 1.5167009382266343,
        "q_table": {
            "S0": {
                "A0": 19.775100426798023,
                "A1": 18.140763699714686
            },
            "S1": {
                "A0": 18.329737644685082,
                "A1": 19.78481721177283
            }
        }
    },
    {
        "episode": 151,
        "current_state": "S1",
        "current_action": "A1",
        "td_delta": -1.714888962576417,
        "q_table": {
            "S0": {
                "A0": 19.77143205272374,
                "A1": 18.140763699714686
            },
            "S1": {
                "A0": 18.329737644685082,
                "A1": 19.820960086242035
            }
        }
    },
    {
        "episode": 152,
        "current_state": "S1",
        "current_action": "A1",
        "td_delta": 0.9917737494673027,
        "q_table": {
            "S0": {
                "A0": 19.93706816275106,
                "A1": 18.140763699714686
            },
            "S1": {
                "A0": 18.329737644685082,
                "A1": 20.311124419029824
            }
        }
    },
    {
        "episode": 153,
        "current_state": "S0",
        "current_action": "A0",
        "td_delta": -0.4109564480176111,
        "q_table": {
            "S0": {
                "A0": 19.95184346884113,
                "A1": 18.140763699714686
            },
            "S1": {
                "A0": 18.329737644685082,
                "A1": 20.04959986968935
            }
        }
    },
    {
        "episode": 154,
        "current_state": "S0",
        "current_action": "A0",
        "td_delta": 0.020843667202985472,
        "q_table": {
            "S0": {
                "A0": 20.40632093622669,
                "A1": 18.140763699714686
            },
            "S1": {
                "A0": 18.329737644685082,
                "A1": 20.74481828116685
            }
        }
    },
    {
        "episode": 155,
        "current_state": "S0",
        "current_action": "A0",
        "td_delta": 0.231436126093854,
        "q_table": {
            "S0": {
                "A0": 20.18226381245444,
                "A1": 18.140763699714686
            },
            "S1": {
                "A0": 18.329737644685082,
                "A1": 20.49501740698783
            }
        }
    },
    {
        "episode": 156,
        "current_state": "S0",
        "current_action": "A0",
        "td_delta": 0.3063717331347995,
        "q_table": {
            "S0": {
                "A0": 20.546177141575036,
                "A1": 18.140763699714686
            },
            "S1": {
                "A0": 18.329737644685082,
                "A1": 20.19942341808746
            }
        }
    },
    {
        "episode": 157,
        "current_state": "S0",
        "current_action": "A0",
        "td_delta": 0.5535532991069907,
        "q_table": {
            "S0": {
                "A0": 19.90702151821004,
                "A1": 18.140763699714686
            },
            "S1": {
                "A0": 18.329737644685082,
                "A1": 19.737774818668427
            }
        }
    },
    {
        "episode": 158,
        "current_state": "S1",
        "current_action": "A1",
        "td_delta": -1.0458803442180162,
        "q_table": {
            "S0": {
                "A0": 19.5183540917434,
                "A1": 18.140763699714686
            },
            "S1": {
                "A0": 18.329737644685082,
                "A1": 19.150880456800593
            }
        }
    },
    {
        "episode": 159,
        "current_state": "S1",
        "current_action": "A1",
        "td_delta": -1.8553646430886666,
        "q_table": {
            "S0": {
                "A0": 19.341456728553542,
                "A1": 18.140763699714686
            },
            "S1": {
                "A0": 18.329737644685082,
                "A1": 19.21561707253881
            }
        }
    },
    {
        "episode": 160,
        "current_state": "S1",
        "current_action": "A1",
        "td_delta": 0.5567759577544464,
        "q_table": {
            "S0": {
                "A0": 19.43321354633529,
                "A1": 18.140763699714686
            },
            "S1": {
                "A0": 18.329737644685082,
                "A1": 19.184420600067593
            }
        }
    },
    {
        "episode": 161,
        "current_state": "S1",
        "current_action": "A1",
        "td_delta": -0.5475912243320806,
        "q_table": {
            "S0": {
                "A0": 19.87641943605262,
                "A1": 18.140763699714686
            },
            "S1": {
                "A0": 18.329737644685082,
                "A1": 19.855292984729136
            }
        }
    },
    {
        "episode": 162,
        "current_state": "S0",
        "current_action": "A0",
        "td_delta": 0.40406056438425253,
        "q_table": {
            "S0": {
                "A0": 19.81386680871559,
                "A1": 18.140763699714686
            },
            "S1": {
                "A0": 18.329737644685082,
                "A1": 19.805102679840942
            }
        }
    },
    {
        "episode": 163,
        "current_state": "S1",
        "current_action": "A1",
        "td_delta": -1.3237766104894888,
        "q_table": {
            "S0": {
                "A0": 20.448117777247898,
                "A1": 18.140763699714686
            },
            "S1": {
                "A0": 18.329737644685082,
                "A1": 20.126790808536416
            }
        }
    },
    {
        "episode": 164,
        "current_state": "S1",
        "current_action": "A1",
        "td_delta": -1.2231291358498346,
        "q_table": {
            "S0": {
                "A0": 20.33453758602,
                "A1": 18.140763699714686
            },
            "S1": {
                "A0": 18.329737644685082,
                "A1": 20.623378509434932
            }
        }
    },
    {
        "episode": 165,
        "current_state": "S0",
        "current_action": "A0",
        "td_delta": -0.2542500630618356,
        "q_table": {
            "S0": {
                "A0": 19.961842353695552,
                "A1": 18.140763699714686
            },
            "S1": {
                "A0": 18.329737644685082,
                "A1": 19.997533492527367
            }
        }
    },
    {
        "episode": 166,
        "current_state": "S1",
        "current_action": "A1",
        "td_delta": 0.385011016936911,
        "q_table": {
            "S0": {
                "A0": 20.67307812796095,
                "A1": 18.140763699714686
            },
            "S1": {
                "A0": 18.329737644685082,
                "A1": 20.663185025356093
            }
        }
    },
    {
        "episode": 167,
        "current_state": "S0",
        "current_action": "A0",
        "td_delta": -0.46835967138539303,
        "q_table": {
            "S0": {
                "A0": 20.96752822438269,
                "A1": 18.140763699714686
            },
            "S1": {
                "A0": 18.329737644685082,
                "A1": 20.663644524225134
            }
        }
    },
    {
        "episode": 168,
        "current_state": "S0",
        "current_action": "A0",
        "td_delta": -0.2528145844829126,
        "q_table": {
            "S0": {
                "A0": 20.169350484024882,
                "A1": 18.140763699714686
            },
            "S1": {
                "A0": 18.329737644685082,
                "A1": 20.28337585291953
            }
        }
    },
    {
        "episode": 169,
        "current_state": "S0",
        "current_action": "A0",
        "td_delta": 0.8990085743338021,
        "q_table": {
            "S0": {
                "A0": 20.156322485878583,
                "A1": 18.140763699714686
            },
            "S1": {
                "A0": 18.329737644685082,
                "A1": 19.839672139026263
            }
        }
    },
    {
        "episode": 170,
        "current_state": "S1",
        "current_action": "A1",
        "td_delta": -1.042173506295736,
        "q_table": {
            "S0": {
                "A0": 19.463340318168555,
                "A1": 18.140763699714686
            },
            "S1": {
                "A0": 18.329737644685082,
                "A1": 19.382508134965413
            }
        }
    },
    {
        "episode": 171,
        "current_state": "S0",
        "current_action": "A0",
        "td_delta": 0.7632742613106558,
        "q_table": {
            "S0": {
                "A0": 20.24234246107026,
                "A1": 18.140763699714686
            },
            "S1": {
                "A0": 18.329737644685082,
                "A1": 20.043579184333417
            }
        }
    },
    {
        "episode": 172,
        "current_state": "S1",
        "current_action": "A1",
        "td_delta": -0.6665557885615492,
        "q_table": {
            "S0": {
                "A0": 19.23998432427861,
                "A1": 18.140763699714686
            },
            "S1": {
                "A0": 18.329737644685082,
                "A1": 19.19757718087819
            }
        }
    },
    {
        "episode": 173,
        "current_state": "S0",
        "current_action": "A0",
        "td_delta": -0.751894199865724,
        "q_table": {
            "S0": {
                "A0": 19.22222585134119,
                "A1": 18.140763699714686
            },
            "S1": {
                "A0": 18.329737644685082,
                "A1": 19.027629084590888
            }
        }
    },
    {
        "episode": 174,
        "current_state": "S1",
        "current_action": "A1",
        "td_delta": 0.1520517564635533,
        "q_table": {
            "S0": {
                "A0": 18.91007608828976,
                "A1": 18.140763699714686
            },
            "S1": {
                "A0": 18.329737644685082,
                "A1": 18.67874847447143
            }
        }
    },
    {
        "episode": 175,
        "current_state": "S0",
        "current_action": "A0",
        "td_delta": 0.8757339200592078,
        "q_table": {
            "S0": {
                "A0": 19.821854706672084,
                "A1": 18.140763699714686
            },
            "S1": {
                "A0": 18.329737644685082,
                "A1": 19.77443703489912
            }
        }
    },
    {
        "episode": 176,
        "current_state": "S0",
        "current_action": "A0",
        "td_delta": -0.24258141620164508,
        "q_table": {
            "S0": {
                "A0": 19.5115593741572,
                "A1": 18.140763699714686
            },
            "S1": {
                "A0": 18.329737644685082,
                "A1": 19.489144450116424
            }
        }
    },
    {
        "episode": 177,
        "current_state": "S1",
        "current_action": "A1",
        "td_delta": -2.6216942242983343,
        "q_table": {
            "S0": {
                "A0": 19.90185672564081,
                "A1": 18.140763699714686
            },
            "S1": {
                "A0": 18.329737644685082,
                "A1": 19.811013982677466
            }
        }
    },
    {
        "episode": 178,
        "current_state": "S1",
        "current_action": "A1",
        "td_delta": 1.492684568774827,
        "q_table": {
            "S0": {
                "A0": 19.60470326373489,
                "A1": 18.140763699714686
            },
            "S1": {
                "A0": 18.329737644685082,
                "A1": 19.442968382085592
            }
        }
    },
    {
        "episode": 179,
        "current_state": "S0",
        "current_action": "A0",
        "td_delta": -0.13169718412270015,
        "q_table": {
            "S0": {
                "A0": 19.33230389643424,
                "A1": 18.140763699714686
            },
            "S1": {
                "A0": 18.329737644685082,
                "A1": 19.283306913112114
            }
        }
    },
    {
        "episode": 180,
        "current_state": "S0",
        "current_action": "A0",
        "td_delta": -0.062231347206701315,
        "q_table": {
            "S0": {
                "A0": 20.044292840859544,
                "A1": 18.140763699714686
            },
            "S1": {
                "A0": 18.329737644685082,
                "A1": 19.681091316953356
            }
        }
    },
    {
        "episode": 181,
        "current_state": "S0",
        "current_action": "A0",
        "td_delta": -0.41570488943155226,
        "q_table": {
            "S0": {
                "A0": 20.031556456324925,
                "A1": 18.140763699714686
            },
            "S1": {
                "A0": 18.329737644685082,
                "A1": 19.864179500592726
            }
        }
    },
    {
        "episode": 182,
        "current_state": "S1",
        "current_action": "A1",
        "td_delta": 0.619604351562522,
        "q_table": {
            "S0": {
                "A0": 20.684792902066548,
                "A1": 18.140763699714686
            },
            "S1": {
                "A0": 18.329737644685082,
                "A1": 20.34048444138615
            }
        }
    },
    {
        "episode": 183,
        "current_state": "S0",
        "current_action": "A0",
        "td_delta": -0.3004212336776497,
        "q_table": {
            "S0": {
                "A0": 20.20964234888244,
                "A1": 18.140763699714686
            },
            "S1": {
                "A0": 18.329737644685082,
                "A1": 20.449783635909085
            }
        }
    },
    {
        "episode": 184,
        "current_state": "S0",
        "current_action": "A0",
        "td_delta": 1.196588002460551,
        "q_table": {
            "S0": {
                "A0": 19.95774337932612,
                "A1": 18.140763699714686
            },
            "S1": {
                "A0": 18.329737644685082,
                "A1": 19.84797303327144
            }
        }
    },
    {
        "episode": 185,
        "current_state": "S0",
        "current_action": "A0",
        "td_delta": 2.4259852400766313,
        "q_table": {
            "S0": {
                "A0": 19.739919677139007,
                "A1": 18.140763699714686
            },
            "S1": {
                "A0": 18.329737644685082,
                "A1": 19.68396408613921
            }
        }
    },
    {
        "episode": 186,
        "current_state": "S1",
        "current_action": "A1",
        "td_delta": 1.6245071472988215,
        "q_table": {
            "S0": {
                "A0": 19.81990028873818,
                "A1": 18.140763699714686
            },
            "S1": {
                "A0": 18.329737644685082,
                "A1": 19.657981927873305
            }
        }
    },
    {
        "episode": 187,
        "current_state": "S0",
        "current_action": "A0",
        "td_delta": 0.07582460824920645,
        "q_table": {
            "S0": {
                "A0": 19.59608215215545,
                "A1": 18.140763699714686
            },
            "S1": {
                "A0": 18.329737644685082,
                "A1": 20.268312325211507
            }
        }
    },
    {
        "episode": 188,
        "current_state": "S0",
        "current_action": "A0",
        "td_delta": 0.6018622655082666,
        "q_table": {
            "S0": {
                "A0": 20.56100423733477,
                "A1": 18.140763699714686
            },
            "S1": {
                "A0": 18.329737644685082,
                "A1": 20.550256171181097
            }
        }
    },
    {
        "episode": 189,
        "current_state": "S0",
        "current_action": "A0",
        "td_delta": 0.573641470473575,
        "q_table": {
            "S0": {
                "A0": 20.717814114744414,
                "A1": 18.140763699714686
            },
            "S1": {
                "A0": 18.329737644685082,
                "A1": 20.42892825611688
            }
        }
    },
    {
        "episode": 190,
        "current_state": "S0",
        "current_action": "A0",
        "td_delta": -1.9618491654223824,
        "q_table": {
            "S0": {
                "A0": 20.275222416790683,
                "A1": 18.140763699714686
            },
            "S1": {
                "A0": 18.329737644685082,
                "A1": 20.899723650943965
            }
        }
    },
    {
        "episode": 191,
        "current_state": "S0",
        "current_action": "A0",
        "td_delta": -1.106952410591397,
        "q_table": {
            "S0": {
                "A0": 19.986764875367403,
                "A1": 18.140763699714686
            },
            "S1": {
                "A0": 18.329737644685082,
                "A1": 20.22504117859925
            }
        }
    },
    {
        "episode": 192,
        "current_state": "S0",
        "current_action": "A0",
        "td_delta": -1.0495912927298399,
        "q_table": {
            "S0": {
                "A0": 19.970703932107376,
                "A1": 18.140763699714686
            },
            "S1": {
                "A0": 18.329737644685082,
                "A1": 20.298592225401066
            }
        }
    },
    {
        "episode": 193,
        "current_state": "S0",
        "current_action": "A0",
        "td_delta": 0.3018962226284927,
        "q_table": {
            "S0": {
                "A0": 20.43600390714289,
                "A1": 18.140763699714686
            },
            "S1": {
                "A0": 18.329737644685082,
                "A1": 20.0444838279884
            }
        }
    },
    {
        "episode": 194,
        "current_state": "S0",
        "current_action": "A0",
        "td_delta": -0.839271684161357,
        "q_table": {
            "S0": {
                "A0": 19.8233312055587,
                "A1": 18.140763699714686
            },
            "S1": {
                "A0": 18.329737644685082,
                "A1": 19.804866746944185
            }
        }
    },
    {
        "episode": 195,
        "current_state": "S1",
        "current_action": "A1",
        "td_delta": 0.3674168303289349,
        "q_table": {
            "S0": {
                "A0": 19.70563921302057,
                "A1": 18.140763699714686
            },
            "S1": {
                "A0": 18.329737644685082,
                "A1": 19.885121459475727
            }
        }
    },
    {
        "episode": 196,
        "current_state": "S1",
        "current_action": "A1",
        "td_delta": 0.4606970856860393,
        "q_table": {
            "S0": {
                "A0": 20.291950921798115,
                "A1": 18.140763699714686
            },
            "S1": {
                "A0": 18.329737644685082,
                "A1": 19.737423986007187
            }
        }
    },
    {
        "episode": 197,
        "current_state": "S0",
        "current_action": "A0",
        "td_delta": 1.6773708750624863,
        "q_table": {
            "S0": {
                "A0": 20.059588417715304,
                "A1": 18.140763699714686
            },
            "S1": {
                "A0": 18.329737644685082,
                "A1": 20.055979064600066
            }
        }
    },
    {
        "episode": 198,
        "current_state": "S1",
        "current_action": "A1",
        "td_delta": -0.9949671589002804,
        "q_table": {
            "S0": {
                "A0": 19.56424856608793,
                "A1": 18.140763699714686
            },
            "S1": {
                "A0": 18.329737644685082,
                "A1": 19.436088346350857
            }
        }
    },
    {
        "episode": 199,
        "current_state": "S1",
        "current_action": "A1",
        "td_delta": -2.294716490868609,
        "q_table": {
            "S0": {
                "A0": 19.257021593422266,
                "A1": 18.140763699714686
            },
            "S1": {
                "A0": 18.329737644685082,
                "A1": 19.398390012723556
            }
        }
    }
]