[
    {
        "episode": 0,
        "current_state": "S0",
        "current_action": "A1",
        "td_delta": 1.108132750300613,
        "q_table": {
            "S0": {
                "A0": 5.350377340840525,
                "A1": 3.9147368988255122
            },
            "S1": {
                "A0": 3.078134127979867,
                "A1": 5.500942117555215
            }
        }
    },
    {
        "episode": 1,
        "current_state": "S1",
        "current_action": "A1",
        "td_delta": 3.3096557385296013,
        "q_table": {
            "S0": {
                "A0": 9.421915942825647,
                "A1": 7.912294404246865
            },
            "S1": {
                "A0": 7.18354474440059,
                "A1": 9.532184040479859
            }
        }
    },
    {
        "episode": 2,
        "current_state": "S1",
        "current_action": "A1",
        "td_delta": -0.2456373610230198,
        "q_table": {
            "S0": {
                "A0": 12.725671200828732,
                "A1": 10.797909177012151
            },
            "S1": {
                "A0": 10.457729925667776,
                "A1": 12.480003792075587
            }
        }
    },
    {
        "episode": 3,
        "current_state": "S0",
        "current_action": "A1",
        "td_delta": 0.6211648495686006,
        "q_table": {
            "S0": {
                "A0": 15.082394232908168,
                "A1": 13.627942622188561
            },
            "S1": {
                "A0": 12.497946016219501,
                "A1": 15.67964148370604
            }
        }
    },
    {
        "episode": 4,
        "current_state": "S0",
        "current_action": "A0",
        "td_delta": -0.48387022833670557,
        "q_table": {
            "S0": {
                "A0": 16.561842726890315,
                "A1": 15.090482947146963
            },
            "S1": {
                "A0": 15.333831190185544,
                "A1": 16.511377014767433
            }
        }
    },
    {
        "episode": 5,
        "current_state": "S0",
        "current_action": "A0",
        "td_delta": -1.1918439108090624,
        "q_table": {
            "S0": {
                "A0": 17.519565641678287,
                "A1": 15.858281038890132
            },
            "S1": {
                "A0": 16.034413951310214,
                "A1": 17.641740302434844
            }
        }
    },
    {
        "episode": 6,
        "current_state": "S1",
        "current_action": "A0",
        "td_delta": 1.4745914977831127,
        "q_table": {
            "S0": {
                "A0": 17.921453593143617,
                "A1": 16.72025519540293
            },
            "S1": {
                "A0": 17.173745177484165,
                "A1": 18.03646004884598
            }
        }
    },
    {
        "episode": 7,
        "current_state": "S1",
        "current_action": "A1",
        "td_delta": 0.1898171862753948,
        "q_table": {
            "S0": {
                "A0": 18.44988397410448,
                "A1": 17.281247181878914
            },
            "S1": {
                "A0": 17.36179667069086,
                "A1": 18.547605980916213
            }
        }
    },
    {
        "episode": 8,
        "current_state": "S1",
        "current_action": "A0",
        "td_delta": 0.06408705705392492,
        "q_table": {
            "S0": {
                "A0": 19.146200234552307,
                "A1": 18.04247598586454
            },
            "S1": {
                "A0": 17.75696231497634,
                "A1": 19.42966358308837
            }
        }
    },
    {
        "episode": 9,
        "current_state": "S0",
        "current_action": "A0",
        "td_delta": -0.010553489920656745,
        "q_table": {
            "S0": {
                "A0": 19.527102360602374,
                "A1": 18.25672375715508
            },
            "S1": {
                "A0": 17.761741813872405,
                "A1": 19.569596342745335
            }
        }
    },
    {
        "episode": 10,
        "current_state": "S0",
        "current_action": "A0",
        "td_delta": 0.276745765096873,
        "q_table": {
            "S0": {
                "A0": 20.45638025818331,
                "A1": 18.25672375715508
            },
            "S1": {
                "A0": 17.761741813872405,
                "A1": 19.892593686297225
            }
        }
    },
    {
        "episode": 11,
        "current_state": "S0",
        "current_action": "A0",
        "td_delta": 0.7961003149066102,
        "q_table": {
            "S0": {
                "A0": 20.93094497995033,
                "A1": 18.25672375715508
            },
            "S1": {
                "A0": 17.761741813872405,
                "A1": 20.380030596688833
            }
        }
    },
    {
        "episode": 12,
        "current_state": "S1",
        "current_action": "A1",
        "td_delta": -0.6797957850647087,
        "q_table": {
            "S0": {
                "A0": 20.53328601041377,
                "A1": 18.25672375715508
            },
            "S1": {
                "A0": 17.761741813872405,
                "A1": 20.536148585189146
            }
        }
    },
    {
        "episode": 13,
        "current_state": "S0",
        "current_action": "A0",
        "td_delta": 0.515814415932514,
        "q_table": {
            "S0": {
                "A0": 21.135678425865102,
                "A1": 18.25672375715508
            },
            "S1": {
                "A0": 17.761741813872405,
                "A1": 21.09181611130888
            }
        }
    },
    {
        "episode": 14,
        "current_state": "S0",
        "current_action": "A0",
        "td_delta": -0.533960675249034,
        "q_table": {
            "S0": {
                "A0": 20.023297385805744,
                "A1": 18.25672375715508
            },
            "S1": {
                "A0": 17.761741813872405,
                "A1": 19.659418876886885
            }
        }
    },
    {
        "episode": 15,
        "current_state": "S1",
        "current_action": "A1",
        "td_delta": 2.1624413372049354,
        "q_table": {
            "S0": {
                "A0": 20.04173928703826,
                "A1": 18.25672375715508
            },
            "S1": {
                "A0": 17.761741813872405,
                "A1": 20.099022828349526
            }
        }
    },
    {
        "episode": 16,
        "current_state": "S0",
        "current_action": "A0",
        "td_delta": -0.41558692381763507,
        "q_table": {
            "S0": {
                "A0": 19.814830952009423,
                "A1": 18.25672375715508
            },
            "S1": {
                "A0": 17.761741813872405,
                "A1": 19.92258720909472
            }
        }
    },
    {
        "episode": 17,
        "current_state": "S0",
        "current_action": "A0",
        "td_delta": -0.5317019577797488,
        "q_table": {
            "S0": {
                "A0": 20.20727758749605,
                "A1": 18.25672375715508
            },
            "S1": {
                "A0": 17.761741813872405,
                "A1": 20.108223280507108
            }
        }
    },
    {
        "episode": 18,
        "current_state": "S0",
        "current_action": "A0",
        "td_delta": 1.8129697226362502,
        "q_table": {
            "S0": {
                "A0": 19.833464719030015,
                "A1": 18.25672375715508
            },
            "S1": {
                "A0": 17.761741813872405,
                "A1": 19.739920531559083
            }
        }
    },
    {
        "episode": 19,
        "current_state": "S0",
        "current_action": "A0",
        "td_delta": -0.4408131774972972,
        "q_table": {
            "S0": {
                "A0": 19.59946542171887,
                "A1": 18.25672375715508
            },
            "S1": {
                "A0": 17.761741813872405,
                "A1": 19.582074459546682
            }
        }
    },
    {
        "episode": 20,
        "current_state": "S1",
        "current_action": "A1",
        "td_delta": -0.40901272522572896,
        "q_table": {
            "S0": {
                "A0": 19.561510094195913,
                "A1": 18.25672375715508
            },
            "S1": {
                "A0": 17.761741813872405,
                "A1": 19.974937462060876
            }
        }
    },
    {
        "episode": 21,
        "current_state": "S0",
        "current_action": "A0",
        "td_delta": 0.3898105723759322,
        "q_table": {
            "S0": {
                "A0": 19.944511419854116,
                "A1": 18.25672375715508
            },
            "S1": {
                "A0": 17.761741813872405,
                "A1": 19.82744611315547
            }
        }
    },
    {
        "episode": 22,
        "current_state": "S1",
        "current_action": "A1",
        "td_delta": -0.12541176312835134,
        "q_table": {
            "S0": {
                "A0": 19.90971134728683,
                "A1": 18.25672375715508
            },
            "S1": {
                "A0": 17.761741813872405,
                "A1": 20.124824950488325
            }
        }
    },
    {
        "episode": 23,
        "current_state": "S1",
        "current_action": "A1",
        "td_delta": 1.5449078108960528,
        "q_table": {
            "S0": {
                "A0": 19.408600223551467,
                "A1": 18.25672375715508
            },
            "S1": {
                "A0": 17.761741813872405,
                "A1": 19.293604845917027
            }
        }
    },
    {
        "episode": 24,
        "current_state": "S0",
        "current_action": "A0",
        "td_delta": 0.11897799984500779,
        "q_table": {
            "S0": {
                "A0": 19.727073305821484,
                "A1": 18.25672375715508
            },
            "S1": {
                "A0": 17.761741813872405,
                "A1": 19.996391498776212
            }
        }
    },
    {
        "episode": 25,
        "current_state": "S0",
        "current_action": "A0",
        "td_delta": -0.6506183292568508,
        "q_table": {
            "S0": {
                "A0": 20.30140098993961,
                "A1": 18.25672375715508
            },
            "S1": {
                "A0": 17.761741813872405,
                "A1": 20.53185445222813
            }
        }
    },
    {
        "episode": 26,
        "current_state": "S0",
        "current_action": "A0",
        "td_delta": 1.2793948101342707,
        "q_table": {
            "S0": {
                "A0": 21.01390694743837,
                "A1": 18.25672375715508
            },
            "S1": {
                "A0": 17.761741813872405,
                "A1": 21.35434928410639
            }
        }
    },
    {
        "episode": 27,
        "current_state": "S1",
        "current_action": "A1",
        "td_delta": 1.9723846441950208,
        "q_table": {
            "S0": {
                "A0": 21.460617838243586,
                "A1": 18.25672375715508
            },
            "S1": {
                "A0": 17.761741813872405,
                "A1": 21.657756874822972
            }
        }
    },
    {
        "episode": 28,
        "current_state": "S1",
        "current_action": "A1",
        "td_delta": -0.7038019133177116,
        "q_table": {
            "S0": {
                "A0": 21.521258595620655,
                "A1": 18.25672375715508
            },
            "S1": {
                "A0": 17.761741813872405,
                "A1": 21.28170700693408
            }
        }
    },
    {
        "episode": 29,
        "current_state": "S0",
        "current_action": "A0",
        "td_delta": 1.4559292296876443,
        "q_table": {
            "S0": {
                "A0": 20.55689669038998,
                "A1": 18.25672375715508
            },
            "S1": {
                "A0": 17.761741813872405,
                "A1": 20.286534870454872
            }
        }
    },
    {
        "episode": 30,
        "current_state": "S0",
        "current_action": "A0",
        "td_delta": 0.1421715312400984,
        "q_table": {
            "S0": {
                "A0": 20.65278718933113,
                "A1": 18.25672375715508
            },
            "S1": {
                "A0": 17.761741813872405,
                "A1": 20.35018127819447
            }
        }
    },
    {
        "episode": 31,
        "current_state": "S1",
        "current_action": "A1",
        "td_delta": -0.32908712483785507,
        "q_table": {
            "S0": {
                "A0": 21.021627757437916,
                "A1": 18.25672375715508
            },
            "S1": {
                "A0": 17.761741813872405,
                "A1": 20.519101839646975
            }
        }
    },
    {
        "episode": 32,
        "current_state": "S0",
        "current_action": "A0",
        "td_delta": -0.770694792336311,
        "q_table": {
            "S0": {
                "A0": 20.684697191033113,
                "A1": 18.25672375715508
            },
            "S1": {
                "A0": 17.761741813872405,
                "A1": 20.626499901375738
            }
        }
    },
    {
        "episode": 33,
        "current_state": "S0",
        "current_action": "A0",
        "td_delta": -0.21437027652443774,
        "q_table": {
            "S0": {
                "A0": 20.695075279811288,
                "A1": 18.25672375715508
            },
            "S1": {
                "A0": 17.761741813872405,
                "A1": 20.680176354317084
            }
        }
    },
    {
        "episode": 34,
        "current_state": "S0",
        "current_action": "A0",
        "td_delta": -0.09853887902291802,
        "q_table": {
            "S0": {
                "A0": 20.562502831463178,
                "A1": 18.25672375715508
            },
            "S1": {
                "A0": 17.761741813872405,
                "A1": 20.591346363451173
            }
        }
    },
    {
        "episode": 35,
        "current_state": "S0",
        "current_action": "A0",
        "td_delta": 0.469332597731448,
        "q_table": {
            "S0": {
                "A0": 20.66868851589313,
                "A1": 18.25672375715508
            },
            "S1": {
                "A0": 17.761741813872405,
                "A1": 20.874651415269568
            }
        }
    },
    {
        "episode": 36,
        "current_state": "S1",
        "current_action": "A1",
        "td_delta": -0.261822240971334,
        "q_table": {
            "S0": {
                "A0": 20.907468790830436,
                "A1": 18.25672375715508
            },
            "S1": {
                "A0": 17.761741813872405,
                "A1": 20.876719735512893
            }
        }
    },
    {
        "episode": 37,
        "current_state": "S1",
        "current_action": "A1",
        "td_delta": 0.448333217558325,
        "q_table": {
            "S0": {
                "A0": 20.16460807433005,
                "A1": 18.25672375715508
            },
            "S1": {
                "A0": 17.761741813872405,
                "A1": 19.66645256357174
            }
        }
    },
    {
        "episode": 38,
        "current_state": "S0",
        "current_action": "A0",
        "td_delta": 0.3448341116656195,
        "q_table": {
            "S0": {
                "A0": 20.288751814527924,
                "A1": 18.25672375715508
            },
            "S1": {
                "A0": 17.761741813872405,
                "A1": 20.419190342867164
            }
        }
    },
    {
        "episode": 39,
        "current_state": "S1",
        "current_action": "A1",
        "td_delta": -1.350995568305244,
        "q_table": {
            "S0": {
                "A0": 20.4800607957126,
                "A1": 18.25672375715508
            },
            "S1": {
                "A0": 17.761741813872405,
                "A1": 19.964085800668116
            }
        }
    },
    {
        "episode": 40,
        "current_state": "S0",
        "current_action": "A0",
        "td_delta": -0.5681673011177466,
        "q_table": {
            "S0": {
                "A0": 20.01831248686725,
                "A1": 18.25672375715508
            },
            "S1": {
                "A0": 17.761741813872405,
                "A1": 20.171102787098732
            }
        }
    },
    {
        "episode": 41,
        "current_state": "S0",
        "current_action": "A0",
        "td_delta": -1.5419170700741098,
        "q_table": {
            "S0": {
                "A0": 19.53328039909767,
                "A1": 18.25672375715508
            },
            "S1": {
                "A0": 17.761741813872405,
                "A1": 19.752734477262234
            }
        }
    },
    {
        "episode": 42,
        "current_state": "S1",
        "current_action": "A1",
        "td_delta": -0.31697490351306,
        "q_table": {
            "S0": {
                "A0": 20.393078153648894,
                "A1": 18.25672375715508
            },
            "S1": {
                "A0": 17.761741813872405,
                "A1": 20.348627836526685
            }
        }
    },
    {
        "episode": 43,
        "current_state": "S1",
        "current_action": "A1",
        "td_delta": 0.255812682400812,
        "q_table": {
            "S0": {
                "A0": 20.194636413593674,
                "A1": 18.25672375715508
            },
            "S1": {
                "A0": 17.761741813872405,
                "A1": 20.573334768416867
            }
        }
    },
    {
        "episode": 44,
        "current_state": "S0",
        "current_action": "A0",
        "td_delta": -0.6351354992400218,
        "q_table": {
            "S0": {
                "A0": 20.383581508426975,
                "A1": 18.25672375715508
            },
            "S1": {
                "A0": 17.761741813872405,
                "A1": 20.67306888861824
            }
        }
    },
    {
        "episode": 45,
        "current_state": "S0",
        "current_action": "A0",
        "td_delta": 0.3466859102587776,
        "q_table": {
            "S0": {
                "A0": 20.82166608485838,
                "A1": 18.25672375715508
            },
            "S1": {
                "A0": 17.761741813872405,
                "A1": 21.084653759347106
            }
        }
    },
    {
        "episode": 46,
        "current_state": "S1",
        "current_action": "A1",
        "td_delta": 0.4372777527055476,
        "q_table": {
            "S0": {
                "A0": 20.089894977093472,
                "A1": 18.25672375715508
            },
            "S1": {
                "A0": 17.761741813872405,
                "A1": 20.289979317187818
            }
        }
    },
    {
        "episode": 47,
        "current_state": "S0",
        "current_action": "A0",
        "td_delta": 0.2946261899557925,
        "q_table": {
            "S0": {
                "A0": 20.1899375836063,
                "A1": 18.25672375715508
            },
            "S1": {
                "A0": 17.761741813872405,
                "A1": 20.12952405729645
            }
        }
    },
    {
        "episode": 48,
        "current_state": "S1",
        "current_action": "A1",
        "td_delta": -0.23097521786839792,
        "q_table": {
            "S0": {
                "A0": 20.077493052918054,
                "A1": 18.25672375715508
            },
            "S1": {
                "A0": 17.761741813872405,
                "A1": 20.09034275494757
            }
        }
    },
    {
        "episode": 49,
        "current_state": "S1",
        "current_action": "A1",
        "td_delta": -0.17486386607800952,
        "q_table": {
            "S0": {
                "A0": 19.658702981200154,
                "A1": 18.25672375715508
            },
            "S1": {
                "A0": 17.761741813872405,
                "A1": 19.50415665266821
            }
        }
    },
    {
        "episode": 50,
        "current_state": "S0",
        "current_action": "A0",
        "td_delta": 0.41932603911498134,
        "q_table": {
            "S0": {
                "A0": 20.18526195388294,
                "A1": 18.25672375715508
            },
            "S1": {
                "A0": 17.761741813872405,
                "A1": 20.128688823678523
            }
        }
    },
    {
        "episode": 51,
        "current_state": "S1",
        "current_action": "A1",
        "td_delta": 1.7523617742971886,
        "q_table": {
            "S0": {
                "A0": 19.95825704952829,
                "A1": 18.25672375715508
            },
            "S1": {
                "A0": 17.761741813872405,
                "A1": 19.65741491252492
            }
        }
    },
    {
        "episode": 52,
        "current_state": "S0",
        "current_action": "A0",
        "td_delta": 1.5724848749950624,
        "q_table": {
            "S0": {
                "A0": 20.762666498024767,
                "A1": 18.25672375715508
            },
            "S1": {
                "A0": 17.761741813872405,
                "A1": 20.348274721949778
            }
        }
    },
    {
        "episode": 53,
        "current_state": "S0",
        "current_action": "A0",
        "td_delta": 0.1496207389533204,
        "q_table": {
            "S0": {
                "A0": 20.13825830436124,
                "A1": 18.25672375715508
            },
            "S1": {
                "A0": 17.761741813872405,
                "A1": 20.230177798462584
            }
        }
    },
    {
        "episode": 54,
        "current_state": "S0",
        "current_action": "A0",
        "td_delta": -0.10171735714136432,
        "q_table": {
            "S0": {
                "A0": 19.728815601799283,
                "A1": 18.25672375715508
            },
            "S1": {
                "A0": 17.761741813872405,
                "A1": 19.851152600080702
            }
        }
    },
    {
        "episode": 55,
        "current_state": "S1",
        "current_action": "A1",
        "td_delta": -1.4057997534885551,
        "q_table": {
            "S0": {
                "A0": 19.72767368924442,
                "A1": 18.25672375715508
            },
            "S1": {
                "A0": 17.761741813872405,
                "A1": 19.792617166362188
            }
        }
    },
    {
        "episode": 56,
        "current_state": "S1",
        "current_action": "A1",
        "td_delta": -0.29083522881363066,
        "q_table": {
            "S0": {
                "A0": 19.31334961883416,
                "A1": 18.25672375715508
            },
            "S1": {
                "A0": 17.761741813872405,
                "A1": 19.411328362896512
            }
        }
    },
    {
        "episode": 57,
        "current_state": "S1",
        "current_action": "A1",
        "td_delta": -0.10412763421535232,
        "q_table": {
            "S0": {
                "A0": 19.08565462580666,
                "A1": 18.25672375715508
            },
            "S1": {
                "A0": 17.761741813872405,
                "A1": 19.20880616764514
            }
        }
    },
    {
        "episode": 58,
        "current_state": "S0",
        "current_action": "A0",
        "td_delta": 0.3187501257078864,
        "q_table": {
            "S0": {
                "A0": 19.962336346861992,
                "A1": 18.25672375715508
            },
            "S1": {
                "A0": 17.761741813872405,
                "A1": 19.37731841841653
            }
        }
    },
    {
        "episode": 59,
        "current_state": "S0",
        "current_action": "A0",
        "td_delta": -0.929957481975876,
        "q_table": {
            "S0": {
                "A0": 19.88835057669935,
                "A1": 18.25672375715508
            },
            "S1": {
                "A0": 17.761741813872405,
                "A1": 19.82488505655492
            }
        }
    },
    {
        "episode": 60,
        "current_state": "S0",
        "current_action": "A0",
        "td_delta": -2.4142200220267043,
        "q_table": {
            "S0": {
                "A0": 19.89080560020668,
                "A1": 18.25672375715508
            },
            "S1": {
                "A0": 17.761741813872405,
                "A1": 19.92718049576392
            }
        }
    },
    {
        "episode": 61,
        "current_state": "S1",
        "current_action": "A1",
        "td_delta": 1.3273251013752443,
        "q_table": {
            "S0": {
                "A0": 19.70748900814649,
                "A1": 18.25672375715508
            },
            "S1": {
                "A0": 17.761741813872405,
                "A1": 20.092841096690215
            }
        }
    },
    {
        "episode": 62,
        "current_state": "S1",
        "current_action": "A1",
        "td_delta": -0.12051556566420984,
        "q_table": {
            "S0": {
                "A0": 19.671551249890992,
                "A1": 18.25672375715508
            },
            "S1": {
                "A0": 17.761741813872405,
                "A1": 19.661587286550116
            }
        }
    },
    {
        "episode": 63,
        "current_state": "S1",
        "current_action": "A1",
        "td_delta": 0.6388685825934957,
        "q_table": {
            "S0": {
                "A0": 19.24122166912374,
                "A1": 18.25672375715508
            },
            "S1": {
                "A0": 17.761741813872405,
                "A1": 19.601217262823877
            }
        }
    },
    {
        "episode": 64,
        "current_state": "S1",
        "current_action": "A1",
        "td_delta": -0.9343556123848487,
        "q_table": {
            "S0": {
                "A0": 19.965870666382482,
                "A1": 18.25672375715508
            },
            "S1": {
                "A0": 17.761741813872405,
                "A1": 20.18697541624041
            }
        }
    },
    {
        "episode": 65,
        "current_state": "S1",
        "current_action": "A1",
        "td_delta": 1.427563273537583,
        "q_table": {
            "S0": {
                "A0": 19.884495235220975,
                "A1": 18.25672375715508
            },
            "S1": {
                "A0": 17.761741813872405,
                "A1": 19.6461706288705
            }
        }
    },
    {
        "episode": 66,
        "current_state": "S1",
        "current_action": "A1",
        "td_delta": -0.24698690057478245,
        "q_table": {
            "S0": {
                "A0": 19.220287607273804,
                "A1": 18.25672375715508
            },
            "S1": {
                "A0": 17.761741813872405,
                "A1": 19.555044300011062
            }
        }
    },
    {
        "episode": 67,
        "current_state": "S0",
        "current_action": "A0",
        "td_delta": -0.31087872820754114,
        "q_table": {
            "S0": {
                "A0": 19.01314599645939,
                "A1": 18.25672375715508
            },
            "S1": {
                "A0": 17.761741813872405,
                "A1": 18.7149514621672
            }
        }
    },
    {
        "episode": 68,
        "current_state": "S1",
        "current_action": "A1",
        "td_delta": 0.5224216652106968,
        "q_table": {
            "S0": {
                "A0": 19.412377167663188,
                "A1": 18.25672375715508
            },
            "S1": {
                "A0": 17.761741813872405,
                "A1": 19.4836205937623
            }
        }
    },
    {
        "episode": 69,
        "current_state": "S0",
        "current_action": "A0",
        "td_delta": 0.3563142066312963,
        "q_table": {
            "S0": {
                "A0": 18.854038399392337,
                "A1": 18.25672375715508
            },
            "S1": {
                "A0": 17.761741813872405,
                "A1": 19.26962152211948
            }
        }
    },
    {
        "episode": 70,
        "current_state": "S1",
        "current_action": "A1",
        "td_delta": -1.1825772797735326,
        "q_table": {
            "S0": {
                "A0": 19.512663290814245,
                "A1": 18.25672375715508
            },
            "S1": {
                "A0": 17.761741813872405,
                "A1": 19.344521202572775
            }
        }
    },
    {
        "episode": 71,
        "current_state": "S0",
        "current_action": "A0",
        "td_delta": -1.1220586833734458,
        "q_table": {
            "S0": {
                "A0": 18.853486025288465,
                "A1": 18.25672375715508
            },
            "S1": {
                "A0": 17.761741813872405,
                "A1": 18.89199309639627
            }
        }
    },
    {
        "episode": 72,
        "current_state": "S0",
        "current_action": "A0",
        "td_delta": -0.3541330891294834,
        "q_table": {
            "S0": {
                "A0": 19.431952141971145,
                "A1": 18.25672375715508
            },
            "S1": {
                "A0": 17.761741813872405,
                "A1": 19.448283324088003
            }
        }
    },
    {
        "episode": 73,
        "current_state": "S0",
        "current_action": "A0",
        "td_delta": -0.012339720902993179,
        "q_table": {
            "S0": {
                "A0": 19.282253558380702,
                "A1": 18.25672375715508
            },
            "S1": {
                "A0": 17.761741813872405,
                "A1": 19.208270615405834
            }
        }
    },
    {
        "episode": 74,
        "current_state": "S1",
        "current_action": "A1",
        "td_delta": -0.882601977752195,
        "q_table": {
            "S0": {
                "A0": 20.708013163310554,
                "A1": 18.25672375715508
            },
            "S1": {
                "A0": 17.761741813872405,
                "A1": 20.813678820436685
            }
        }
    },
    {
        "episode": 75,
        "current_state": "S0",
        "current_action": "A0",
        "td_delta": 1.3491221413401817,
        "q_table": {
            "S0": {
                "A0": 21.08339576979793,
                "A1": 18.25672375715508
            },
            "S1": {
                "A0": 17.761741813872405,
                "A1": 20.85346837177879
            }
        }
    },
    {
        "episode": 76,
        "current_state": "S1",
        "current_action": "A1",
        "td_delta": -0.496628759173543,
        "q_table": {
            "S0": {
                "A0": 20.102040838283298,
                "A1": 18.25672375715508
            },
            "S1": {
                "A0": 17.761741813872405,
                "A1": 20.728780009907766
            }
        }
    },
    {
        "episode": 77,
        "current_state": "S1",
        "current_action": "A1",
        "td_delta": 1.1693595761511837,
        "q_table": {
            "S0": {
                "A0": 19.61671085554822,
                "A1": 18.25672375715508
            },
            "S1": {
                "A0": 17.761741813872405,
                "A1": 19.39645646459396
            }
        }
    },
    {
        "episode": 78,
        "current_state": "S1",
        "current_action": "A1",
        "td_delta": -1.2281022791445295,
        "q_table": {
            "S0": {
                "A0": 19.49212586286431,
                "A1": 18.25672375715508
            },
            "S1": {
                "A0": 17.761741813872405,
                "A1": 19.57730787204964
            }
        }
    },
    {
        "episode": 79,
        "current_state": "S0",
        "current_action": "A0",
        "td_delta": 1.5659302422345753,
        "q_table": {
            "S0": {
                "A0": 19.465687060827534,
                "A1": 18.25672375715508
            },
            "S1": {
                "A0": 17.761741813872405,
                "A1": 19.557615932330172
            }
        }
    },
    {
        "episode": 80,
        "current_state": "S0",
        "current_action": "A0",
        "td_delta": -1.1887925356656375,
        "q_table": {
            "S0": {
                "A0": 20.04263850010967,
                "A1": 18.25672375715508
            },
            "S1": {
                "A0": 17.761741813872405,
                "A1": 20.022942955272324
            }
        }
    },
    {
        "episode": 81,
        "current_state": "S0",
        "current_action": "A0",
        "td_delta": -1.5961095398241767,
        "q_table": {
            "S0": {
                "A0": 20.231389473460524,
                "A1": 18.25672375715508
            },
            "S1": {
                "A0": 17.761741813872405,
                "A1": 20.616542796097484
            }
        }
    },
    {
        "episode": 82,
        "current_state": "S1",
        "current_action": "A1",
        "td_delta": 1.0416677503065053,
        "q_table": {
            "S0": {
                "A0": 20.216870573579907,
                "A1": 18.25672375715508
            },
            "S1": {
                "A0": 17.761741813872405,
                "A1": 20.243561924539044
            }
        }
    },
    {
        "episode": 83,
        "current_state": "S1",
        "current_action": "A1",
        "td_delta": 1.2197069801446148,
        "q_table": {
            "S0": {
                "A0": 20.765400863017703,
                "A1": 18.25672375715508
            },
            "S1": {
                "A0": 17.761741813872405,
                "A1": 20.704159140611733
            }
        }
    },
    {
        "episode": 84,
        "current_state": "S0",
        "current_action": "A0",
        "td_delta": 0.12908057769666215,
        "q_table": {
            "S0": {
                "A0": 20.60016923233229,
                "A1": 18.25672375715508
            },
            "S1": {
                "A0": 17.761741813872405,
                "A1": 20.643593707127696
            }
        }
    },
    {
        "episode": 85,
        "current_state": "S1",
        "current_action": "A1",
        "td_delta": -1.5417432193704563,
        "q_table": {
            "S0": {
                "A0": 20.54780088902536,
                "A1": 18.25672375715508
            },
            "S1": {
                "A0": 17.761741813872405,
                "A1": 20.383287319818102
            }
        }
    },
    {
        "episode": 86,
        "current_state": "S1",
        "current_action": "A1",
        "td_delta": -0.8494330814627205,
        "q_table": {
            "S0": {
                "A0": 19.82227244800094,
                "A1": 18.25672375715508
            },
            "S1": {
                "A0": 17.761741813872405,
                "A1": 19.626294365875005
            }
        }
    },
    {
        "episode": 87,
        "current_state": "S0",
        "current_action": "A0",
        "td_delta": 0.24140022220524315,
        "q_table": {
            "S0": {
                "A0": 20.376387164155833,
                "A1": 18.25672375715508
            },
            "S1": {
                "A0": 17.761741813872405,
                "A1": 20.191373917189704
            }
        }
    },
    {
        "episode": 88,
        "current_state": "S1",
        "current_action": "A1",
        "td_delta": 0.6579530601115167,
        "q_table": {
            "S0": {
                "A0": 19.89706227914396,
                "A1": 18.25672375715508
            },
            "S1": {
                "A0": 17.761741813872405,
                "A1": 20.096935890531483
            }
        }
    },
    {
        "episode": 89,
        "current_state": "S1",
        "current_action": "A1",
        "td_delta": 0.541295693699162,
        "q_table": {
            "S0": {
                "A0": 19.903698472021713,
                "A1": 18.25672375715508
            },
            "S1": {
                "A0": 17.761741813872405,
                "A1": 20.174683465079305
            }
        }
    },
    {
        "episode": 90,
        "current_state": "S1",
        "current_action": "A1",
        "td_delta": -0.2830606392724455,
        "q_table": {
            "S0": {
                "A0": 19.393301362272474,
                "A1": 18.25672375715508
            },
            "S1": {
                "A0": 17.761741813872405,
                "A1": 19.161071489348252
            }
        }
    },
    {
        "episode": 91,
        "current_state": "S0",
        "current_action": "A0",
        "td_delta": 0.3132788596168794,
        "q_table": {
            "S0": {
                "A0": 19.41251513252586,
                "A1": 18.25672375715508
            },
            "S1": {
                "A0": 17.761741813872405,
                "A1": 19.68288799605767
            }
        }
    },
    {
        "episode": 92,
        "current_state": "S1",
        "current_action": "A1",
        "td_delta": -0.09465710035839336,
        "q_table": {
            "S0": {
                "A0": 19.31184628719781,
                "A1": 18.25672375715508
            },
            "S1": {
                "A0": 17.761741813872405,
                "A1": 19.215785570311297
            }
        }
    },
    {
        "episode": 93,
        "current_state": "S0",
        "current_action": "A0",
        "td_delta": -0.4127105295585096,
        "q_table": {
            "S0": {
                "A0": 19.637679034453697,
                "A1": 18.25672375715508
            },
            "S1": {
                "A0": 17.761741813872405,
                "A1": 20.1472957405203
            }
        }
    },
    {
        "episode": 94,
        "current_state": "S0",
        "current_action": "A0",
        "td_delta": -1.1193261797051441,
        "q_table": {
            "S0": {
                "A0": 18.957262000942656,
                "A1": 18.25672375715508
            },
            "S1": {
                "A0": 17.761741813872405,
                "A1": 18.807585623311283
            }
        }
    },
    {
        "episode": 95,
        "current_state": "S0",
        "current_action": "A0",
        "td_delta": 2.0868724148577726,
        "q_table": {
            "S0": {
                "A0": 19.37614531146457,
                "A1": 18.25672375715508
            },
            "S1": {
                "A0": 17.761741813872405,
                "A1": 19.158138485662867
            }
        }
    },
    {
        "episode": 96,
        "current_state": "S0",
        "current_action": "A0",
        "td_delta": -1.969838825385942,
        "q_table": {
            "S0": {
                "A0": 19.829198974855824,
                "A1": 18.25672375715508
            },
            "S1": {
                "A0": 17.761741813872405,
                "A1": 19.34395929560678
            }
        }
    },
    {
        "episode": 97,
        "current_state": "S0",
        "current_action": "A0",
        "td_delta": -0.5253320863828961,
        "q_table": {
            "S0": {
                "A0": 19.937283266023176,
                "A1": 18.25672375715508
            },
            "S1": {
                "A0": 17.761741813872405,
                "A1": 19.989231271306416
            }
        }
    },
    {
        "episode": 98,
        "current_state": "S1",
        "current_action": "A1",
        "td_delta": 1.2595611169651733,
        "q_table": {
            "S0": {
                "A0": 19.105235807932587,
                "A1": 18.25672375715508
            },
            "S1": {
                "A0": 17.761741813872405,
                "A1": 19.543590529707117
            }
        }
    },
    {
        "episode": 99,
        "current_state": "S0",
        "current_action": "A0",
        "td_delta": 0.272457853587202,
        "q_table": {
            "S0": {
                "A0": 20.24458713556673,
                "A1": 18.25672375715508
            },
            "S1": {
                "A0": 17.761741813872405,
                "A1": 19.770017060348778
            }
        }
    },
    {
        "episode": 100,
        "current_state": "S0",
        "current_action": "A0",
        "td_delta": -0.22317525322164045,
        "q_table": {
            "S0": {
                "A0": 20.135325438694206,
                "A1": 18.25672375715508
            },
            "S1": {
                "A0": 17.761741813872405,
                "A1": 20.253755729924578
            }
        }
    },
    {
        "episode": 101,
        "current_state": "S0",
        "current_action": "A0",
        "td_delta": 0.13091551096611198,
        "q_table": {
            "S0": {
                "A0": 20.679474875801624,
                "A1": 18.25672375715508
            },
            "S1": {
                "A0": 17.761741813872405,
                "A1": 20.4660430876319
            }
        }
    },
    {
        "episode": 102,
        "current_state": "S0",
        "current_action": "A0",
        "td_delta": -0.4320963207090678,
        "q_table": {
            "S0": {
                "A0": 20.14912483437825,
                "A1": 18.25672375715508
            },
            "S1": {
                "A0": 17.761741813872405,
                "A1": 20.23606213193031
            }
        }
    },
    {
        "episode": 103,
        "current_state": "S1",
        "current_action": "A1",
        "td_delta": -1.5057557707228781,
        "q_table": {
            "S0": {
                "A0": 19.83932795951574,
                "A1": 18.25672375715508
            },
            "S1": {
                "A0": 17.761741813872405,
                "A1": 20.099355410013455
            }
        }
    },
    {
        "episode": 104,
        "current_state": "S0",
        "current_action": "A0",
        "td_delta": -0.014847384370686001,
        "q_table": {
            "S0": {
                "A0": 19.284803291065078,
                "A1": 18.25672375715508
            },
            "S1": {
                "A0": 17.761741813872405,
                "A1": 19.292793451727484
            }
        }
    },
    {
        "episode": 105,
        "current_state": "S0",
        "current_action": "A0",
        "td_delta": 0.09776651777263723,
        "q_table": {
            "S0": {
                "A0": 18.70722079446829,
                "A1": 18.25672375715508
            },
            "S1": {
                "A0": 17.761741813872405,
                "A1": 18.992122137148684
            }
        }
    },
    {
        "episode": 106,
        "current_state": "S0",
        "current_action": "A0",
        "td_delta": -1.7467805287969007,
        "q_table": {
            "S0": {
                "A0": 19.297649484084737,
                "A1": 18.25672375715508
            },
            "S1": {
                "A0": 17.761741813872405,
                "A1": 19.523792097725917
            }
        }
    },
    {
        "episode": 107,
        "current_state": "S0",
        "current_action": "A0",
        "td_delta": -1.626012052874227,
        "q_table": {
            "S0": {
                "A0": 19.70001315842224,
                "A1": 18.25672375715508
            },
            "S1": {
                "A0": 17.761741813872405,
                "A1": 19.626261294113647
            }
        }
    },
    {
        "episode": 108,
        "current_state": "S0",
        "current_action": "A0",
        "td_delta": 0.16715764041972037,
        "q_table": {
            "S0": {
                "A0": 19.773006240541257,
                "A1": 18.25672375715508
            },
            "S1": {
                "A0": 17.761741813872405,
                "A1": 19.386563493758906
            }
        }
    },
    {
        "episode": 109,
        "current_state": "S0",
        "current_action": "A0",
        "td_delta": 0.3590773725103915,
        "q_table": {
            "S0": {
                "A0": 19.535653995338585,
                "A1": 18.25672375715508
            },
            "S1": {
                "A0": 17.761741813872405,
                "A1": 19.46825311997043
            }
        }
    },
    {
        "episode": 110,
        "current_state": "S1",
        "current_action": "A1",
        "td_delta": 1.7508503936040327,
        "q_table": {
            "S0": {
                "A0": 19.311160697307802,
                "A1": 18.25672375715508
            },
            "S1": {
                "A0": 17.761741813872405,
                "A1": 19.61434417418821
            }
        }
    },
    {
        "episode": 111,
        "current_state": "S0",
        "current_action": "A0",
        "td_delta": 0.6339320448335712,
        "q_table": {
            "S0": {
                "A0": 19.309931110605213,
                "A1": 18.25672375715508
            },
            "S1": {
                "A0": 17.761741813872405,
                "A1": 19.70574935331339
            }
        }
    },
    {
        "episode": 112,
        "current_state": "S1",
        "current_action": "A1",
        "td_delta": 0.8392645054059003,
        "q_table": {
            "S0": {
                "A0": 19.691619368048684,
                "A1": 18.25672375715508
            },
            "S1": {
                "A0": 17.761741813872405,
                "A1": 19.66685207013013
            }
        }
    },
    {
        "episode": 113,
        "current_state": "S1",
        "current_action": "A1",
        "td_delta": -1.707014594691092,
        "q_table": {
            "S0": {
                "A0": 19.578813021140775,
                "A1": 18.25672375715508
            },
            "S1": {
                "A0": 17.761741813872405,
                "A1": 19.61999322005628
            }
        }
    },
    {
        "episode": 114,
        "current_state": "S0",
        "current_action": "A0",
        "td_delta": 0.7072010069059331,
        "q_table": {
            "S0": {
                "A0": 19.621987074580478,
                "A1": 18.25672375715508
            },
            "S1": {
                "A0": 17.761741813872405,
                "A1": 19.879919569905297
            }
        }
    },
    {
        "episode": 115,
        "current_state": "S0",
        "current_action": "A0",
        "td_delta": 0.5865660108779451,
        "q_table": {
            "S0": {
                "A0": 19.839444807873495,
                "A1": 18.25672375715508
            },
            "S1": {
                "A0": 17.761741813872405,
                "A1": 19.436718727865554
            }
        }
    },
    {
        "episode": 116,
        "current_state": "S0",
        "current_action": "A0",
        "td_delta": 0.5646442495764106,
        "q_table": {
            "S0": {
                "A0": 19.44087666088063,
                "A1": 18.25672375715508
            },
            "S1": {
                "A0": 17.761741813872405,
                "A1": 19.29562598969648
            }
        }
    },
    {
        "episode": 117,
        "current_state": "S0",
        "current_action": "A0",
        "td_delta": 0.07674624508134897,
        "q_table": {
            "S0": {
                "A0": 20.35184779087074,
                "A1": 18.25672375715508
            },
            "S1": {
                "A0": 17.761741813872405,
                "A1": 19.968867723213513
            }
        }
    },
    {
        "episode": 118,
        "current_state": "S1",
        "current_action": "A1",
        "td_delta": 1.1634905129768534,
        "q_table": {
            "S0": {
                "A0": 19.78395930002396,
                "A1": 18.25672375715508
            },
            "S1": {
                "A0": 17.761741813872405,
                "A1": 19.872119154786414
            }
        }
    },
    {
        "episode": 119,
        "current_state": "S0",
        "current_action": "A0",
        "td_delta": -1.582424673101194,
        "q_table": {
            "S0": {
                "A0": 19.283399475771386,
                "A1": 18.25672375715508
            },
            "S1": {
                "A0": 17.761741813872405,
                "A1": 19.780657054678468
            }
        }
    },
    {
        "episode": 120,
        "current_state": "S0",
        "current_action": "A0",
        "td_delta": 0.470530679364618,
        "q_table": {
            "S0": {
                "A0": 19.857518588482144,
                "A1": 18.25672375715508
            },
            "S1": {
                "A0": 17.761741813872405,
                "A1": 19.592183304869366
            }
        }
    },
    {
        "episode": 121,
        "current_state": "S1",
        "current_action": "A1",
        "td_delta": 1.7468430352873447,
        "q_table": {
            "S0": {
                "A0": 20.045570146036297,
                "A1": 18.25672375715508
            },
            "S1": {
                "A0": 17.761741813872405,
                "A1": 20.08434809824342
            }
        }
    },
    {
        "episode": 122,
        "current_state": "S0",
        "current_action": "A0",
        "td_delta": 0.5533254359382447,
        "q_table": {
            "S0": {
                "A0": 20.00169549972438,
                "A1": 18.25672375715508
            },
            "S1": {
                "A0": 17.761741813872405,
                "A1": 20.071568276198086
            }
        }
    },
    {
        "episode": 123,
        "current_state": "S1",
        "current_action": "A1",
        "td_delta": 1.1063609316116434,
        "q_table": {
            "S0": {
                "A0": 19.419889146396155,
                "A1": 18.25672375715508
            },
            "S1": {
                "A0": 17.761741813872405,
                "A1": 19.60361057357117
            }
        }
    },
    {
        "episode": 124,
        "current_state": "S1",
        "current_action": "A1",
        "td_delta": -0.18411237632912858,
        "q_table": {
            "S0": {
                "A0": 19.673682415825322,
                "A1": 18.25672375715508
            },
            "S1": {
                "A0": 17.761741813872405,
                "A1": 19.59970287162006
            }
        }
    },
    {
        "episode": 125,
        "current_state": "S1",
        "current_action": "A1",
        "td_delta": 0.5287791985087331,
        "q_table": {
            "S0": {
                "A0": 20.357061686777918,
                "A1": 18.25672375715508
            },
            "S1": {
                "A0": 17.761741813872405,
                "A1": 20.574951705748603
            }
        }
    },
    {
        "episode": 126,
        "current_state": "S0",
        "current_action": "A0",
        "td_delta": -1.0657679864450067,
        "q_table": {
            "S0": {
                "A0": 19.774325723471502,
                "A1": 18.25672375715508
            },
            "S1": {
                "A0": 17.761741813872405,
                "A1": 19.52346083393974
            }
        }
    },
    {
        "episode": 127,
        "current_state": "S1",
        "current_action": "A1",
        "td_delta": 0.7353296767951818,
        "q_table": {
            "S0": {
                "A0": 19.843829789065772,
                "A1": 18.25672375715508
            },
            "S1": {
                "A0": 17.761741813872405,
                "A1": 19.51937849867871
            }
        }
    },
    {
        "episode": 128,
        "current_state": "S0",
        "current_action": "A0",
        "td_delta": 0.22990371426569212,
        "q_table": {
            "S0": {
                "A0": 19.536952006191758,
                "A1": 18.25672375715508
            },
            "S1": {
                "A0": 17.761741813872405,
                "A1": 19.741324216412814
            }
        }
    },
    {
        "episode": 129,
        "current_state": "S1",
        "current_action": "A1",
        "td_delta": -0.9810677278677531,
        "q_table": {
            "S0": {
                "A0": 20.065494148205712,
                "A1": 18.25672375715508
            },
            "S1": {
                "A0": 17.761741813872405,
                "A1": 19.694701898454174
            }
        }
    },
    {
        "episode": 130,
        "current_state": "S1",
        "current_action": "A1",
        "td_delta": -0.8310623397926449,
        "q_table": {
            "S0": {
                "A0": 19.91870168255679,
                "A1": 18.25672375715508
            },
            "S1": {
                "A0": 17.761741813872405,
                "A1": 19.903599816222787
            }
        }
    },
    {
        "episode": 131,
        "current_state": "S0",
        "current_action": "A0",
        "td_delta": 0.41692631478803577,
        "q_table": {
            "S0": {
                "A0": 19.82407552191902,
                "A1": 18.25672375715508
            },
            "S1": {
                "A0": 17.761741813872405,
                "A1": 19.816787494447095
            }
        }
    },
    {
        "episode": 132,
        "current_state": "S0",
        "current_action": "A0",
        "td_delta": 0.10340712730612722,
        "q_table": {
            "S0": {
                "A0": 19.609125420586867,
                "A1": 18.25672375715508
            },
            "S1": {
                "A0": 17.761741813872405,
                "A1": 19.822123365237005
            }
        }
    },
    {
        "episode": 133,
        "current_state": "S1",
        "current_action": "A1",
        "td_delta": 0.01799596615062171,
        "q_table": {
            "S0": {
                "A0": 19.276414476711988,
                "A1": 18.25672375715508
            },
            "S1": {
                "A0": 17.761741813872405,
                "A1": 19.389349775958593
            }
        }
    },
    {
        "episode": 134,
        "current_state": "S1",
        "current_action": "A1",
        "td_delta": -0.1704348031483569,
        "q_table": {
            "S0": {
                "A0": 19.446641681630172,
                "A1": 18.25672375715508
            },
            "S1": {
                "A0": 17.761741813872405,
                "A1": 19.391099603434274
            }
        }
    },
    {
        "episode": 135,
        "current_state": "S0",
        "current_action": "A0",
        "td_delta": 2.0397286404922355,
        "q_table": {
            "S0": {
                "A0": 19.729856341024306,
                "A1": 18.25672375715508
            },
            "S1": {
                "A0": 17.761741813872405,
                "A1": 19.598122717258548
            }
        }
    },
    {
        "episode": 136,
        "current_state": "S1",
        "current_action": "A1",
        "td_delta": -0.7230715066596716,
        "q_table": {
            "S0": {
                "A0": 19.770618500795763,
                "A1": 18.25672375715508
            },
            "S1": {
                "A0": 17.761741813872405,
                "A1": 19.805551078386305
            }
        }
    },
    {
        "episode": 137,
        "current_state": "S0",
        "current_action": "A0",
        "td_delta": 0.7001836115480238,
        "q_table": {
            "S0": {
                "A0": 19.549567228390476,
                "A1": 18.25672375715508
            },
            "S1": {
                "A0": 17.761741813872405,
                "A1": 19.650887725499615
            }
        }
    },
    {
        "episode": 138,
        "current_state": "S1",
        "current_action": "A1",
        "td_delta": -0.228441027888028,
        "q_table": {
            "S0": {
                "A0": 21.0435451534847,
                "A1": 18.25672375715508
            },
            "S1": {
                "A0": 17.761741813872405,
                "A1": 21.138533564881204
            }
        }
    },
    {
        "episode": 139,
        "current_state": "S1",
        "current_action": "A1",
        "td_delta": -1.2108189662470004,
        "q_table": {
            "S0": {
                "A0": 20.92466754315991,
                "A1": 18.25672375715508
            },
            "S1": {
                "A0": 17.761741813872405,
                "A1": 21.063243506219067
            }
        }
    },
    {
        "episode": 140,
        "current_state": "S1",
        "current_action": "A1",
        "td_delta": 1.2143065964031763,
        "q_table": {
            "S0": {
                "A0": 21.28247631295225,
                "A1": 18.25672375715508
            },
            "S1": {
                "A0": 17.761741813872405,
                "A1": 21.30702384361647
            }
        }
    },
    {
        "episode": 141,
        "current_state": "S0",
        "current_action": "A0",
        "td_delta": 1.6529815410292201,
        "q_table": {
            "S0": {
                "A0": 20.871766822759035,
                "A1": 18.25672375715508
            },
            "S1": {
                "A0": 17.761741813872405,
                "A1": 21.079562779419586
            }
        }
    },
    {
        "episode": 142,
        "current_state": "S1",
        "current_action": "A1",
        "td_delta": -1.540587020724228,
        "q_table": {
            "S0": {
                "A0": 21.13023977314444,
                "A1": 18.25672375715508
            },
            "S1": {
                "A0": 17.761741813872405,
                "A1": 20.87415791569709
            }
        }
    },
    {
        "episode": 143,
        "current_state": "S0",
        "current_action": "A0",
        "td_delta": 0.3965562179232762,
        "q_table": {
            "S0": {
                "A0": 21.20620789361373,
                "A1": 18.25672375715508
            },
            "S1": {
                "A0": 17.761741813872405,
                "A1": 21.188527586405243
            }
        }
    },
    {
        "episode": 144,
        "current_state": "S1",
        "current_action": "A1",
        "td_delta": -0.6621852552625214,
        "q_table": {
            "S0": {
                "A0": 20.868435858868587,
                "A1": 18.25672375715508
            },
            "S1": {
                "A0": 17.761741813872405,
                "A1": 21.455250705447718
            }
        }
    },
    {
        "episode": 145,
        "current_state": "S0",
        "current_action": "A0",
        "td_delta": 0.01740476051525519,
        "q_table": {
            "S0": {
                "A0": 20.757219336035675,
                "A1": 18.25672375715508
            },
            "S1": {
                "A0": 17.761741813872405,
                "A1": 20.75527030241277
            }
        }
    },
    {
        "episode": 146,
        "current_state": "S0",
        "current_action": "A0",
        "td_delta": -0.26573146796785707,
        "q_table": {
            "S0": {
                "A0": 20.369288610044926,
                "A1": 18.25672375715508
            },
            "S1": {
                "A0": 17.761741813872405,
                "A1": 20.721098665237857
            }
        }
    },
    {
        "episode": 147,
        "current_state": "S0",
        "current_action": "A0",
        "td_delta": 1.8111417224949946,
        "q_table": {
            "S0": {
                "A0": 20.5904737135699,
                "A1": 18.25672375715508
            },
            "S1": {
                "A0": 17.761741813872405,
                "A1": 20.71460483569936
            }
        }
    },
    {
        "episode": 148,
        "current_state": "S0",
        "current_action": "A0",
        "td_delta": -0.7305842930429378,
        "q_table": {
            "S0": {
                "A0": 21.203487794040367,
                "A1": 18.25672375715508
            },
            "S1": {
                "A0": 17.761741813872405,
                "A1": 21.330659658455478
            }
        }
    },
    {
        "episode": 149,
        "current_state": "S1",
        "current_action": "A1",
        "td_delta": -0.6428866965467641,
        "q_table": {
            "S0": {
                "A0": 20.804438040833308,
                "A1": 18.25672375715508
            },
            "S1": {
                "A0": 17.761741813872405,
                "A1": 20.63011889748732
            }
        }
    },
    {
        "episode": 150,
        "current_state": "S1",
        "current_action": "A1",
        "td_delta": 1.5498676269461917,
        "q_table": {
            "S0": {
                "A0": 19.9166165035346,
                "A1": 18.25672375715508
            },
            "S1": {
                "A0": 17.761741813872405,
                "A1": 19.613852062164735
            }
        }
    },
    {
        "episode": 151,
        "current_state": "S0",
        "current_action": "A0",
        "td_delta": -0.3872045444805998,
        "q_table": {
            "S0": {
                "A0": 19.653515114428743,
                "A1": 18.25672375715508
            },
            "S1": {
                "A0": 17.761741813872405,
                "A1": 19.111592077703154
            }
        }
    },
    {
        "episode": 152,
        "current_state": "S0",
        "current_action": "A0",
        "td_delta": -0.33106044054818184,
        "q_table": {
            "S0": {
                "A0": 19.344139918399765,
                "A1": 18.25672375715508
            },
            "S1": {
                "A0": 17.761741813872405,
                "A1": 19.348158357539997
            }
        }
    },
    {
        "episode": 153,
        "current_state": "S0",
        "current_action": "A0",
        "td_delta": 0.21494196084504225,
        "q_table": {
            "S0": {
                "A0": 20.088053142987146,
                "A1": 18.25672375715508
            },
            "S1": {
                "A0": 17.761741813872405,
                "A1": 19.98382451061501
            }
        }
    },
    {
        "episode": 154,
        "current_state": "S0",
        "current_action": "A0",
        "td_delta": -0.16445364263697115,
        "q_table": {
            "S0": {
                "A0": 19.842689491644087,
                "A1": 18.25672375715508
            },
            "S1": {
                "A0": 17.761741813872405,
                "A1": 20.06820245091701
            }
        }
    },
    {
        "episode": 155,
        "current_state": "S1",
        "current_action": "A1",
        "td_delta": -1.5042260380663919,
        "q_table": {
            "S0": {
                "A0": 20.09845821577303,
                "A1": 18.25672375715508
            },
            "S1": {
                "A0": 17.761741813872405,
                "A1": 20.144133859862684
            }
        }
    },
    {
        "episode": 156,
        "current_state": "S1",
        "current_action": "A1",
        "td_delta": -0.8135707887447907,
        "q_table": {
            "S0": {
                "A0": 20.657652230171593,
                "A1": 18.25672375715508
            },
            "S1": {
                "A0": 17.761741813872405,
                "A1": 20.41268150862042
            }
        }
    },
    {
        "episode": 157,
        "current_state": "S1",
        "current_action": "A1",
        "td_delta": 0.5644822115189285,
        "q_table": {
            "S0": {
                "A0": 20.731225992596293,
                "A1": 18.25672375715508
            },
            "S1": {
                "A0": 17.761741813872405,
                "A1": 20.610118833683135
            }
        }
    },
    {
        "episode": 158,
        "current_state": "S1",
        "current_action": "A1",
        "td_delta": 0.37510615197649955,
        "q_table": {
            "S0": {
                "A0": 20.659058609308577,
                "A1": 18.25672375715508
            },
            "S1": {
                "A0": 17.761741813872405,
                "A1": 20.32903049806155
            }
        }
    },
    {
        "episode": 159,
        "current_state": "S1",
        "current_action": "A1",
        "td_delta": -0.9457882506010868,
        "q_table": {
            "S0": {
                "A0": 19.44494839694719,
                "A1": 18.25672375715508
            },
            "S1": {
                "A0": 17.761741813872405,
                "A1": 20.050963052017444
            }
        }
    },
    {
        "episode": 160,
        "current_state": "S0",
        "current_action": "A0",
        "td_delta": 0.016621448595369515,
        "q_table": {
            "S0": {
                "A0": 19.637854884857877,
                "A1": 18.25672375715508
            },
            "S1": {
                "A0": 17.761741813872405,
                "A1": 19.637082057493387
            }
        }
    },
    {
        "episode": 161,
        "current_state": "S1",
        "current_action": "A1",
        "td_delta": 0.0404909004655849,
        "q_table": {
            "S0": {
                "A0": 20.682223698179214,
                "A1": 18.25672375715508
            },
            "S1": {
                "A0": 17.761741813872405,
                "A1": 20.69083506330459
            }
        }
    },
    {
        "episode": 162,
        "current_state": "S1",
        "current_action": "A1",
        "td_delta": -1.5290059562856655,
        "q_table": {
            "S0": {
                "A0": 20.64330243673718,
                "A1": 18.25672375715508
            },
            "S1": {
                "A0": 17.761741813872405,
                "A1": 20.376037093499402
            }
        }
    },
    {
        "episode": 163,
        "current_state": "S0",
        "current_action": "A0",
        "td_delta": 0.4377393995241299,
        "q_table": {
            "S0": {
                "A0": 20.182241931361723,
                "A1": 18.25672375715508
            },
            "S1": {
                "A0": 17.761741813872405,
                "A1": 19.89576199108406
            }
        }
    },
    {
        "episode": 164,
        "current_state": "S1",
        "current_action": "A1",
        "td_delta": 1.1711616026792484,
        "q_table": {
            "S0": {
                "A0": 19.77304095574161,
                "A1": 18.25672375715508
            },
            "S1": {
                "A0": 17.761741813872405,
                "A1": 20.283857190949043
            }
        }
    },
    {
        "episode": 165,
        "current_state": "S1",
        "current_action": "A1",
        "td_delta": 1.412182675771998,
        "q_table": {
            "S0": {
                "A0": 19.82762606685518,
                "A1": 18.25672375715508
            },
            "S1": {
                "A0": 17.761741813872405,
                "A1": 20.050832873615292
            }
        }
    },
    {
        "episode": 166,
        "current_state": "S0",
        "current_action": "A0",
        "td_delta": -0.1687570074255511,
        "q_table": {
            "S0": {
                "A0": 20.448405093968205,
                "A1": 18.25672375715508
            },
            "S1": {
                "A0": 17.761741813872405,
                "A1": 20.251757642402364
            }
        }
    },
    {
        "episode": 167,
        "current_state": "S1",
        "current_action": "A1",
        "td_delta": 1.3768518289982872,
        "q_table": {
            "S0": {
                "A0": 20.15685764607769,
                "A1": 18.25672375715508
            },
            "S1": {
                "A0": 17.761741813872405,
                "A1": 20.42496736204442
            }
        }
    },
    {
        "episode": 168,
        "current_state": "S1",
        "current_action": "A1",
        "td_delta": 0.3914900983757619,
        "q_table": {
            "S0": {
                "A0": 19.75320510721402,
                "A1": 18.25672375715508
            },
            "S1": {
                "A0": 17.761741813872405,
                "A1": 20.041728698184084
            }
        }
    },
    {
        "episode": 169,
        "current_state": "S0",
        "current_action": "A0",
        "td_delta": -1.3007446169997756,
        "q_table": {
            "S0": {
                "A0": 20.9910013539317,
                "A1": 18.25672375715508
            },
            "S1": {
                "A0": 17.761741813872405,
                "A1": 21.05781821675047
            }
        }
    },
    {
        "episode": 170,
        "current_state": "S1",
        "current_action": "A1",
        "td_delta": 1.4482232321302462,
        "q_table": {
            "S0": {
                "A0": 20.659225088205755,
                "A1": 18.25672375715508
            },
            "S1": {
                "A0": 17.761741813872405,
                "A1": 20.415227935353904
            }
        }
    },
    {
        "episode": 171,
        "current_state": "S1",
        "current_action": "A1",
        "td_delta": 0.3605519365587888,
        "q_table": {
            "S0": {
                "A0": 20.062547082294742,
                "A1": 18.25672375715508
            },
            "S1": {
                "A0": 17.761741813872405,
                "A1": 19.83287695769776
            }
        }
    },
    {
        "episode": 172,
        "current_state": "S1",
        "current_action": "A1",
        "td_delta": -1.8973836849471937,
        "q_table": {
            "S0": {
                "A0": 19.80773672562089,
                "A1": 18.25672375715508
            },
            "S1": {
                "A0": 17.761741813872405,
                "A1": 19.466742995359827
            }
        }
    },
    {
        "episode": 173,
        "current_state": "S0",
        "current_action": "A0",
        "td_delta": 0.08967366147368594,
        "q_table": {
            "S0": {
                "A0": 20.744344775038975,
                "A1": 18.25672375715508
            },
            "S1": {
                "A0": 17.761741813872405,
                "A1": 20.275154768857657
            }
        }
    },
    {
        "episode": 174,
        "current_state": "S0",
        "current_action": "A0",
        "td_delta": -1.1337148360283997,
        "q_table": {
            "S0": {
                "A0": 20.681907241395198,
                "A1": 18.25672375715508
            },
            "S1": {
                "A0": 17.761741813872405,
                "A1": 20.513583474357283
            }
        }
    },
    {
        "episode": 175,
        "current_state": "S0",
        "current_action": "A0",
        "td_delta": -1.0475806755875041,
        "q_table": {
            "S0": {
                "A0": 20.837536238312822,
                "A1": 18.25672375715508
            },
            "S1": {
                "A0": 17.761741813872405,
                "A1": 20.71693541915133
            }
        }
    },
    {
        "episode": 176,
        "current_state": "S1",
        "current_action": "A1",
        "td_delta": -0.01904529379249098,
        "q_table": {
            "S0": {
                "A0": 20.240101342903397,
                "A1": 18.25672375715508
            },
            "S1": {
                "A0": 17.761741813872405,
                "A1": 20.505309400184117
            }
        }
    },
    {
        "episode": 177,
        "current_state": "S1",
        "current_action": "A1",
        "td_delta": 0.9620785424004907,
        "q_table": {
            "S0": {
                "A0": 20.7900498719252,
                "A1": 18.25672375715508
            },
            "S1": {
                "A0": 17.761741813872405,
                "A1": 20.756803633389566
            }
        }
    },
    {
        "episode": 178,
        "current_state": "S1",
        "current_action": "A1",
        "td_delta": -0.7880850363397158,
        "q_table": {
            "S0": {
                "A0": 19.53178583379394,
                "A1": 18.25672375715508
            },
            "S1": {
                "A0": 17.761741813872405,
                "A1": 19.63473924064555
            }
        }
    },
    {
        "episode": 179,
        "current_state": "S1",
        "current_action": "A1",
        "td_delta": 0.6861080193434503,
        "q_table": {
            "S0": {
                "A0": 19.37263043300486,
                "A1": 18.25672375715508
            },
            "S1": {
                "A0": 17.761741813872405,
                "A1": 19.6285602287163
            }
        }
    },
    {
        "episode": 180,
        "current_state": "S0",
        "current_action": "A0",
        "td_delta": -1.5668480448652495,
        "q_table": {
            "S0": {
                "A0": 20.29845042748789,
                "A1": 18.25672375715508
            },
            "S1": {
                "A0": 17.761741813872405,
                "A1": 20.196037440305894
            }
        }
    },
    {
        "episode": 181,
        "current_state": "S0",
        "current_action": "A0",
        "td_delta": -0.4443437390100371,
        "q_table": {
            "S0": {
                "A0": 19.997609049215605,
                "A1": 18.25672375715508
            },
            "S1": {
                "A0": 17.761741813872405,
                "A1": 19.862700803724753
            }
        }
    },
    {
        "episode": 182,
        "current_state": "S1",
        "current_action": "A1",
        "td_delta": 0.12210839672734153,
        "q_table": {
            "S0": {
                "A0": 20.3109145449283,
                "A1": 18.25672375715508
            },
            "S1": {
                "A0": 17.761741813872405,
                "A1": 20.000158082025017
            }
        }
    },
    {
        "episode": 183,
        "current_state": "S1",
        "current_action": "A1",
        "td_delta": -0.7546519091160988,
        "q_table": {
            "S0": {
                "A0": 19.80506556194849,
                "A1": 18.25672375715508
            },
            "S1": {
                "A0": 17.761741813872405,
                "A1": 19.36830020834449
            }
        }
    },
    {
        "episode": 184,
        "current_state": "S0",
        "current_action": "A0",
        "td_delta": -0.08592383675481585,
        "q_table": {
            "S0": {
                "A0": 19.26750056682415,
                "A1": 18.25672375715508
            },
            "S1": {
                "A0": 17.761741813872405,
                "A1": 19.74181401237019
            }
        }
    },
    {
        "episode": 185,
        "current_state": "S0",
        "current_action": "A0",
        "td_delta": -1.4004262769000597,
        "q_table": {
            "S0": {
                "A0": 19.448806530349287,
                "A1": 18.25672375715508
            },
            "S1": {
                "A0": 17.761741813872405,
                "A1": 19.644590546863487
            }
        }
    },
    {
        "episode": 186,
        "current_state": "S0",
        "current_action": "A0",
        "td_delta": 1.6964115397822077,
        "q_table": {
            "S0": {
                "A0": 20.05342122473489,
                "A1": 18.25672375715508
            },
            "S1": {
                "A0": 17.761741813872405,
                "A1": 20.172363602765664
            }
        }
    },
    {
        "episode": 187,
        "current_state": "S1",
        "current_action": "A1",
        "td_delta": -0.2579916589908926,
        "q_table": {
            "S0": {
                "A0": 20.458244070976733,
                "A1": 18.25672375715508
            },
            "S1": {
                "A0": 17.761741813872405,
                "A1": 20.38972245338254
            }
        }
    },
    {
        "episode": 188,
        "current_state": "S1",
        "current_action": "A1",
        "td_delta": -0.8619302854290289,
        "q_table": {
            "S0": {
                "A0": 20.29275029518211,
                "A1": 18.25672375715508
            },
            "S1": {
                "A0": 17.761741813872405,
                "A1": 20.155473537166053
            }
        }
    },
    {
        "episode": 189,
        "current_state": "S0",
        "current_action": "A0",
        "td_delta": -0.6622182673172539,
        "q_table": {
            "S0": {
                "A0": 20.02714607633243,
                "A1": 18.25672375715508
            },
            "S1": {
                "A0": 17.761741813872405,
                "A1": 19.724092223266947
            }
        }
    },
    {
        "episode": 190,
        "current_state": "S0",
        "current_action": "A0",
        "td_delta": 0.10103509418730638,
        "q_table": {
            "S0": {
                "A0": 19.596018966360578,
                "A1": 18.25672375715508
            },
            "S1": {
                "A0": 17.761741813872405,
                "A1": 19.649322976466458
            }
        }
    },
    {
        "episode": 191,
        "current_state": "S1",
        "current_action": "A1",
        "td_delta": -0.49207874244828886,
        "q_table": {
            "S0": {
                "A0": 20.570237363247816,
                "A1": 18.25672375715508
            },
            "S1": {
                "A0": 17.761741813872405,
                "A1": 20.007730436608067
            }
        }
    },
    {
        "episode": 192,
        "current_state": "S0",
        "current_action": "A0",
        "td_delta": -1.076209517805225,
        "q_table": {
            "S0": {
                "A0": 20.105507137264222,
                "A1": 18.25672375715508
            },
            "S1": {
                "A0": 17.761741813872405,
                "A1": 20.42791714829088
            }
        }
    },
    {
        "episode": 193,
        "current_state": "S0",
        "current_action": "A0",
        "td_delta": 0.1597590857860034,
        "q_table": {
            "S0": {
                "A0": 20.254431690813945,
                "A1": 18.25672375715508
            },
            "S1": {
                "A0": 17.761741813872405,
                "A1": 19.711017029139562
            }
        }
    },
    {
        "episode": 194,
        "current_state": "S0",
        "current_action": "A0",
        "td_delta": 1.0783658037105468,
        "q_table": {
            "S0": {
                "A0": 19.85379466410418,
                "A1": 18.25672375715508
            },
            "S1": {
                "A0": 17.761741813872405,
                "A1": 19.853538211444214
            }
        }
    },
    {
        "episode": 195,
        "current_state": "S1",
        "current_action": "A1",
        "td_delta": 0.873753244469313,
        "q_table": {
            "S0": {
                "A0": 19.985305838822693,
                "A1": 18.25672375715508
            },
            "S1": {
                "A0": 17.761741813872405,
                "A1": 20.31654903522066
            }
        }
    },
    {
        "episode": 196,
        "current_state": "S1",
        "current_action": "A1",
        "td_delta": 1.12089985457229,
        "q_table": {
            "S0": {
                "A0": 20.932737716472154,
                "A1": 18.25672375715508
            },
            "S1": {
                "A0": 17.761741813872405,
                "A1": 20.975528886556273
            }
        }
    },
    {
        "episode": 197,
        "current_state": "S0",
        "current_action": "A0",
        "td_delta": -0.6247345761832328,
        "q_table": {
            "S0": {
                "A0": 20.72602308771909,
                "A1": 18.25672375715508
            },
            "S1": {
                "A0": 17.761741813872405,
                "A1": 20.673610302140734
            }
        }
    },
    {
        "episode": 198,
        "current_state": "S1",
        "current_action": "A1",
        "td_delta": 0.3998146590063989,
        "q_table": {
            "S0": {
                "A0": 20.50400925255983,
                "A1": 18.25672375715508
            },
            "S1": {
                "A0": 17.761741813872405,
                "A1": 20.698571810369998
            }
        }
    },
    {
        "episode": 199,
        "current_state": "S1",
        "current_action": "A1",
        "td_delta": -0.5108733448594407,
        "q_table": {
            "S0": {
                "A0": 19.73310513988937,
                "A1": 18.25672375715508
            },
            "S1": {
                "A0": 17.761741813872405,
                "A1": 19.9657096809378
            }
        }
    }
]