[
    {
        "episode": 0,
        "current_state": "S1",
        "current_action": "A0",
        "td_delta": 2.8487924780964824,
        "q_table": {
            "S0": {
                "A0": 4.8319157167276865,
                "A1": 3.887088449731819
            },
            "S1": {
                "A0": 4.067948286862549,
                "A1": 5.20225798828874
            }
        }
    },
    {
        "episode": 1,
        "current_state": "S1",
        "current_action": "A0",
        "td_delta": 1.3598627119393178,
        "q_table": {
            "S0": {
                "A0": 8.114511649771954,
                "A1": 8.029158626617448
            },
            "S1": {
                "A0": 7.3621977361260225,
                "A1": 8.385908324450329
            }
        }
    },
    {
        "episode": 2,
        "current_state": "S1",
        "current_action": "A1",
        "td_delta": 1.2741894586131686,
        "q_table": {
            "S0": {
                "A0": 11.176771086986584,
                "A1": 10.043159890674852
            },
            "S1": {
                "A0": 10.036664848037038,
                "A1": 11.32018266782064
            }
        }
    },
    {
        "episode": 3,
        "current_state": "S0",
        "current_action": "A0",
        "td_delta": 0.4736041212490445,
        "q_table": {
            "S0": {
                "A0": 13.806196599874237,
                "A1": 11.769231197162178
            },
            "S1": {
                "A0": 12.150529486319412,
                "A1": 14.212715943502227
            }
        }
    },
    {
        "episode": 4,
        "current_state": "S1",
        "current_action": "A1",
        "td_delta": -0.7508987454314777,
        "q_table": {
            "S0": {
                "A0": 16.063610105600553,
                "A1": 14.10302467466982
            },
            "S1": {
                "A0": 14.622241949511315,
                "A1": 15.718570693065418
            }
        }
    },
    {
        "episode": 5,
        "current_state": "S0",
        "current_action": "A0",
        "td_delta": 0.5671946450547445,
        "q_table": {
            "S0": {
                "A0": 17.02675182266629,
                "A1": 15.390655888080174
            },
            "S1": {
                "A0": 16.248185282334223,
                "A1": 17.255209965465532
            }
        }
    },
    {
        "episode": 6,
        "current_state": "S0",
        "current_action": "A1",
        "td_delta": -0.2843548161200147,
        "q_table": {
            "S0": {
                "A0": 18.079831971316956,
                "A1": 16.657430292655167
            },
            "S1": {
                "A0": 17.03022640119733,
                "A1": 18.376759852905046
            }
        }
    },
    {
        "episode": 7,
        "current_state": "S0",
        "current_action": "A0",
        "td_delta": -0.3686013913271715,
        "q_table": {
            "S0": {
                "A0": 18.750917211172933,
                "A1": 17.176999650272816
            },
            "S1": {
                "A0": 17.20803273232234,
                "A1": 18.709034157222643
            }
        }
    },
    {
        "episode": 8,
        "current_state": "S0",
        "current_action": "A0",
        "td_delta": -0.9678537735707273,
        "q_table": {
            "S0": {
                "A0": 19.37074181215324,
                "A1": 17.738205357560457
            },
            "S1": {
                "A0": 17.854921548092218,
                "A1": 18.815603483712266
            }
        }
    },
    {
        "episode": 9,
        "current_state": "S1",
        "current_action": "A1",
        "td_delta": 0.78632349691717,
        "q_table": {
            "S0": {
                "A0": 19.480705134552764,
                "A1": 18.29419653192487
            },
            "S1": {
                "A0": 18.129451740343185,
                "A1": 19.59765583630392
            }
        }
    },
    {
        "episode": 10,
        "current_state": "S1",
        "current_action": "A1",
        "td_delta": -0.490042513309799,
        "q_table": {
            "S0": {
                "A0": 19.312921804969335,
                "A1": 18.29419653192487
            },
            "S1": {
                "A0": 18.129451740343185,
                "A1": 19.241221262514546
            }
        }
    },
    {
        "episode": 11,
        "current_state": "S1",
        "current_action": "A1",
        "td_delta": 1.260345284562991,
        "q_table": {
            "S0": {
                "A0": 20.275409942659568,
                "A1": 18.29419653192487
            },
            "S1": {
                "A0": 18.129451740343185,
                "A1": 20.66480003813282
            }
        }
    },
    {
        "episode": 12,
        "current_state": "S0",
        "current_action": "A0",
        "td_delta": -0.3590554120777263,
        "q_table": {
            "S0": {
                "A0": 20.93543646150191,
                "A1": 18.29419653192487
            },
            "S1": {
                "A0": 18.129451740343185,
                "A1": 20.468514854189596
            }
        }
    },
    {
        "episode": 13,
        "current_state": "S0",
        "current_action": "A0",
        "td_delta": -0.5560240277157256,
        "q_table": {
            "S0": {
                "A0": 20.199043701215434,
                "A1": 18.29419653192487
            },
            "S1": {
                "A0": 18.129451740343185,
                "A1": 20.235228915387037
            }
        }
    },
    {
        "episode": 14,
        "current_state": "S0",
        "current_action": "A0",
        "td_delta": 0.8533019686069352,
        "q_table": {
            "S0": {
                "A0": 20.09385287981514,
                "A1": 18.29419653192487
            },
            "S1": {
                "A0": 18.129451740343185,
                "A1": 20.325625203499303
            }
        }
    },
    {
        "episode": 15,
        "current_state": "S0",
        "current_action": "A0",
        "td_delta": 0.25547721652992905,
        "q_table": {
            "S0": {
                "A0": 20.394273505816976,
                "A1": 18.29419653192487
            },
            "S1": {
                "A0": 18.129451740343185,
                "A1": 20.865612705359705
            }
        }
    },
    {
        "episode": 16,
        "current_state": "S0",
        "current_action": "A0",
        "td_delta": -0.7953434977901246,
        "q_table": {
            "S0": {
                "A0": 19.67828003093047,
                "A1": 18.29419653192487
            },
            "S1": {
                "A0": 18.129451740343185,
                "A1": 20.313041979386032
            }
        }
    },
    {
        "episode": 17,
        "current_state": "S0",
        "current_action": "A0",
        "td_delta": 0.8065644819981301,
        "q_table": {
            "S0": {
                "A0": 19.421292030154756,
                "A1": 18.29419653192487
            },
            "S1": {
                "A0": 18.129451740343185,
                "A1": 19.62790824084181
            }
        }
    },
    {
        "episode": 18,
        "current_state": "S1",
        "current_action": "A1",
        "td_delta": 0.34409256431931823,
        "q_table": {
            "S0": {
                "A0": 19.51160338243067,
                "A1": 18.29419653192487
            },
            "S1": {
                "A0": 18.129451740343185,
                "A1": 19.519399078921705
            }
        }
    },
    {
        "episode": 19,
        "current_state": "S1",
        "current_action": "A1",
        "td_delta": 0.5085752844553255,
        "q_table": {
            "S0": {
                "A0": 19.497376180591004,
                "A1": 18.29419653192487
            },
            "S1": {
                "A0": 18.129451740343185,
                "A1": 19.450088233694085
            }
        }
    },
    {
        "episode": 20,
        "current_state": "S1",
        "current_action": "A1",
        "td_delta": -1.560041217050621,
        "q_table": {
            "S0": {
                "A0": 19.63086045273434,
                "A1": 18.29419653192487
            },
            "S1": {
                "A0": 18.129451740343185,
                "A1": 19.762791201938946
            }
        }
    },
    {
        "episode": 21,
        "current_state": "S0",
        "current_action": "A0",
        "td_delta": 0.7125161284892556,
        "q_table": {
            "S0": {
                "A0": 20.48621508145097,
                "A1": 18.29419653192487
            },
            "S1": {
                "A0": 18.129451740343185,
                "A1": 19.954854862982888
            }
        }
    },
    {
        "episode": 22,
        "current_state": "S1",
        "current_action": "A1",
        "td_delta": -2.353240829515201,
        "q_table": {
            "S0": {
                "A0": 20.65007215886794,
                "A1": 18.29419653192487
            },
            "S1": {
                "A0": 18.129451740343185,
                "A1": 20.76665809260576
            }
        }
    },
    {
        "episode": 23,
        "current_state": "S1",
        "current_action": "A1",
        "td_delta": 0.5385971932912348,
        "q_table": {
            "S0": {
                "A0": 20.54913217728113,
                "A1": 18.29419653192487
            },
            "S1": {
                "A0": 18.129451740343185,
                "A1": 20.585027538078783
            }
        }
    },
    {
        "episode": 24,
        "current_state": "S1",
        "current_action": "A1",
        "td_delta": 1.503855280663661,
        "q_table": {
            "S0": {
                "A0": 20.457039765170403,
                "A1": 18.29419653192487
            },
            "S1": {
                "A0": 18.129451740343185,
                "A1": 20.884234014063935
            }
        }
    },
    {
        "episode": 25,
        "current_state": "S0",
        "current_action": "A0",
        "td_delta": -0.15192258332037056,
        "q_table": {
            "S0": {
                "A0": 20.457482751022873,
                "A1": 18.29419653192487
            },
            "S1": {
                "A0": 18.129451740343185,
                "A1": 20.573650874452046
            }
        }
    },
    {
        "episode": 26,
        "current_state": "S0",
        "current_action": "A0",
        "td_delta": 0.25937031303744007,
        "q_table": {
            "S0": {
                "A0": 20.201620341718428,
                "A1": 18.29419653192487
            },
            "S1": {
                "A0": 18.129451740343185,
                "A1": 20.20827163114629
            }
        }
    },
    {
        "episode": 27,
        "current_state": "S0",
        "current_action": "A0",
        "td_delta": 0.7315147698687738,
        "q_table": {
            "S0": {
                "A0": 20.321046380901617,
                "A1": 18.29419653192487
            },
            "S1": {
                "A0": 18.129451740343185,
                "A1": 20.433623175201504
            }
        }
    },
    {
        "episode": 28,
        "current_state": "S0",
        "current_action": "A0",
        "td_delta": -0.6428800747211447,
        "q_table": {
            "S0": {
                "A0": 20.15853676258726,
                "A1": 18.29419653192487
            },
            "S1": {
                "A0": 18.129451740343185,
                "A1": 19.99569852314921
            }
        }
    },
    {
        "episode": 29,
        "current_state": "S0",
        "current_action": "A0",
        "td_delta": -0.7187159184659144,
        "q_table": {
            "S0": {
                "A0": 19.839576763757577,
                "A1": 18.29419653192487
            },
            "S1": {
                "A0": 18.129451740343185,
                "A1": 19.909429201739822
            }
        }
    },
    {
        "episode": 30,
        "current_state": "S0",
        "current_action": "A0",
        "td_delta": -0.018822135615547353,
        "q_table": {
            "S0": {
                "A0": 20.02537594851219,
                "A1": 18.29419653192487
            },
            "S1": {
                "A0": 18.129451740343185,
                "A1": 19.908455350887266
            }
        }
    },
    {
        "episode": 31,
        "current_state": "S1",
        "current_action": "A1",
        "td_delta": 0.5393204896638117,
        "q_table": {
            "S0": {
                "A0": 19.56421403869877,
                "A1": 18.29419653192487
            },
            "S1": {
                "A0": 18.129451740343185,
                "A1": 19.557840124247978
            }
        }
    },
    {
        "episode": 32,
        "current_state": "S1",
        "current_action": "A1",
        "td_delta": -0.9729639275405617,
        "q_table": {
            "S0": {
                "A0": 19.431684507609088,
                "A1": 18.29419653192487
            },
            "S1": {
                "A0": 18.129451740343185,
                "A1": 19.16937114663203
            }
        }
    },
    {
        "episode": 33,
        "current_state": "S1",
        "current_action": "A1",
        "td_delta": 0.5768547941274527,
        "q_table": {
            "S0": {
                "A0": 19.283039014553037,
                "A1": 18.29419653192487
            },
            "S1": {
                "A0": 18.129451740343185,
                "A1": 19.13257517654236
            }
        }
    },
    {
        "episode": 34,
        "current_state": "S0",
        "current_action": "A0",
        "td_delta": -0.6796697510767373,
        "q_table": {
            "S0": {
                "A0": 19.182631955474726,
                "A1": 18.29419653192487
            },
            "S1": {
                "A0": 18.129451740343185,
                "A1": 19.32141451933073
            }
        }
    },
    {
        "episode": 35,
        "current_state": "S0",
        "current_action": "A0",
        "td_delta": -2.355720561877895,
        "q_table": {
            "S0": {
                "A0": 19.062206322886222,
                "A1": 18.29419653192487
            },
            "S1": {
                "A0": 18.129451740343185,
                "A1": 19.02012413151123
            }
        }
    },
    {
        "episode": 36,
        "current_state": "S1",
        "current_action": "A1",
        "td_delta": -1.0870022238398178,
        "q_table": {
            "S0": {
                "A0": 19.057262791820687,
                "A1": 18.29419653192487
            },
            "S1": {
                "A0": 18.129451740343185,
                "A1": 19.21952596844632
            }
        }
    },
    {
        "episode": 37,
        "current_state": "S1",
        "current_action": "A1",
        "td_delta": 0.8873777840936512,
        "q_table": {
            "S0": {
                "A0": 19.44651760269319,
                "A1": 18.29419653192487
            },
            "S1": {
                "A0": 18.129451740343185,
                "A1": 19.452821367300157
            }
        }
    },
    {
        "episode": 38,
        "current_state": "S0",
        "current_action": "A0",
        "td_delta": 0.22986868938735583,
        "q_table": {
            "S0": {
                "A0": 19.868859553050356,
                "A1": 18.29419653192487
            },
            "S1": {
                "A0": 18.129451740343185,
                "A1": 19.56100302721334
            }
        }
    },
    {
        "episode": 39,
        "current_state": "S1",
        "current_action": "A1",
        "td_delta": 0.5474100151782615,
        "q_table": {
            "S0": {
                "A0": 20.48942025046128,
                "A1": 18.29419653192487
            },
            "S1": {
                "A0": 18.129451740343185,
                "A1": 20.272618200274056
            }
        }
    },
    {
        "episode": 40,
        "current_state": "S1",
        "current_action": "A1",
        "td_delta": -0.01356606332113941,
        "q_table": {
            "S0": {
                "A0": 20.658290662888863,
                "A1": 18.29419653192487
            },
            "S1": {
                "A0": 18.129451740343185,
                "A1": 20.62784429855053
            }
        }
    },
    {
        "episode": 41,
        "current_state": "S0",
        "current_action": "A0",
        "td_delta": -1.3818532560670675,
        "q_table": {
            "S0": {
                "A0": 20.70041648009342,
                "A1": 18.29419653192487
            },
            "S1": {
                "A0": 18.129451740343185,
                "A1": 20.56670821077058
            }
        }
    },
    {
        "episode": 42,
        "current_state": "S1",
        "current_action": "A1",
        "td_delta": 0.46609264087907576,
        "q_table": {
            "S0": {
                "A0": 20.413183089926537,
                "A1": 18.29419653192487
            },
            "S1": {
                "A0": 18.129451740343185,
                "A1": 20.19017315364716
            }
        }
    },
    {
        "episode": 43,
        "current_state": "S0",
        "current_action": "A0",
        "td_delta": -1.9914093208336112,
        "q_table": {
            "S0": {
                "A0": 19.88707859327695,
                "A1": 18.29419653192487
            },
            "S1": {
                "A0": 18.129451740343185,
                "A1": 19.634496193031282
            }
        }
    },
    {
        "episode": 44,
        "current_state": "S0",
        "current_action": "A0",
        "td_delta": 0.9221303378546288,
        "q_table": {
            "S0": {
                "A0": 19.963960135759176,
                "A1": 18.29419653192487
            },
            "S1": {
                "A0": 18.129451740343185,
                "A1": 19.972638093086516
            }
        }
    },
    {
        "episode": 45,
        "current_state": "S0",
        "current_action": "A0",
        "td_delta": 0.2677517858805558,
        "q_table": {
            "S0": {
                "A0": 19.895722120420114,
                "A1": 18.29419653192487
            },
            "S1": {
                "A0": 18.129451740343185,
                "A1": 20.35479258217425
            }
        }
    },
    {
        "episode": 46,
        "current_state": "S1",
        "current_action": "A1",
        "td_delta": 1.7296070046151115,
        "q_table": {
            "S0": {
                "A0": 19.624342459431016,
                "A1": 18.29419653192487
            },
            "S1": {
                "A0": 18.129451740343185,
                "A1": 19.49050006668181
            }
        }
    },
    {
        "episode": 47,
        "current_state": "S1",
        "current_action": "A1",
        "td_delta": -0.777802788502413,
        "q_table": {
            "S0": {
                "A0": 20.100980148211335,
                "A1": 18.29419653192487
            },
            "S1": {
                "A0": 18.129451740343185,
                "A1": 19.939675948716463
            }
        }
    },
    {
        "episode": 48,
        "current_state": "S0",
        "current_action": "A0",
        "td_delta": -0.5570766532655753,
        "q_table": {
            "S0": {
                "A0": 19.38654720358156,
                "A1": 18.29419653192487
            },
            "S1": {
                "A0": 18.129451740343185,
                "A1": 19.371615284873634
            }
        }
    },
    {
        "episode": 49,
        "current_state": "S0",
        "current_action": "A0",
        "td_delta": -0.14135427275693857,
        "q_table": {
            "S0": {
                "A0": 19.00196188767173,
                "A1": 18.29419653192487
            },
            "S1": {
                "A0": 18.129451740343185,
                "A1": 19.016302699837883
            }
        }
    },
    {
        "episode": 50,
        "current_state": "S1",
        "current_action": "A1",
        "td_delta": 0.24159858933854395,
        "q_table": {
            "S0": {
                "A0": 19.244530131095146,
                "A1": 18.29419653192487
            },
            "S1": {
                "A0": 18.129451740343185,
                "A1": 19.307609684394546
            }
        }
    },
    {
        "episode": 51,
        "current_state": "S0",
        "current_action": "A0",
        "td_delta": -0.9273064899277195,
        "q_table": {
            "S0": {
                "A0": 19.275374708397642,
                "A1": 18.29419653192487
            },
            "S1": {
                "A0": 18.129451740343185,
                "A1": 19.91021618925987
            }
        }
    },
    {
        "episode": 52,
        "current_state": "S1",
        "current_action": "A1",
        "td_delta": -1.5809256930964786,
        "q_table": {
            "S0": {
                "A0": 19.789866168837122,
                "A1": 18.29419653192487
            },
            "S1": {
                "A0": 18.129451740343185,
                "A1": 19.700711010482863
            }
        }
    },
    {
        "episode": 53,
        "current_state": "S1",
        "current_action": "A1",
        "td_delta": -1.6810164558563585,
        "q_table": {
            "S0": {
                "A0": 19.441284349400497,
                "A1": 18.29419653192487
            },
            "S1": {
                "A0": 18.129451740343185,
                "A1": 19.32443684366026
            }
        }
    },
    {
        "episode": 54,
        "current_state": "S0",
        "current_action": "A0",
        "td_delta": 0.6694467108854205,
        "q_table": {
            "S0": {
                "A0": 19.453788441651287,
                "A1": 18.29419653192487
            },
            "S1": {
                "A0": 18.129451740343185,
                "A1": 20.00641965377457
            }
        }
    },
    {
        "episode": 55,
        "current_state": "S0",
        "current_action": "A0",
        "td_delta": 0.5457484619690334,
        "q_table": {
            "S0": {
                "A0": 19.708561085825878,
                "A1": 18.29419653192487
            },
            "S1": {
                "A0": 18.129451740343185,
                "A1": 19.56521873086397
            }
        }
    },
    {
        "episode": 56,
        "current_state": "S0",
        "current_action": "A0",
        "td_delta": -0.658662862482494,
        "q_table": {
            "S0": {
                "A0": 19.42917313414989,
                "A1": 18.29419653192487
            },
            "S1": {
                "A0": 18.129451740343185,
                "A1": 19.2840587777447
            }
        }
    },
    {
        "episode": 57,
        "current_state": "S1",
        "current_action": "A1",
        "td_delta": -1.4236017197442052,
        "q_table": {
            "S0": {
                "A0": 20.284728135572557,
                "A1": 18.29419653192487
            },
            "S1": {
                "A0": 18.129451740343185,
                "A1": 19.980150006908268
            }
        }
    },
    {
        "episode": 58,
        "current_state": "S1",
        "current_action": "A1",
        "td_delta": 0.9456622475163066,
        "q_table": {
            "S0": {
                "A0": 20.591384980327483,
                "A1": 18.29419653192487
            },
            "S1": {
                "A0": 18.129451740343185,
                "A1": 20.62503301409076
            }
        }
    },
    {
        "episode": 59,
        "current_state": "S1",
        "current_action": "A1",
        "td_delta": 1.5919414067625866,
        "q_table": {
            "S0": {
                "A0": 20.295122140891337,
                "A1": 18.29419653192487
            },
            "S1": {
                "A0": 18.129451740343185,
                "A1": 20.33315386009106
            }
        }
    },
    {
        "episode": 60,
        "current_state": "S0",
        "current_action": "A0",
        "td_delta": 1.8100051095931846,
        "q_table": {
            "S0": {
                "A0": 20.402679502521494,
                "A1": 18.29419653192487
            },
            "S1": {
                "A0": 18.129451740343185,
                "A1": 20.29943565767911
            }
        }
    },
    {
        "episode": 61,
        "current_state": "S1",
        "current_action": "A1",
        "td_delta": 0.8938685592231259,
        "q_table": {
            "S0": {
                "A0": 20.448789864697563,
                "A1": 18.29419653192487
            },
            "S1": {
                "A0": 18.129451740343185,
                "A1": 20.13157964103729
            }
        }
    },
    {
        "episode": 62,
        "current_state": "S0",
        "current_action": "A0",
        "td_delta": -0.6404763811985426,
        "q_table": {
            "S0": {
                "A0": 20.748806876691624,
                "A1": 18.29419653192487
            },
            "S1": {
                "A0": 18.129451740343185,
                "A1": 20.994219564836538
            }
        }
    },
    {
        "episode": 63,
        "current_state": "S0",
        "current_action": "A0",
        "td_delta": 0.3944765674937756,
        "q_table": {
            "S0": {
                "A0": 20.081692802396024,
                "A1": 18.29419653192487
            },
            "S1": {
                "A0": 18.129451740343185,
                "A1": 20.448255784887593
            }
        }
    },
    {
        "episode": 64,
        "current_state": "S1",
        "current_action": "A1",
        "td_delta": -0.19226684658296733,
        "q_table": {
            "S0": {
                "A0": 20.506605201541454,
                "A1": 18.29419653192487
            },
            "S1": {
                "A0": 18.129451740343185,
                "A1": 20.666512213117414
            }
        }
    },
    {
        "episode": 65,
        "current_state": "S0",
        "current_action": "A0",
        "td_delta": -1.328763908181326,
        "q_table": {
            "S0": {
                "A0": 20.20634572087274,
                "A1": 18.29419653192487
            },
            "S1": {
                "A0": 18.129451740343185,
                "A1": 20.76904350085472
            }
        }
    },
    {
        "episode": 66,
        "current_state": "S0",
        "current_action": "A0",
        "td_delta": -0.7365329611164277,
        "q_table": {
            "S0": {
                "A0": 20.145657716938878,
                "A1": 18.29419653192487
            },
            "S1": {
                "A0": 18.129451740343185,
                "A1": 20.412643526481858
            }
        }
    },
    {
        "episode": 67,
        "current_state": "S1",
        "current_action": "A1",
        "td_delta": -1.4093464397969697,
        "q_table": {
            "S0": {
                "A0": 19.28143201623927,
                "A1": 18.29419653192487
            },
            "S1": {
                "A0": 18.129451740343185,
                "A1": 18.551873968242933
            }
        }
    },
    {
        "episode": 68,
        "current_state": "S1",
        "current_action": "A1",
        "td_delta": -0.6068525906714619,
        "q_table": {
            "S0": {
                "A0": 18.239921565004614,
                "A1": 18.080819974046474
            },
            "S1": {
                "A0": 17.910119887191332,
                "A1": 18.71011178865254
            }
        }
    },
    {
        "episode": 69,
        "current_state": "S0",
        "current_action": "A0",
        "td_delta": 0.39837618102023953,
        "q_table": {
            "S0": {
                "A0": 19.23357600858777,
                "A1": 18.080819974046474
            },
            "S1": {
                "A0": 17.910119887191332,
                "A1": 18.845481547576885
            }
        }
    },
    {
        "episode": 70,
        "current_state": "S1",
        "current_action": "A1",
        "td_delta": -1.968399179335833,
        "q_table": {
            "S0": {
                "A0": 19.15710675838957,
                "A1": 18.080819974046474
            },
            "S1": {
                "A0": 17.910119887191332,
                "A1": 19.307004150579782
            }
        }
    },
    {
        "episode": 71,
        "current_state": "S1",
        "current_action": "A1",
        "td_delta": 1.0684609192672667,
        "q_table": {
            "S0": {
                "A0": 18.910323229106233,
                "A1": 18.080819974046474
            },
            "S1": {
                "A0": 17.910119887191332,
                "A1": 18.8158960914296
            }
        }
    },
    {
        "episode": 72,
        "current_state": "S0",
        "current_action": "A0",
        "td_delta": 0.819197266724359,
        "q_table": {
            "S0": {
                "A0": 19.853781795376374,
                "A1": 18.080819974046474
            },
            "S1": {
                "A0": 17.910119887191332,
                "A1": 20.110743139973295
            }
        }
    },
    {
        "episode": 73,
        "current_state": "S1",
        "current_action": "A1",
        "td_delta": -0.1671340884362813,
        "q_table": {
            "S0": {
                "A0": 19.586363192083933,
                "A1": 18.080819974046474
            },
            "S1": {
                "A0": 17.910119887191332,
                "A1": 19.539794332065135
            }
        }
    },
    {
        "episode": 74,
        "current_state": "S1",
        "current_action": "A1",
        "td_delta": 0.492499242759628,
        "q_table": {
            "S0": {
                "A0": 19.380580768521558,
                "A1": 18.080819974046474
            },
            "S1": {
                "A0": 17.910119887191332,
                "A1": 20.036942461179
            }
        }
    },
    {
        "episode": 75,
        "current_state": "S1",
        "current_action": "A1",
        "td_delta": 0.22656773141273234,
        "q_table": {
            "S0": {
                "A0": 19.45755270833166,
                "A1": 18.080819974046474
            },
            "S1": {
                "A0": 17.910119887191332,
                "A1": 19.487194340901496
            }
        }
    },
    {
        "episode": 76,
        "current_state": "S1",
        "current_action": "A1",
        "td_delta": 1.9415159249942349,
        "q_table": {
            "S0": {
                "A0": 19.10779931823715,
                "A1": 18.080819974046474
            },
            "S1": {
                "A0": 17.910119887191332,
                "A1": 19.433230136536977
            }
        }
    },
    {
        "episode": 77,
        "current_state": "S0",
        "current_action": "A0",
        "td_delta": -0.8868441058855403,
        "q_table": {
            "S0": {
                "A0": 19.557989108417047,
                "A1": 18.080819974046474
            },
            "S1": {
                "A0": 17.910119887191332,
                "A1": 19.540439612572687
            }
        }
    },
    {
        "episode": 78,
        "current_state": "S0",
        "current_action": "A0",
        "td_delta": 1.3576135810216883,
        "q_table": {
            "S0": {
                "A0": 19.705359706258907,
                "A1": 18.080819974046474
            },
            "S1": {
                "A0": 17.910119887191332,
                "A1": 19.599088414202647
            }
        }
    },
    {
        "episode": 79,
        "current_state": "S0",
        "current_action": "A0",
        "td_delta": -1.1049415627757533,
        "q_table": {
            "S0": {
                "A0": 19.491199808782252,
                "A1": 18.080819974046474
            },
            "S1": {
                "A0": 17.910119887191332,
                "A1": 19.690767519177903
            }
        }
    },
    {
        "episode": 80,
        "current_state": "S1",
        "current_action": "A1",
        "td_delta": -0.932203544385029,
        "q_table": {
            "S0": {
                "A0": 19.762129361599985,
                "A1": 18.080819974046474
            },
            "S1": {
                "A0": 17.910119887191332,
                "A1": 19.739974877934177
            }
        }
    },
    {
        "episode": 81,
        "current_state": "S0",
        "current_action": "A0",
        "td_delta": -0.8162027678917632,
        "q_table": {
            "S0": {
                "A0": 20.33219959147402,
                "A1": 18.080819974046474
            },
            "S1": {
                "A0": 17.910119887191332,
                "A1": 20.224537519147866
            }
        }
    },
    {
        "episode": 82,
        "current_state": "S1",
        "current_action": "A1",
        "td_delta": 0.1829409394612611,
        "q_table": {
            "S0": {
                "A0": 21.197266065713357,
                "A1": 18.080819974046474
            },
            "S1": {
                "A0": 17.910119887191332,
                "A1": 20.77045549943168
            }
        }
    },
    {
        "episode": 83,
        "current_state": "S0",
        "current_action": "A0",
        "td_delta": 0.7641718307430097,
        "q_table": {
            "S0": {
                "A0": 20.505148871471253,
                "A1": 18.080819974046474
            },
            "S1": {
                "A0": 17.910119887191332,
                "A1": 20.243227291060336
            }
        }
    },
    {
        "episode": 84,
        "current_state": "S1",
        "current_action": "A1",
        "td_delta": -0.05311041503286873,
        "q_table": {
            "S0": {
                "A0": 19.738284429707882,
                "A1": 18.080819974046474
            },
            "S1": {
                "A0": 17.910119887191332,
                "A1": 19.958883747968258
            }
        }
    },
    {
        "episode": 85,
        "current_state": "S0",
        "current_action": "A0",
        "td_delta": -0.023354175042481273,
        "q_table": {
            "S0": {
                "A0": 19.438439824614424,
                "A1": 18.080819974046474
            },
            "S1": {
                "A0": 17.910119887191332,
                "A1": 19.715100519878185
            }
        }
    },
    {
        "episode": 86,
        "current_state": "S0",
        "current_action": "A0",
        "td_delta": -1.3030115367707822,
        "q_table": {
            "S0": {
                "A0": 19.4507487940492,
                "A1": 18.080819974046474
            },
            "S1": {
                "A0": 17.910119887191332,
                "A1": 19.39653552920514
            }
        }
    },
    {
        "episode": 87,
        "current_state": "S0",
        "current_action": "A0",
        "td_delta": 1.947971432960962,
        "q_table": {
            "S0": {
                "A0": 19.34453411586252,
                "A1": 18.080819974046474
            },
            "S1": {
                "A0": 17.910119887191332,
                "A1": 18.861984412288944
            }
        }
    },
    {
        "episode": 88,
        "current_state": "S1",
        "current_action": "A1",
        "td_delta": -1.1320139187304328,
        "q_table": {
            "S0": {
                "A0": 18.69498113355516,
                "A1": 18.080819974046474
            },
            "S1": {
                "A0": 17.910119887191332,
                "A1": 18.73929631296338
            }
        }
    },
    {
        "episode": 89,
        "current_state": "S0",
        "current_action": "A0",
        "td_delta": 0.6700356785222858,
        "q_table": {
            "S0": {
                "A0": 18.574053168632076,
                "A1": 18.080819974046474
            },
            "S1": {
                "A0": 17.910119887191332,
                "A1": 18.975722662731226
            }
        }
    },
    {
        "episode": 90,
        "current_state": "S0",
        "current_action": "A0",
        "td_delta": 0.791794572891547,
        "q_table": {
            "S0": {
                "A0": 19.598221659959155,
                "A1": 18.080819974046474
            },
            "S1": {
                "A0": 17.910119887191332,
                "A1": 19.55506927286981
            }
        }
    },
    {
        "episode": 91,
        "current_state": "S1",
        "current_action": "A1",
        "td_delta": -0.7869291512369578,
        "q_table": {
            "S0": {
                "A0": 19.399740188747586,
                "A1": 18.080819974046474
            },
            "S1": {
                "A0": 17.910119887191332,
                "A1": 19.272621789621088
            }
        }
    },
    {
        "episode": 92,
        "current_state": "S0",
        "current_action": "A0",
        "td_delta": 1.1261040878683772,
        "q_table": {
            "S0": {
                "A0": 19.0215272244653,
                "A1": 18.080819974046474
            },
            "S1": {
                "A0": 17.910119887191332,
                "A1": 18.81350772941361
            }
        }
    },
    {
        "episode": 93,
        "current_state": "S1",
        "current_action": "A1",
        "td_delta": -0.03321646343974649,
        "q_table": {
            "S0": {
                "A0": 19.29495699172719,
                "A1": 18.080819974046474
            },
            "S1": {
                "A0": 17.910119887191332,
                "A1": 19.141980998924584
            }
        }
    },
    {
        "episode": 94,
        "current_state": "S0",
        "current_action": "A0",
        "td_delta": -0.27868306428985434,
        "q_table": {
            "S0": {
                "A0": 19.70907432913723,
                "A1": 18.080819974046474
            },
            "S1": {
                "A0": 17.910119887191332,
                "A1": 19.76528734374171
            }
        }
    },
    {
        "episode": 95,
        "current_state": "S0",
        "current_action": "A0",
        "td_delta": 0.5017422061731551,
        "q_table": {
            "S0": {
                "A0": 20.129886655286533,
                "A1": 18.080819974046474
            },
            "S1": {
                "A0": 17.910119887191332,
                "A1": 19.96971757371108
            }
        }
    },
    {
        "episode": 96,
        "current_state": "S1",
        "current_action": "A1",
        "td_delta": -0.10090822204589145,
        "q_table": {
            "S0": {
                "A0": 20.63159134354895,
                "A1": 18.080819974046474
            },
            "S1": {
                "A0": 17.910119887191332,
                "A1": 20.69626530883096
            }
        }
    },
    {
        "episode": 97,
        "current_state": "S0",
        "current_action": "A0",
        "td_delta": -0.7256981293806213,
        "q_table": {
            "S0": {
                "A0": 19.95343717553936,
                "A1": 18.080819974046474
            },
            "S1": {
                "A0": 17.910119887191332,
                "A1": 19.568905449175517
            }
        }
    },
    {
        "episode": 98,
        "current_state": "S1",
        "current_action": "A1",
        "td_delta": 1.7347053296263333,
        "q_table": {
            "S0": {
                "A0": 19.415438271519907,
                "A1": 18.080819974046474
            },
            "S1": {
                "A0": 17.910119887191332,
                "A1": 19.656213588092356
            }
        }
    },
    {
        "episode": 99,
        "current_state": "S0",
        "current_action": "A0",
        "td_delta": -0.9429683591359854,
        "q_table": {
            "S0": {
                "A0": 19.587073644595794,
                "A1": 18.080819974046474
            },
            "S1": {
                "A0": 17.910119887191332,
                "A1": 19.47500392413293
            }
        }
    },
    {
        "episode": 100,
        "current_state": "S1",
        "current_action": "A1",
        "td_delta": 1.38080592184426,
        "q_table": {
            "S0": {
                "A0": 19.70882531100765,
                "A1": 18.080819974046474
            },
            "S1": {
                "A0": 17.910119887191332,
                "A1": 19.853092665524834
            }
        }
    },
    {
        "episode": 101,
        "current_state": "S0",
        "current_action": "A0",
        "td_delta": 0.8040926929705741,
        "q_table": {
            "S0": {
                "A0": 20.30382087141574,
                "A1": 18.080819974046474
            },
            "S1": {
                "A0": 17.910119887191332,
                "A1": 20.479479327287585
            }
        }
    },
    {
        "episode": 102,
        "current_state": "S0",
        "current_action": "A0",
        "td_delta": -1.0368542462055288,
        "q_table": {
            "S0": {
                "A0": 19.929022111786995,
                "A1": 18.080819974046474
            },
            "S1": {
                "A0": 17.910119887191332,
                "A1": 20.212551051543123
            }
        }
    },
    {
        "episode": 103,
        "current_state": "S0",
        "current_action": "A0",
        "td_delta": 1.858867929000926,
        "q_table": {
            "S0": {
                "A0": 19.688676858168115,
                "A1": 18.080819974046474
            },
            "S1": {
                "A0": 17.910119887191332,
                "A1": 19.556857393642307
            }
        }
    },
    {
        "episode": 104,
        "current_state": "S0",
        "current_action": "A0",
        "td_delta": 0.9313506273060064,
        "q_table": {
            "S0": {
                "A0": 19.942073818187296,
                "A1": 18.080819974046474
            },
            "S1": {
                "A0": 17.910119887191332,
                "A1": 19.911034416604892
            }
        }
    },
    {
        "episode": 105,
        "current_state": "S0",
        "current_action": "A0",
        "td_delta": 0.030550658216398574,
        "q_table": {
            "S0": {
                "A0": 19.64271988203176,
                "A1": 18.080819974046474
            },
            "S1": {
                "A0": 17.910119887191332,
                "A1": 19.497207814871796
            }
        }
    },
    {
        "episode": 106,
        "current_state": "S1",
        "current_action": "A1",
        "td_delta": 1.0893806092798464,
        "q_table": {
            "S0": {
                "A0": 18.93585118855429,
                "A1": 18.080819974046474
            },
            "S1": {
                "A0": 17.910119887191332,
                "A1": 19.536607496569047
            }
        }
    },
    {
        "episode": 107,
        "current_state": "S0",
        "current_action": "A0",
        "td_delta": 0.6028891624226631,
        "q_table": {
            "S0": {
                "A0": 19.675157865566693,
                "A1": 18.080819974046474
            },
            "S1": {
                "A0": 17.910119887191332,
                "A1": 19.981271135779405
            }
        }
    },
    {
        "episode": 108,
        "current_state": "S1",
        "current_action": "A1",
        "td_delta": 0.25128374517431595,
        "q_table": {
            "S0": {
                "A0": 19.719245749783525,
                "A1": 18.080819974046474
            },
            "S1": {
                "A0": 17.910119887191332,
                "A1": 19.601908050868015
            }
        }
    },
    {
        "episode": 109,
        "current_state": "S0",
        "current_action": "A0",
        "td_delta": 0.3071135251548469,
        "q_table": {
            "S0": {
                "A0": 19.655974241338132,
                "A1": 18.080819974046474
            },
            "S1": {
                "A0": 17.910119887191332,
                "A1": 19.88085067568183
            }
        }
    },
    {
        "episode": 110,
        "current_state": "S0",
        "current_action": "A0",
        "td_delta": 0.5487331474660131,
        "q_table": {
            "S0": {
                "A0": 20.051160176381533,
                "A1": 18.080819974046474
            },
            "S1": {
                "A0": 17.910119887191332,
                "A1": 19.957195637497612
            }
        }
    },
    {
        "episode": 111,
        "current_state": "S0",
        "current_action": "A0",
        "td_delta": 0.6975859844026893,
        "q_table": {
            "S0": {
                "A0": 20.11043364746902,
                "A1": 18.080819974046474
            },
            "S1": {
                "A0": 17.910119887191332,
                "A1": 19.891935822022337
            }
        }
    },
    {
        "episode": 112,
        "current_state": "S1",
        "current_action": "A1",
        "td_delta": 0.21495351711639188,
        "q_table": {
            "S0": {
                "A0": 19.777844145554326,
                "A1": 18.080819974046474
            },
            "S1": {
                "A0": 17.910119887191332,
                "A1": 19.576253239787047
            }
        }
    },
    {
        "episode": 113,
        "current_state": "S0",
        "current_action": "A0",
        "td_delta": 0.7964608501303161,
        "q_table": {
            "S0": {
                "A0": 19.95656683164146,
                "A1": 18.080819974046474
            },
            "S1": {
                "A0": 17.910119887191332,
                "A1": 20.201456529721288
            }
        }
    },
    {
        "episode": 114,
        "current_state": "S0",
        "current_action": "A0",
        "td_delta": -0.39792017000285895,
        "q_table": {
            "S0": {
                "A0": 20.629307681428457,
                "A1": 18.080819974046474
            },
            "S1": {
                "A0": 17.910119887191332,
                "A1": 20.296969328602167
            }
        }
    },
    {
        "episode": 115,
        "current_state": "S1",
        "current_action": "A1",
        "td_delta": -0.3126912357719682,
        "q_table": {
            "S0": {
                "A0": 19.803178390069373,
                "A1": 18.080819974046474
            },
            "S1": {
                "A0": 17.910119887191332,
                "A1": 20.111920870786385
            }
        }
    },
    {
        "episode": 116,
        "current_state": "S1",
        "current_action": "A1",
        "td_delta": -0.14051779724132274,
        "q_table": {
            "S0": {
                "A0": 20.58534395629284,
                "A1": 18.080819974046474
            },
            "S1": {
                "A0": 17.910119887191332,
                "A1": 20.60029004009076
            }
        }
    },
    {
        "episode": 117,
        "current_state": "S0",
        "current_action": "A0",
        "td_delta": 0.37430584610911666,
        "q_table": {
            "S0": {
                "A0": 20.920785763157,
                "A1": 18.080819974046474
            },
            "S1": {
                "A0": 17.910119887191332,
                "A1": 20.511400516457055
            }
        }
    },
    {
        "episode": 118,
        "current_state": "S0",
        "current_action": "A0",
        "td_delta": 1.1770512863637812,
        "q_table": {
            "S0": {
                "A0": 20.362519429415087,
                "A1": 18.080819974046474
            },
            "S1": {
                "A0": 17.910119887191332,
                "A1": 20.480329544088146
            }
        }
    },
    {
        "episode": 119,
        "current_state": "S0",
        "current_action": "A0",
        "td_delta": -1.3540212434330847,
        "q_table": {
            "S0": {
                "A0": 19.95551263958238,
                "A1": 18.080819974046474
            },
            "S1": {
                "A0": 17.910119887191332,
                "A1": 20.189493497882378
            }
        }
    },
    {
        "episode": 120,
        "current_state": "S1",
        "current_action": "A1",
        "td_delta": 0.047842892894465194,
        "q_table": {
            "S0": {
                "A0": 20.265639099456745,
                "A1": 18.080819974046474
            },
            "S1": {
                "A0": 17.910119887191332,
                "A1": 20.245319169194687
            }
        }
    },
    {
        "episode": 121,
        "current_state": "S0",
        "current_action": "A0",
        "td_delta": 0.5343763738650544,
        "q_table": {
            "S0": {
                "A0": 20.32194469973254,
                "A1": 18.080819974046474
            },
            "S1": {
                "A0": 17.910119887191332,
                "A1": 20.329254950376946
            }
        }
    },
    {
        "episode": 122,
        "current_state": "S1",
        "current_action": "A1",
        "td_delta": -1.762127697604157,
        "q_table": {
            "S0": {
                "A0": 20.019539938401252,
                "A1": 18.080819974046474
            },
            "S1": {
                "A0": 17.910119887191332,
                "A1": 19.85771911351768
            }
        }
    },
    {
        "episode": 123,
        "current_state": "S0",
        "current_action": "A0",
        "td_delta": 0.5746894475391251,
        "q_table": {
            "S0": {
                "A0": 19.733944220763398,
                "A1": 18.080819974046474
            },
            "S1": {
                "A0": 17.910119887191332,
                "A1": 19.550881598867416
            }
        }
    },
    {
        "episode": 124,
        "current_state": "S1",
        "current_action": "A1",
        "td_delta": 2.230972007883743,
        "q_table": {
            "S0": {
                "A0": 19.60287665092458,
                "A1": 18.080819974046474
            },
            "S1": {
                "A0": 17.910119887191332,
                "A1": 20.018739689923017
            }
        }
    },
    {
        "episode": 125,
        "current_state": "S0",
        "current_action": "A0",
        "td_delta": 0.16486276516217302,
        "q_table": {
            "S0": {
                "A0": 20.064907146268343,
                "A1": 18.080819974046474
            },
            "S1": {
                "A0": 17.910119887191332,
                "A1": 20.346043280059043
            }
        }
    },
    {
        "episode": 126,
        "current_state": "S1",
        "current_action": "A1",
        "td_delta": -1.1211969045009482,
        "q_table": {
            "S0": {
                "A0": 19.866767582523686,
                "A1": 18.080819974046474
            },
            "S1": {
                "A0": 17.910119887191332,
                "A1": 19.934860749335336
            }
        }
    },
    {
        "episode": 127,
        "current_state": "S0",
        "current_action": "A0",
        "td_delta": -0.09616444471629038,
        "q_table": {
            "S0": {
                "A0": 19.601283064919084,
                "A1": 18.080819974046474
            },
            "S1": {
                "A0": 17.910119887191332,
                "A1": 19.80362637734986
            }
        }
    },
    {
        "episode": 128,
        "current_state": "S1",
        "current_action": "A1",
        "td_delta": 1.7444790403493933,
        "q_table": {
            "S0": {
                "A0": 19.644827938379677,
                "A1": 18.080819974046474
            },
            "S1": {
                "A0": 17.910119887191332,
                "A1": 19.80782371600972
            }
        }
    },
    {
        "episode": 129,
        "current_state": "S0",
        "current_action": "A0",
        "td_delta": -1.4398896988201386,
        "q_table": {
            "S0": {
                "A0": 20.075599116716525,
                "A1": 18.080819974046474
            },
            "S1": {
                "A0": 17.910119887191332,
                "A1": 20.192921207690198
            }
        }
    },
    {
        "episode": 130,
        "current_state": "S0",
        "current_action": "A0",
        "td_delta": 0.16456892018297964,
        "q_table": {
            "S0": {
                "A0": 20.082170259023457,
                "A1": 18.080819974046474
            },
            "S1": {
                "A0": 17.910119887191332,
                "A1": 19.885363760957468
            }
        }
    },
    {
        "episode": 131,
        "current_state": "S0",
        "current_action": "A0",
        "td_delta": 0.23716209582910608,
        "q_table": {
            "S0": {
                "A0": 20.031311157871688,
                "A1": 18.080819974046474
            },
            "S1": {
                "A0": 17.910119887191332,
                "A1": 20.356145162313698
            }
        }
    },
    {
        "episode": 132,
        "current_state": "S0",
        "current_action": "A0",
        "td_delta": 1.8594040684377084,
        "q_table": {
            "S0": {
                "A0": 20.324269592291405,
                "A1": 18.080819974046474
            },
            "S1": {
                "A0": 17.910119887191332,
                "A1": 20.167954507721962
            }
        }
    },
    {
        "episode": 133,
        "current_state": "S1",
        "current_action": "A1",
        "td_delta": 2.052135428852832,
        "q_table": {
            "S0": {
                "A0": 20.007013667957864,
                "A1": 18.080819974046474
            },
            "S1": {
                "A0": 17.910119887191332,
                "A1": 19.957547293238385
            }
        }
    },
    {
        "episode": 134,
        "current_state": "S0",
        "current_action": "A0",
        "td_delta": 0.44628285981623605,
        "q_table": {
            "S0": {
                "A0": 19.892692565717894,
                "A1": 18.080819974046474
            },
            "S1": {
                "A0": 17.910119887191332,
                "A1": 19.823440823694042
            }
        }
    },
    {
        "episode": 135,
        "current_state": "S0",
        "current_action": "A0",
        "td_delta": 0.7508032102394395,
        "q_table": {
            "S0": {
                "A0": 19.914258107489502,
                "A1": 18.080819974046474
            },
            "S1": {
                "A0": 17.910119887191332,
                "A1": 20.269057621743553
            }
        }
    },
    {
        "episode": 136,
        "current_state": "S1",
        "current_action": "A1",
        "td_delta": 1.201014207221263,
        "q_table": {
            "S0": {
                "A0": 19.83378877607966,
                "A1": 18.080819974046474
            },
            "S1": {
                "A0": 17.910119887191332,
                "A1": 19.7319217808064
            }
        }
    },
    {
        "episode": 137,
        "current_state": "S1",
        "current_action": "A1",
        "td_delta": -0.7553258311003752,
        "q_table": {
            "S0": {
                "A0": 19.801585003870215,
                "A1": 18.080819974046474
            },
            "S1": {
                "A0": 17.910119887191332,
                "A1": 20.154124241319792
            }
        }
    },
    {
        "episode": 138,
        "current_state": "S1",
        "current_action": "A1",
        "td_delta": 0.3363215190057183,
        "q_table": {
            "S0": {
                "A0": 19.151470231794672,
                "A1": 18.080819974046474
            },
            "S1": {
                "A0": 17.910119887191332,
                "A1": 18.826060983095093
            }
        }
    },
    {
        "episode": 139,
        "current_state": "S0",
        "current_action": "A0",
        "td_delta": 1.092785601423465,
        "q_table": {
            "S0": {
                "A0": 18.953915373299285,
                "A1": 18.080819974046474
            },
            "S1": {
                "A0": 17.910119887191332,
                "A1": 19.07347585572095
            }
        }
    },
    {
        "episode": 140,
        "current_state": "S1",
        "current_action": "A1",
        "td_delta": 0.3373730283777725,
        "q_table": {
            "S0": {
                "A0": 19.145487770524635,
                "A1": 18.080819974046474
            },
            "S1": {
                "A0": 17.910119887191332,
                "A1": 19.519658105779904
            }
        }
    },
    {
        "episode": 141,
        "current_state": "S1",
        "current_action": "A1",
        "td_delta": 0.5874663001194804,
        "q_table": {
            "S0": {
                "A0": 19.25014892281567,
                "A1": 18.080819974046474
            },
            "S1": {
                "A0": 17.910119887191332,
                "A1": 19.465414459467514
            }
        }
    },
    {
        "episode": 142,
        "current_state": "S0",
        "current_action": "A0",
        "td_delta": 0.6529343644344365,
        "q_table": {
            "S0": {
                "A0": 19.958494107815085,
                "A1": 18.080819974046474
            },
            "S1": {
                "A0": 17.910119887191332,
                "A1": 20.16359117817059
            }
        }
    },
    {
        "episode": 143,
        "current_state": "S1",
        "current_action": "A1",
        "td_delta": -0.21894135848234342,
        "q_table": {
            "S0": {
                "A0": 20.18787545744254,
                "A1": 18.080819974046474
            },
            "S1": {
                "A0": 17.910119887191332,
                "A1": 19.806773847342676
            }
        }
    },
    {
        "episode": 144,
        "current_state": "S0",
        "current_action": "A0",
        "td_delta": -1.1311121890969247,
        "q_table": {
            "S0": {
                "A0": 19.16766503514,
                "A1": 18.080819974046474
            },
            "S1": {
                "A0": 17.910119887191332,
                "A1": 19.286073886938617
            }
        }
    },
    {
        "episode": 145,
        "current_state": "S1",
        "current_action": "A1",
        "td_delta": -0.13392252132478433,
        "q_table": {
            "S0": {
                "A0": 18.70130734755679,
                "A1": 18.080819974046474
            },
            "S1": {
                "A0": 17.910119887191332,
                "A1": 19.224695366750314
            }
        }
    },
    {
        "episode": 146,
        "current_state": "S0",
        "current_action": "A0",
        "td_delta": 0.7541095180382342,
        "q_table": {
            "S0": {
                "A0": 19.48678148482702,
                "A1": 18.080819974046474
            },
            "S1": {
                "A0": 17.910119887191332,
                "A1": 19.490802337495765
            }
        }
    },
    {
        "episode": 147,
        "current_state": "S0",
        "current_action": "A0",
        "td_delta": -0.017501382732636017,
        "q_table": {
            "S0": {
                "A0": 19.388395509586896,
                "A1": 18.080819974046474
            },
            "S1": {
                "A0": 17.910119887191332,
                "A1": 19.165496683387694
            }
        }
    },
    {
        "episode": 148,
        "current_state": "S0",
        "current_action": "A0",
        "td_delta": 0.8850440045651986,
        "q_table": {
            "S0": {
                "A0": 19.755077214564537,
                "A1": 18.080819974046474
            },
            "S1": {
                "A0": 17.910119887191332,
                "A1": 19.824271969373477
            }
        }
    },
    {
        "episode": 149,
        "current_state": "S0",
        "current_action": "A0",
        "td_delta": -0.13336517850881435,
        "q_table": {
            "S0": {
                "A0": 19.031156436074145,
                "A1": 18.080819974046474
            },
            "S1": {
                "A0": 17.910119887191332,
                "A1": 18.95823811360124
            }
        }
    },
    {
        "episode": 150,
        "current_state": "S0",
        "current_action": "A0",
        "td_delta": -0.4441384026005011,
        "q_table": {
            "S0": {
                "A0": 19.55682269833768,
                "A1": 18.080819974046474
            },
            "S1": {
                "A0": 17.910119887191332,
                "A1": 20.02751321125124
            }
        }
    },
    {
        "episode": 151,
        "current_state": "S1",
        "current_action": "A1",
        "td_delta": 0.39351727969310346,
        "q_table": {
            "S0": {
                "A0": 19.09275967141225,
                "A1": 18.080819974046474
            },
            "S1": {
                "A0": 17.910119887191332,
                "A1": 19.555675530900974
            }
        }
    },
    {
        "episode": 152,
        "current_state": "S0",
        "current_action": "A0",
        "td_delta": -0.43733193407770443,
        "q_table": {
            "S0": {
                "A0": 19.723554647070156,
                "A1": 18.080819974046474
            },
            "S1": {
                "A0": 17.910119887191332,
                "A1": 19.646265779105136
            }
        }
    },
    {
        "episode": 153,
        "current_state": "S0",
        "current_action": "A0",
        "td_delta": -1.4977132267259101,
        "q_table": {
            "S0": {
                "A0": 19.60932760706512,
                "A1": 18.080819974046474
            },
            "S1": {
                "A0": 17.910119887191332,
                "A1": 19.75918143153326
            }
        }
    },
    {
        "episode": 154,
        "current_state": "S0",
        "current_action": "A0",
        "td_delta": -1.1027625964055332,
        "q_table": {
            "S0": {
                "A0": 19.90443560843533,
                "A1": 18.080819974046474
            },
            "S1": {
                "A0": 17.910119887191332,
                "A1": 20.250516528332113
            }
        }
    },
    {
        "episode": 155,
        "current_state": "S1",
        "current_action": "A1",
        "td_delta": 0.10600237354801578,
        "q_table": {
            "S0": {
                "A0": 19.838466349694027,
                "A1": 18.080819974046474
            },
            "S1": {
                "A0": 17.910119887191332,
                "A1": 19.616034387985685
            }
        }
    },
    {
        "episode": 156,
        "current_state": "S1",
        "current_action": "A1",
        "td_delta": -2.0499158910163153,
        "q_table": {
            "S0": {
                "A0": 19.208676901484328,
                "A1": 18.080819974046474
            },
            "S1": {
                "A0": 17.910119887191332,
                "A1": 19.08453183447354
            }
        }
    },
    {
        "episode": 157,
        "current_state": "S0",
        "current_action": "A0",
        "td_delta": 0.6095819007480294,
        "q_table": {
            "S0": {
                "A0": 19.251231872862117,
                "A1": 18.080819974046474
            },
            "S1": {
                "A0": 17.910119887191332,
                "A1": 19.33295954140494
            }
        }
    },
    {
        "episode": 158,
        "current_state": "S1",
        "current_action": "A1",
        "td_delta": 1.1399851846937494,
        "q_table": {
            "S0": {
                "A0": 19.77917812068748,
                "A1": 18.080819974046474
            },
            "S1": {
                "A0": 17.910119887191332,
                "A1": 19.618762787105254
            }
        }
    },
    {
        "episode": 159,
        "current_state": "S0",
        "current_action": "A0",
        "td_delta": -0.41663331281602467,
        "q_table": {
            "S0": {
                "A0": 19.874151103128384,
                "A1": 18.080819974046474
            },
            "S1": {
                "A0": 17.910119887191332,
                "A1": 19.94543948617674
            }
        }
    },
    {
        "episode": 160,
        "current_state": "S1",
        "current_action": "A1",
        "td_delta": -0.7084695692968204,
        "q_table": {
            "S0": {
                "A0": 20.448095592968425,
                "A1": 18.080819974046474
            },
            "S1": {
                "A0": 17.910119887191332,
                "A1": 20.506203012112895
            }
        }
    },
    {
        "episode": 161,
        "current_state": "S0",
        "current_action": "A0",
        "td_delta": -1.0482733042911327,
        "q_table": {
            "S0": {
                "A0": 19.47776669740386,
                "A1": 18.080819974046474
            },
            "S1": {
                "A0": 17.910119887191332,
                "A1": 19.563369953514847
            }
        }
    },
    {
        "episode": 162,
        "current_state": "S0",
        "current_action": "A0",
        "td_delta": -0.7965111374140292,
        "q_table": {
            "S0": {
                "A0": 19.87115263114082,
                "A1": 18.080819974046474
            },
            "S1": {
                "A0": 17.910119887191332,
                "A1": 19.819148313952713
            }
        }
    },
    {
        "episode": 163,
        "current_state": "S1",
        "current_action": "A1",
        "td_delta": 0.5947686629158362,
        "q_table": {
            "S0": {
                "A0": 20.238378277484554,
                "A1": 18.080819974046474
            },
            "S1": {
                "A0": 17.910119887191332,
                "A1": 20.54664468864729
            }
        }
    },
    {
        "episode": 164,
        "current_state": "S0",
        "current_action": "A0",
        "td_delta": -0.23066924838424896,
        "q_table": {
            "S0": {
                "A0": 19.913796042251366,
                "A1": 18.080819974046474
            },
            "S1": {
                "A0": 17.910119887191332,
                "A1": 20.18386059103719
            }
        }
    },
    {
        "episode": 165,
        "current_state": "S0",
        "current_action": "A0",
        "td_delta": -0.38981645241144136,
        "q_table": {
            "S0": {
                "A0": 20.027365984465263,
                "A1": 18.080819974046474
            },
            "S1": {
                "A0": 17.910119887191332,
                "A1": 19.996838567795635
            }
        }
    },
    {
        "episode": 166,
        "current_state": "S1",
        "current_action": "A1",
        "td_delta": -0.6153130461798284,
        "q_table": {
            "S0": {
                "A0": 19.98832352577665,
                "A1": 18.080819974046474
            },
            "S1": {
                "A0": 17.910119887191332,
                "A1": 20.578925538491344
            }
        }
    },
    {
        "episode": 167,
        "current_state": "S0",
        "current_action": "A0",
        "td_delta": -0.5301183401597171,
        "q_table": {
            "S0": {
                "A0": 20.41018674914052,
                "A1": 18.080819974046474
            },
            "S1": {
                "A0": 17.910119887191332,
                "A1": 20.67912977176099
            }
        }
    },
    {
        "episode": 168,
        "current_state": "S1",
        "current_action": "A1",
        "td_delta": 1.7402768708259373,
        "q_table": {
            "S0": {
                "A0": 20.070753635943365,
                "A1": 18.080819974046474
            },
            "S1": {
                "A0": 17.910119887191332,
                "A1": 20.396406334284993
            }
        }
    },
    {
        "episode": 169,
        "current_state": "S1",
        "current_action": "A1",
        "td_delta": 1.8113146464307128,
        "q_table": {
            "S0": {
                "A0": 20.60895545243977,
                "A1": 18.080819974046474
            },
            "S1": {
                "A0": 17.910119887191332,
                "A1": 20.570450391196644
            }
        }
    },
    {
        "episode": 170,
        "current_state": "S0",
        "current_action": "A0",
        "td_delta": -0.4225714045251614,
        "q_table": {
            "S0": {
                "A0": 20.356432615004838,
                "A1": 18.080819974046474
            },
            "S1": {
                "A0": 17.910119887191332,
                "A1": 20.246017420756196
            }
        }
    },
    {
        "episode": 171,
        "current_state": "S0",
        "current_action": "A0",
        "td_delta": 0.6325325907823185,
        "q_table": {
            "S0": {
                "A0": 20.414265306432483,
                "A1": 18.080819974046474
            },
            "S1": {
                "A0": 17.910119887191332,
                "A1": 20.026428942673675
            }
        }
    },
    {
        "episode": 172,
        "current_state": "S1",
        "current_action": "A1",
        "td_delta": 1.1384618973332188,
        "q_table": {
            "S0": {
                "A0": 20.424582776951226,
                "A1": 18.080819974046474
            },
            "S1": {
                "A0": 17.910119887191332,
                "A1": 20.593986613885246
            }
        }
    },
    {
        "episode": 173,
        "current_state": "S0",
        "current_action": "A0",
        "td_delta": 0.9610856463834807,
        "q_table": {
            "S0": {
                "A0": 20.762265003962607,
                "A1": 18.080819974046474
            },
            "S1": {
                "A0": 17.910119887191332,
                "A1": 20.561552528944326
            }
        }
    },
    {
        "episode": 174,
        "current_state": "S0",
        "current_action": "A0",
        "td_delta": 1.3143850365848664,
        "q_table": {
            "S0": {
                "A0": 20.291413667113943,
                "A1": 18.080819974046474
            },
            "S1": {
                "A0": 17.910119887191332,
                "A1": 20.242102560246444
            }
        }
    },
    {
        "episode": 175,
        "current_state": "S1",
        "current_action": "A1",
        "td_delta": -0.6803923244737149,
        "q_table": {
            "S0": {
                "A0": 20.007747584342766,
                "A1": 18.080819974046474
            },
            "S1": {
                "A0": 17.910119887191332,
                "A1": 19.96340134323535
            }
        }
    },
    {
        "episode": 176,
        "current_state": "S1",
        "current_action": "A1",
        "td_delta": -0.07495053819121722,
        "q_table": {
            "S0": {
                "A0": 20.529682464282764,
                "A1": 18.080819974046474
            },
            "S1": {
                "A0": 17.910119887191332,
                "A1": 19.892045836245735
            }
        }
    },
    {
        "episode": 177,
        "current_state": "S1",
        "current_action": "A1",
        "td_delta": 1.41336803306843,
        "q_table": {
            "S0": {
                "A0": 20.869498030883705,
                "A1": 18.080819974046474
            },
            "S1": {
                "A0": 17.910119887191332,
                "A1": 20.82007540616918
            }
        }
    },
    {
        "episode": 178,
        "current_state": "S0",
        "current_action": "A0",
        "td_delta": -0.13710700199659343,
        "q_table": {
            "S0": {
                "A0": 20.585423299483896,
                "A1": 18.080819974046474
            },
            "S1": {
                "A0": 17.910119887191332,
                "A1": 20.871137661480674
            }
        }
    },
    {
        "episode": 179,
        "current_state": "S0",
        "current_action": "A0",
        "td_delta": -1.5764384079746456,
        "q_table": {
            "S0": {
                "A0": 20.380799577780714,
                "A1": 18.080819974046474
            },
            "S1": {
                "A0": 17.910119887191332,
                "A1": 20.736068062943847
            }
        }
    },
    {
        "episode": 180,
        "current_state": "S0",
        "current_action": "A0",
        "td_delta": -0.948921795174801,
        "q_table": {
            "S0": {
                "A0": 20.56550642161418,
                "A1": 18.080819974046474
            },
            "S1": {
                "A0": 17.910119887191332,
                "A1": 20.459862331066173
            }
        }
    },
    {
        "episode": 181,
        "current_state": "S0",
        "current_action": "A0",
        "td_delta": -0.8507832163500204,
        "q_table": {
            "S0": {
                "A0": 20.635540638767353,
                "A1": 18.080819974046474
            },
            "S1": {
                "A0": 17.910119887191332,
                "A1": 20.74683442270938
            }
        }
    },
    {
        "episode": 182,
        "current_state": "S1",
        "current_action": "A1",
        "td_delta": 0.14321241657329153,
        "q_table": {
            "S0": {
                "A0": 19.947601884016407,
                "A1": 18.080819974046474
            },
            "S1": {
                "A0": 17.910119887191332,
                "A1": 19.989025140169797
            }
        }
    },
    {
        "episode": 183,
        "current_state": "S0",
        "current_action": "A0",
        "td_delta": 0.4954971178073535,
        "q_table": {
            "S0": {
                "A0": 20.269064773650182,
                "A1": 18.080819974046474
            },
            "S1": {
                "A0": 17.910119887191332,
                "A1": 20.07809966814248
            }
        }
    },
    {
        "episode": 184,
        "current_state": "S0",
        "current_action": "A0",
        "td_delta": -1.6546852167865644,
        "q_table": {
            "S0": {
                "A0": 20.16977266883596,
                "A1": 18.080819974046474
            },
            "S1": {
                "A0": 17.910119887191332,
                "A1": 20.40193227755578
            }
        }
    },
    {
        "episode": 185,
        "current_state": "S0",
        "current_action": "A0",
        "td_delta": -1.178912839351785,
        "q_table": {
            "S0": {
                "A0": 20.285613023994436,
                "A1": 18.080819974046474
            },
            "S1": {
                "A0": 17.910119887191332,
                "A1": 20.148290195230956
            }
        }
    },
    {
        "episode": 186,
        "current_state": "S1",
        "current_action": "A1",
        "td_delta": -2.3664006517261633,
        "q_table": {
            "S0": {
                "A0": 19.81476743002145,
                "A1": 18.080819974046474
            },
            "S1": {
                "A0": 17.910119887191332,
                "A1": 20.098016053732294
            }
        }
    },
    {
        "episode": 187,
        "current_state": "S1",
        "current_action": "A1",
        "td_delta": 0.7352813381279688,
        "q_table": {
            "S0": {
                "A0": 19.620237505702253,
                "A1": 18.080819974046474
            },
            "S1": {
                "A0": 17.910119887191332,
                "A1": 19.83464999487844
            }
        }
    },
    {
        "episode": 188,
        "current_state": "S1",
        "current_action": "A1",
        "td_delta": -0.4243192371679996,
        "q_table": {
            "S0": {
                "A0": 19.104088513331813,
                "A1": 18.080819974046474
            },
            "S1": {
                "A0": 17.910119887191332,
                "A1": 19.231794394243945
            }
        }
    },
    {
        "episode": 189,
        "current_state": "S0",
        "current_action": "A0",
        "td_delta": -1.61388120582453,
        "q_table": {
            "S0": {
                "A0": 19.80616769462418,
                "A1": 18.080819974046474
            },
            "S1": {
                "A0": 17.910119887191332,
                "A1": 20.289331656170216
            }
        }
    },
    {
        "episode": 190,
        "current_state": "S0",
        "current_action": "A0",
        "td_delta": -0.6884875664685595,
        "q_table": {
            "S0": {
                "A0": 19.551763026910926,
                "A1": 18.080819974046474
            },
            "S1": {
                "A0": 17.910119887191332,
                "A1": 19.60466017793111
            }
        }
    },
    {
        "episode": 191,
        "current_state": "S0",
        "current_action": "A0",
        "td_delta": 0.5701030818458825,
        "q_table": {
            "S0": {
                "A0": 19.649406785394138,
                "A1": 18.080819974046474
            },
            "S1": {
                "A0": 17.910119887191332,
                "A1": 19.39055076761261
            }
        }
    },
    {
        "episode": 192,
        "current_state": "S1",
        "current_action": "A1",
        "td_delta": -0.3363914953431397,
        "q_table": {
            "S0": {
                "A0": 19.505803585840017,
                "A1": 18.080819974046474
            },
            "S1": {
                "A0": 17.910119887191332,
                "A1": 19.501503984213223
            }
        }
    },
    {
        "episode": 193,
        "current_state": "S0",
        "current_action": "A0",
        "td_delta": -0.7404017064515891,
        "q_table": {
            "S0": {
                "A0": 19.7706053830176,
                "A1": 18.080819974046474
            },
            "S1": {
                "A0": 17.910119887191332,
                "A1": 19.95380980593026
            }
        }
    },
    {
        "episode": 194,
        "current_state": "S1",
        "current_action": "A1",
        "td_delta": 0.9362615404212491,
        "q_table": {
            "S0": {
                "A0": 19.583051075768648,
                "A1": 18.080819974046474
            },
            "S1": {
                "A0": 17.910119887191332,
                "A1": 19.754129657504894
            }
        }
    },
    {
        "episode": 195,
        "current_state": "S0",
        "current_action": "A0",
        "td_delta": 1.3290068325524302,
        "q_table": {
            "S0": {
                "A0": 20.16832505991694,
                "A1": 18.080819974046474
            },
            "S1": {
                "A0": 17.910119887191332,
                "A1": 19.607197437101032
            }
        }
    },
    {
        "episode": 196,
        "current_state": "S0",
        "current_action": "A0",
        "td_delta": -1.2881222008863098,
        "q_table": {
            "S0": {
                "A0": 19.531060829283142,
                "A1": 18.080819974046474
            },
            "S1": {
                "A0": 17.910119887191332,
                "A1": 19.350285018877994
            }
        }
    },
    {
        "episode": 197,
        "current_state": "S1",
        "current_action": "A1",
        "td_delta": -0.06468391739223023,
        "q_table": {
            "S0": {
                "A0": 18.855750666361935,
                "A1": 18.080819974046474
            },
            "S1": {
                "A0": 17.910119887191332,
                "A1": 18.64595582887696
            }
        }
    },
    {
        "episode": 198,
        "current_state": "S1",
        "current_action": "A1",
        "td_delta": 0.2546379788869295,
        "q_table": {
            "S0": {
                "A0": 18.752365368381803,
                "A1": 18.080819974046474
            },
            "S1": {
                "A0": 17.910119887191332,
                "A1": 18.724825502142433
            }
        }
    },
    {
        "episode": 199,
        "current_state": "S1",
        "current_action": "A1",
        "td_delta": 0.4549291845205552,
        "q_table": {
            "S0": {
                "A0": 18.328277598526846,
                "A1": 18.080819974046474
            },
            "S1": {
                "A0": 17.910119887191332,
                "A1": 18.555247796190475
            }
        }
    }
]