[
    {
        "episode": 0,
        "current_state": "S1",
        "current_action": "A1",
        "td_delta": 1.4625138941621803,
        "q_table": {
            "S0": {
                "A0": 4.609691637042498,
                "A1": 3.7472143897861128
            },
            "S1": {
                "A0": 3.6523401478716275,
                "A1": 5.1493456435922855
            }
        }
    },
    {
        "episode": 1,
        "current_state": "S0",
        "current_action": "A1",
        "td_delta": 0.7702393434018298,
        "q_table": {
            "S0": {
                "A0": 7.644511653566472,
                "A1": 7.834056299907715
            },
            "S1": {
                "A0": 6.45273456330696,
                "A1": 8.736088199965957
            }
        }
    },
    {
        "episode": 2,
        "current_state": "S0",
        "current_action": "A0",
        "td_delta": 1.2699825533369822,
        "q_table": {
            "S0": {
                "A0": 11.349809110782603,
                "A1": 9.456182309735622
            },
            "S1": {
                "A0": 9.71062194926419,
                "A1": 11.346936307539874
            }
        }
    },
    {
        "episode": 3,
        "current_state": "S0",
        "current_action": "A0",
        "td_delta": 0.30502253051720274,
        "q_table": {
            "S0": {
                "A0": 12.535804727879713,
                "A1": 11.524566869195164
            },
            "S1": {
                "A0": 11.82524626061279,
                "A1": 12.319797251599494
            }
        }
    },
    {
        "episode": 4,
        "current_state": "S1",
        "current_action": "A1",
        "td_delta": 1.015294483422883,
        "q_table": {
            "S0": {
                "A0": 15.060052417624238,
                "A1": 12.68331960846755
            },
            "S1": {
                "A0": 14.083860887979965,
                "A1": 15.08620575378122
            }
        }
    },
    {
        "episode": 5,
        "current_state": "S1",
        "current_action": "A1",
        "td_delta": 1.6283599566081541,
        "q_table": {
            "S0": {
                "A0": 16.864387188027585,
                "A1": 14.71677337780105
            },
            "S1": {
                "A0": 15.180851814714721,
                "A1": 17.015574384277485
            }
        }
    },
    {
        "episode": 6,
        "current_state": "S0",
        "current_action": "A0",
        "td_delta": -0.18322604233533468,
        "q_table": {
            "S0": {
                "A0": 18.339092148583966,
                "A1": 16.47058127419817
            },
            "S1": {
                "A0": 16.487396370392236,
                "A1": 18.331584326091292
            }
        }
    },
    {
        "episode": 7,
        "current_state": "S1",
        "current_action": "A0",
        "td_delta": 0.3001549992111805,
        "q_table": {
            "S0": {
                "A0": 18.452078406721792,
                "A1": 17.17562582277789
            },
            "S1": {
                "A0": 17.061948284759552,
                "A1": 18.500651623238706
            }
        }
    },
    {
        "episode": 8,
        "current_state": "S1",
        "current_action": "A0",
        "td_delta": 0.5475120915947862,
        "q_table": {
            "S0": {
                "A0": 19.841003506768413,
                "A1": 17.604021734953506
            },
            "S1": {
                "A0": 17.282594574656265,
                "A1": 19.4172543937157
            }
        }
    },
    {
        "episode": 9,
        "current_state": "S0",
        "current_action": "A0",
        "td_delta": -0.23746907255908312,
        "q_table": {
            "S0": {
                "A0": 20.51290499833493,
                "A1": 18.73555705084251
            },
            "S1": {
                "A0": 18.143834003171587,
                "A1": 20.24766322714646
            }
        }
    },
    {
        "episode": 10,
        "current_state": "S1",
        "current_action": "A1",
        "td_delta": 0.16504621248687457,
        "q_table": {
            "S0": {
                "A0": 20.454852188910298,
                "A1": 18.73555705084251
            },
            "S1": {
                "A0": 18.143834003171587,
                "A1": 20.68026027637997
            }
        }
    },
    {
        "episode": 11,
        "current_state": "S1",
        "current_action": "A1",
        "td_delta": 0.16648681019936262,
        "q_table": {
            "S0": {
                "A0": 20.968242365072012,
                "A1": 18.73555705084251
            },
            "S1": {
                "A0": 18.143834003171587,
                "A1": 20.5460643390263
            }
        }
    },
    {
        "episode": 12,
        "current_state": "S0",
        "current_action": "A0",
        "td_delta": 0.9324649773814215,
        "q_table": {
            "S0": {
                "A0": 20.787093086590538,
                "A1": 18.73555705084251
            },
            "S1": {
                "A0": 18.143834003171587,
                "A1": 20.69890928248202
            }
        }
    },
    {
        "episode": 13,
        "current_state": "S0",
        "current_action": "A0",
        "td_delta": 0.26892893983756494,
        "q_table": {
            "S0": {
                "A0": 20.124124147260005,
                "A1": 18.73555705084251
            },
            "S1": {
                "A0": 18.143834003171587,
                "A1": 20.11226728123757
            }
        }
    },
    {
        "episode": 14,
        "current_state": "S1",
        "current_action": "A1",
        "td_delta": 2.04834120642294,
        "q_table": {
            "S0": {
                "A0": 20.147993317036292,
                "A1": 18.73555705084251
            },
            "S1": {
                "A0": 18.143834003171587,
                "A1": 20.281798266552016
            }
        }
    },
    {
        "episode": 15,
        "current_state": "S0",
        "current_action": "A0",
        "td_delta": 0.11144037943408591,
        "q_table": {
            "S0": {
                "A0": 20.45202271537691,
                "A1": 18.73555705084251
            },
            "S1": {
                "A0": 18.143834003171587,
                "A1": 20.352491903186205
            }
        }
    },
    {
        "episode": 16,
        "current_state": "S1",
        "current_action": "A1",
        "td_delta": 0.1103307169503438,
        "q_table": {
            "S0": {
                "A0": 20.138748297068897,
                "A1": 18.73555705084251
            },
            "S1": {
                "A0": 18.143834003171587,
                "A1": 19.99266430219162
            }
        }
    },
    {
        "episode": 17,
        "current_state": "S1",
        "current_action": "A1",
        "td_delta": 0.030947487161494536,
        "q_table": {
            "S0": {
                "A0": 20.287665197894,
                "A1": 18.73555705084251
            },
            "S1": {
                "A0": 18.143834003171587,
                "A1": 20.752363521659255
            }
        }
    },
    {
        "episode": 18,
        "current_state": "S1",
        "current_action": "A1",
        "td_delta": 0.11927072540489547,
        "q_table": {
            "S0": {
                "A0": 20.41574410393765,
                "A1": 18.73555705084251
            },
            "S1": {
                "A0": 18.143834003171587,
                "A1": 20.51855264849153
            }
        }
    },
    {
        "episode": 19,
        "current_state": "S0",
        "current_action": "A0",
        "td_delta": 0.9309276364932337,
        "q_table": {
            "S0": {
                "A0": 19.667625028716994,
                "A1": 18.73555705084251
            },
            "S1": {
                "A0": 18.143834003171587,
                "A1": 19.62143736902937
            }
        }
    },
    {
        "episode": 20,
        "current_state": "S0",
        "current_action": "A0",
        "td_delta": 0.287662053244393,
        "q_table": {
            "S0": {
                "A0": 20.011637482880523,
                "A1": 18.73555705084251
            },
            "S1": {
                "A0": 18.143834003171587,
                "A1": 20.08599156225449
            }
        }
    },
    {
        "episode": 21,
        "current_state": "S1",
        "current_action": "A1",
        "td_delta": 0.08786261309476373,
        "q_table": {
            "S0": {
                "A0": 21.24313568563139,
                "A1": 18.73555705084251
            },
            "S1": {
                "A0": 18.143834003171587,
                "A1": 20.888168000361837
            }
        }
    },
    {
        "episode": 22,
        "current_state": "S0",
        "current_action": "A0",
        "td_delta": 1.8773323860701474,
        "q_table": {
            "S0": {
                "A0": 20.952935225540777,
                "A1": 18.73555705084251
            },
            "S1": {
                "A0": 18.143834003171587,
                "A1": 20.709651830004347
            }
        }
    },
    {
        "episode": 23,
        "current_state": "S1",
        "current_action": "A1",
        "td_delta": 0.8257803369721053,
        "q_table": {
            "S0": {
                "A0": 20.21944551462634,
                "A1": 18.73555705084251
            },
            "S1": {
                "A0": 18.143834003171587,
                "A1": 20.036711503976182
            }
        }
    },
    {
        "episode": 24,
        "current_state": "S1",
        "current_action": "A1",
        "td_delta": 0.731011973357024,
        "q_table": {
            "S0": {
                "A0": 19.412069905073118,
                "A1": 18.73555705084251
            },
            "S1": {
                "A0": 18.143834003171587,
                "A1": 19.079757688544486
            }
        }
    },
    {
        "episode": 25,
        "current_state": "S1",
        "current_action": "A1",
        "td_delta": -0.7204400832212094,
        "q_table": {
            "S0": {
                "A0": 20.22644200152045,
                "A1": 18.73555705084251
            },
            "S1": {
                "A0": 18.143834003171587,
                "A1": 19.930088790267497
            }
        }
    },
    {
        "episode": 26,
        "current_state": "S0",
        "current_action": "A0",
        "td_delta": 0.83947211865841,
        "q_table": {
            "S0": {
                "A0": 21.105444802720655,
                "A1": 18.73555705084251
            },
            "S1": {
                "A0": 18.143834003171587,
                "A1": 20.91534496168136
            }
        }
    },
    {
        "episode": 27,
        "current_state": "S1",
        "current_action": "A1",
        "td_delta": 0.3441449658385416,
        "q_table": {
            "S0": {
                "A0": 20.891544808718333,
                "A1": 18.73555705084251
            },
            "S1": {
                "A0": 18.143834003171587,
                "A1": 20.58845018059181
            }
        }
    },
    {
        "episode": 28,
        "current_state": "S1",
        "current_action": "A1",
        "td_delta": 0.0464517258972208,
        "q_table": {
            "S0": {
                "A0": 20.80646151332894,
                "A1": 18.73555705084251
            },
            "S1": {
                "A0": 18.143834003171587,
                "A1": 20.54198220361751
            }
        }
    },
    {
        "episode": 29,
        "current_state": "S0",
        "current_action": "A0",
        "td_delta": 0.6949027386837798,
        "q_table": {
            "S0": {
                "A0": 20.28421016703061,
                "A1": 18.73555705084251
            },
            "S1": {
                "A0": 18.143834003171587,
                "A1": 20.06346255800054
            }
        }
    },
    {
        "episode": 30,
        "current_state": "S1",
        "current_action": "A1",
        "td_delta": -0.23471449373476716,
        "q_table": {
            "S0": {
                "A0": 20.120884407079753,
                "A1": 18.73555705084251
            },
            "S1": {
                "A0": 18.143834003171587,
                "A1": 20.16374886173307
            }
        }
    },
    {
        "episode": 31,
        "current_state": "S1",
        "current_action": "A1",
        "td_delta": 0.7023684235828291,
        "q_table": {
            "S0": {
                "A0": 20.99867842372643,
                "A1": 18.73555705084251
            },
            "S1": {
                "A0": 18.143834003171587,
                "A1": 21.55070620652999
            }
        }
    },
    {
        "episode": 32,
        "current_state": "S1",
        "current_action": "A1",
        "td_delta": -0.5747255208421826,
        "q_table": {
            "S0": {
                "A0": 21.5259867222168,
                "A1": 18.73555705084251
            },
            "S1": {
                "A0": 18.143834003171587,
                "A1": 21.084342226753087
            }
        }
    },
    {
        "episode": 33,
        "current_state": "S0",
        "current_action": "A0",
        "td_delta": 0.3143782173782448,
        "q_table": {
            "S0": {
                "A0": 20.80610131177563,
                "A1": 18.73555705084251
            },
            "S1": {
                "A0": 18.143834003171587,
                "A1": 20.763738288240056
            }
        }
    },
    {
        "episode": 34,
        "current_state": "S1",
        "current_action": "A1",
        "td_delta": -0.2685847270195687,
        "q_table": {
            "S0": {
                "A0": 20.747088391304253,
                "A1": 18.73555705084251
            },
            "S1": {
                "A0": 18.143834003171587,
                "A1": 20.66213940249144
            }
        }
    },
    {
        "episode": 35,
        "current_state": "S0",
        "current_action": "A0",
        "td_delta": -0.19360554819663278,
        "q_table": {
            "S0": {
                "A0": 21.453159531564303,
                "A1": 18.73555705084251
            },
            "S1": {
                "A0": 18.143834003171587,
                "A1": 21.219982393541482
            }
        }
    },
    {
        "episode": 36,
        "current_state": "S1",
        "current_action": "A1",
        "td_delta": 0.3353385706790526,
        "q_table": {
            "S0": {
                "A0": 20.48468568354989,
                "A1": 18.73555705084251
            },
            "S1": {
                "A0": 18.143834003171587,
                "A1": 20.852393614583754
            }
        }
    },
    {
        "episode": 37,
        "current_state": "S0",
        "current_action": "A0",
        "td_delta": -0.275299589007993,
        "q_table": {
            "S0": {
                "A0": 21.18115394464984,
                "A1": 18.73555705084251
            },
            "S1": {
                "A0": 18.143834003171587,
                "A1": 20.96186256171405
            }
        }
    },
    {
        "episode": 38,
        "current_state": "S0",
        "current_action": "A0",
        "td_delta": 0.8280503461614082,
        "q_table": {
            "S0": {
                "A0": 21.158530403002086,
                "A1": 18.73555705084251
            },
            "S1": {
                "A0": 18.143834003171587,
                "A1": 21.00401007720827
            }
        }
    },
    {
        "episode": 39,
        "current_state": "S1",
        "current_action": "A1",
        "td_delta": -6.78819264187292,
        "q_table": {
            "S0": {
                "A0": 19.518983320890406,
                "A1": 18.73555705084251
            },
            "S1": {
                "A0": 18.143834003171587,
                "A1": 18.5462701745419
            }
        }
    },
    {
        "episode": 40,
        "current_state": "S1",
        "current_action": "A1",
        "td_delta": 1.206920462672926,
        "q_table": {
            "S0": {
                "A0": 19.867521249393935,
                "A1": 18.73555705084251
            },
            "S1": {
                "A0": 18.143834003171587,
                "A1": 19.66886551004891
            }
        }
    },
    {
        "episode": 41,
        "current_state": "S0",
        "current_action": "A0",
        "td_delta": 0.6350764365990074,
        "q_table": {
            "S0": {
                "A0": 20.332067006275285,
                "A1": 18.73555705084251
            },
            "S1": {
                "A0": 18.143834003171587,
                "A1": 20.456678398015992
            }
        }
    },
    {
        "episode": 42,
        "current_state": "S0",
        "current_action": "A0",
        "td_delta": 0.7689675953743738,
        "q_table": {
            "S0": {
                "A0": 20.172172845742452,
                "A1": 18.73555705084251
            },
            "S1": {
                "A0": 18.143834003171587,
                "A1": 20.44786229953265
            }
        }
    },
    {
        "episode": 43,
        "current_state": "S1",
        "current_action": "A1",
        "td_delta": -0.5736255613784209,
        "q_table": {
            "S0": {
                "A0": 19.853970805864087,
                "A1": 18.73555705084251
            },
            "S1": {
                "A0": 18.143834003171587,
                "A1": 20.059178767646372
            }
        }
    },
    {
        "episode": 44,
        "current_state": "S0",
        "current_action": "A0",
        "td_delta": 0.892374391863882,
        "q_table": {
            "S0": {
                "A0": 19.864630839924285,
                "A1": 18.73555705084251
            },
            "S1": {
                "A0": 18.143834003171587,
                "A1": 19.900958137335312
            }
        }
    },
    {
        "episode": 45,
        "current_state": "S1",
        "current_action": "A1",
        "td_delta": -0.1614658261583628,
        "q_table": {
            "S0": {
                "A0": 19.708139837756523,
                "A1": 18.73555705084251
            },
            "S1": {
                "A0": 18.143834003171587,
                "A1": 20.016463338967814
            }
        }
    },
    {
        "episode": 46,
        "current_state": "S1",
        "current_action": "A1",
        "td_delta": 0.09006202519233852,
        "q_table": {
            "S0": {
                "A0": 20.491673225134953,
                "A1": 18.73555705084251
            },
            "S1": {
                "A0": 18.143834003171587,
                "A1": 20.262213747948355
            }
        }
    },
    {
        "episode": 47,
        "current_state": "S1",
        "current_action": "A1",
        "td_delta": -0.17760935777196352,
        "q_table": {
            "S0": {
                "A0": 20.643118355994975,
                "A1": 18.73555705084251
            },
            "S1": {
                "A0": 18.143834003171587,
                "A1": 21.19834159194244
            }
        }
    },
    {
        "episode": 48,
        "current_state": "S0",
        "current_action": "A0",
        "td_delta": -0.05009936237204471,
        "q_table": {
            "S0": {
                "A0": 19.957546400120247,
                "A1": 18.73555705084251
            },
            "S1": {
                "A0": 18.143834003171587,
                "A1": 19.87000319331712
            }
        }
    },
    {
        "episode": 49,
        "current_state": "S0",
        "current_action": "A0",
        "td_delta": -0.2910110602690814,
        "q_table": {
            "S0": {
                "A0": 20.465725340811794,
                "A1": 18.73555705084251
            },
            "S1": {
                "A0": 18.143834003171587,
                "A1": 20.49709779396624
            }
        }
    },
    {
        "episode": 50,
        "current_state": "S0",
        "current_action": "A0",
        "td_delta": 0.7556480539498764,
        "q_table": {
            "S0": {
                "A0": 20.657737926864908,
                "A1": 18.73555705084251
            },
            "S1": {
                "A0": 18.143834003171587,
                "A1": 20.559762621577555
            }
        }
    },
    {
        "episode": 51,
        "current_state": "S0",
        "current_action": "A0",
        "td_delta": -0.03468011072376953,
        "q_table": {
            "S0": {
                "A0": 20.46275629788811,
                "A1": 18.73555705084251
            },
            "S1": {
                "A0": 18.143834003171587,
                "A1": 20.562897453596353
            }
        }
    },
    {
        "episode": 52,
        "current_state": "S0",
        "current_action": "A0",
        "td_delta": 0.08306256849780169,
        "q_table": {
            "S0": {
                "A0": 19.70473591414141,
                "A1": 18.73555705084251
            },
            "S1": {
                "A0": 18.143834003171587,
                "A1": 19.808772985321585
            }
        }
    },
    {
        "episode": 53,
        "current_state": "S1",
        "current_action": "A1",
        "td_delta": 1.071292219886331,
        "q_table": {
            "S0": {
                "A0": 20.609526422720553,
                "A1": 18.73555705084251
            },
            "S1": {
                "A0": 18.143834003171587,
                "A1": 20.686143560550796
            }
        }
    },
    {
        "episode": 54,
        "current_state": "S1",
        "current_action": "A1",
        "td_delta": -1.3884618267419349,
        "q_table": {
            "S0": {
                "A0": 20.415871692508773,
                "A1": 18.73555705084251
            },
            "S1": {
                "A0": 18.143834003171587,
                "A1": 20.371218364325635
            }
        }
    },
    {
        "episode": 55,
        "current_state": "S1",
        "current_action": "A1",
        "td_delta": 0.1444959590500403,
        "q_table": {
            "S0": {
                "A0": 21.083630933635213,
                "A1": 18.73555705084251
            },
            "S1": {
                "A0": 18.143834003171587,
                "A1": 20.969052591126655
            }
        }
    },
    {
        "episode": 56,
        "current_state": "S1",
        "current_action": "A1",
        "td_delta": 0.27892188616866065,
        "q_table": {
            "S0": {
                "A0": 20.773944441506675,
                "A1": 18.73555705084251
            },
            "S1": {
                "A0": 18.143834003171587,
                "A1": 20.483615995804215
            }
        }
    },
    {
        "episode": 57,
        "current_state": "S0",
        "current_action": "A0",
        "td_delta": -0.13561222890268354,
        "q_table": {
            "S0": {
                "A0": 20.228134304339065,
                "A1": 18.73555705084251
            },
            "S1": {
                "A0": 18.143834003171587,
                "A1": 20.35467463702961
            }
        }
    },
    {
        "episode": 58,
        "current_state": "S0",
        "current_action": "A0",
        "td_delta": 0.8644913460998858,
        "q_table": {
            "S0": {
                "A0": 20.84667112692545,
                "A1": 18.73555705084251
            },
            "S1": {
                "A0": 18.143834003171587,
                "A1": 20.660449511572608
            }
        }
    },
    {
        "episode": 59,
        "current_state": "S0",
        "current_action": "A0",
        "td_delta": 0.0996737434081254,
        "q_table": {
            "S0": {
                "A0": 20.506290140259587,
                "A1": 18.73555705084251
            },
            "S1": {
                "A0": 18.143834003171587,
                "A1": 20.010409488118174
            }
        }
    },
    {
        "episode": 60,
        "current_state": "S1",
        "current_action": "A1",
        "td_delta": 0.11416076063128955,
        "q_table": {
            "S0": {
                "A0": 20.102733884870407,
                "A1": 18.73555705084251
            },
            "S1": {
                "A0": 18.143834003171587,
                "A1": 20.144750487815205
            }
        }
    },
    {
        "episode": 61,
        "current_state": "S1",
        "current_action": "A1",
        "td_delta": 0.19145701145550476,
        "q_table": {
            "S0": {
                "A0": 19.96813134719931,
                "A1": 18.73555705084251
            },
            "S1": {
                "A0": 18.143834003171587,
                "A1": 19.956198110169428
            }
        }
    },
    {
        "episode": 62,
        "current_state": "S0",
        "current_action": "A0",
        "td_delta": 0.1178943098238463,
        "q_table": {
            "S0": {
                "A0": 20.068825952743925,
                "A1": 18.73555705084251
            },
            "S1": {
                "A0": 18.143834003171587,
                "A1": 20.293265368469676
            }
        }
    },
    {
        "episode": 63,
        "current_state": "S0",
        "current_action": "A0",
        "td_delta": 0.1699264342243474,
        "q_table": {
            "S0": {
                "A0": 20.78578282117895,
                "A1": 18.73555705084251
            },
            "S1": {
                "A0": 18.143834003171587,
                "A1": 20.44578237148943
            }
        }
    },
    {
        "episode": 64,
        "current_state": "S0",
        "current_action": "A0",
        "td_delta": 0.4897208997679421,
        "q_table": {
            "S0": {
                "A0": 19.63629610876706,
                "A1": 18.73555705084251
            },
            "S1": {
                "A0": 18.143834003171587,
                "A1": 20.18091812173134
            }
        }
    },
    {
        "episode": 65,
        "current_state": "S1",
        "current_action": "A1",
        "td_delta": -0.018277515506508024,
        "q_table": {
            "S0": {
                "A0": 20.023734178099573,
                "A1": 18.73555705084251
            },
            "S1": {
                "A0": 18.143834003171587,
                "A1": 20.005651636245474
            }
        }
    },
    {
        "episode": 66,
        "current_state": "S1",
        "current_action": "A1",
        "td_delta": 0.7943932147150186,
        "q_table": {
            "S0": {
                "A0": 20.04993644967539,
                "A1": 18.73555705084251
            },
            "S1": {
                "A0": 18.143834003171587,
                "A1": 20.073398704321296
            }
        }
    },
    {
        "episode": 67,
        "current_state": "S1",
        "current_action": "A1",
        "td_delta": -1.5736064356117723,
        "q_table": {
            "S0": {
                "A0": 20.052926541783158,
                "A1": 18.73555705084251
            },
            "S1": {
                "A0": 18.143834003171587,
                "A1": 19.935947142655436
            }
        }
    },
    {
        "episode": 68,
        "current_state": "S0",
        "current_action": "A0",
        "td_delta": -0.8211218243514153,
        "q_table": {
            "S0": {
                "A0": 20.496244050455605,
                "A1": 18.73555705084251
            },
            "S1": {
                "A0": 18.143834003171587,
                "A1": 20.464389900599258
            }
        }
    },
    {
        "episode": 69,
        "current_state": "S1",
        "current_action": "A1",
        "td_delta": -0.7300902060380317,
        "q_table": {
            "S0": {
                "A0": 19.91445651754887,
                "A1": 18.73555705084251
            },
            "S1": {
                "A0": 18.143834003171587,
                "A1": 19.52428332922821
            }
        }
    },
    {
        "episode": 70,
        "current_state": "S1",
        "current_action": "A1",
        "td_delta": -0.46608221246448167,
        "q_table": {
            "S0": {
                "A0": 19.962073718348023,
                "A1": 18.73555705084251
            },
            "S1": {
                "A0": 18.143834003171587,
                "A1": 19.951121461731255
            }
        }
    },
    {
        "episode": 71,
        "current_state": "S1",
        "current_action": "A1",
        "td_delta": -1.0189096027914317,
        "q_table": {
            "S0": {
                "A0": 19.61200491602083,
                "A1": 18.73555705084251
            },
            "S1": {
                "A0": 18.143834003171587,
                "A1": 19.700588493931036
            }
        }
    },
    {
        "episode": 72,
        "current_state": "S1",
        "current_action": "A1",
        "td_delta": -1.776560820500002,
        "q_table": {
            "S0": {
                "A0": 20.192483901950222,
                "A1": 18.73555705084251
            },
            "S1": {
                "A0": 18.143834003171587,
                "A1": 20.105835016205205
            }
        }
    },
    {
        "episode": 73,
        "current_state": "S1",
        "current_action": "A1",
        "td_delta": 2.896846664392587,
        "q_table": {
            "S0": {
                "A0": 19.80775806713378,
                "A1": 18.73555705084251
            },
            "S1": {
                "A0": 18.143834003171587,
                "A1": 19.88778270446707
            }
        }
    },
    {
        "episode": 74,
        "current_state": "S1",
        "current_action": "A1",
        "td_delta": 0.2787540926953085,
        "q_table": {
            "S0": {
                "A0": 19.400385428368402,
                "A1": 18.73555705084251
            },
            "S1": {
                "A0": 18.143834003171587,
                "A1": 19.462430292105786
            }
        }
    },
    {
        "episode": 75,
        "current_state": "S1",
        "current_action": "A1",
        "td_delta": 1.9671088926058111,
        "q_table": {
            "S0": {
                "A0": 19.093788317461264,
                "A1": 18.73555705084251
            },
            "S1": {
                "A0": 18.143834003171587,
                "A1": 19.751766773202483
            }
        }
    },
    {
        "episode": 76,
        "current_state": "S0",
        "current_action": "A0",
        "td_delta": 1.4608863327972266,
        "q_table": {
            "S0": {
                "A0": 19.426060529617992,
                "A1": 18.73555705084251
            },
            "S1": {
                "A0": 18.143834003171587,
                "A1": 20.3718459657061
            }
        }
    },
    {
        "episode": 77,
        "current_state": "S0",
        "current_action": "A0",
        "td_delta": -1.455226438154103,
        "q_table": {
            "S0": {
                "A0": 20.468913597725596,
                "A1": 18.73555705084251
            },
            "S1": {
                "A0": 18.143834003171587,
                "A1": 20.601946967345388
            }
        }
    },
    {
        "episode": 78,
        "current_state": "S1",
        "current_action": "A1",
        "td_delta": -2.544821566043179,
        "q_table": {
            "S0": {
                "A0": 19.99478773186745,
                "A1": 18.73555705084251
            },
            "S1": {
                "A0": 18.143834003171587,
                "A1": 19.363967653827466
            }
        }
    },
    {
        "episode": 79,
        "current_state": "S0",
        "current_action": "A0",
        "td_delta": 0.30605801540750477,
        "q_table": {
            "S0": {
                "A0": 20.05903350746571,
                "A1": 18.73555705084251
            },
            "S1": {
                "A0": 18.143834003171587,
                "A1": 20.583277569623682
            }
        }
    },
    {
        "episode": 80,
        "current_state": "S1",
        "current_action": "A1",
        "td_delta": 0.8822314339243214,
        "q_table": {
            "S0": {
                "A0": 21.092570199645813,
                "A1": 18.73555705084251
            },
            "S1": {
                "A0": 18.143834003171587,
                "A1": 21.031304610149345
            }
        }
    },
    {
        "episode": 81,
        "current_state": "S1",
        "current_action": "A1",
        "td_delta": -0.885408353542978,
        "q_table": {
            "S0": {
                "A0": 21.53692144629508,
                "A1": 18.73555705084251
            },
            "S1": {
                "A0": 18.143834003171587,
                "A1": 21.279890751854253
            }
        }
    },
    {
        "episode": 82,
        "current_state": "S0",
        "current_action": "A0",
        "td_delta": 0.0888796276758832,
        "q_table": {
            "S0": {
                "A0": 20.747406556008762,
                "A1": 18.73555705084251
            },
            "S1": {
                "A0": 18.143834003171587,
                "A1": 20.47164376779542
            }
        }
    },
    {
        "episode": 83,
        "current_state": "S0",
        "current_action": "A0",
        "td_delta": -0.7134925976942661,
        "q_table": {
            "S0": {
                "A0": 20.427560361449533,
                "A1": 18.73555705084251
            },
            "S1": {
                "A0": 18.143834003171587,
                "A1": 19.93797327724966
            }
        }
    },
    {
        "episode": 84,
        "current_state": "S0",
        "current_action": "A0",
        "td_delta": 0.36750703031007603,
        "q_table": {
            "S0": {
                "A0": 19.989027962219907,
                "A1": 18.73555705084251
            },
            "S1": {
                "A0": 18.143834003171587,
                "A1": 20.09994660388775
            }
        }
    },
    {
        "episode": 85,
        "current_state": "S0",
        "current_action": "A0",
        "td_delta": 1.0701007460508407,
        "q_table": {
            "S0": {
                "A0": 19.834706626502737,
                "A1": 18.73555705084251
            },
            "S1": {
                "A0": 18.143834003171587,
                "A1": 20.096106838831655
            }
        }
    },
    {
        "episode": 86,
        "current_state": "S0",
        "current_action": "A0",
        "td_delta": 0.5900286174450784,
        "q_table": {
            "S0": {
                "A0": 19.6959854172937,
                "A1": 18.73555705084251
            },
            "S1": {
                "A0": 18.143834003171587,
                "A1": 19.90238310160114
            }
        }
    },
    {
        "episode": 87,
        "current_state": "S0",
        "current_action": "A0",
        "td_delta": -1.7115925624279633,
        "q_table": {
            "S0": {
                "A0": 20.099214326521153,
                "A1": 18.73555705084251
            },
            "S1": {
                "A0": 18.143834003171587,
                "A1": 20.274776311484427
            }
        }
    },
    {
        "episode": 88,
        "current_state": "S1",
        "current_action": "A1",
        "td_delta": -0.8925268833206665,
        "q_table": {
            "S0": {
                "A0": 20.069312227852997,
                "A1": 18.73555705084251
            },
            "S1": {
                "A0": 18.143834003171587,
                "A1": 20.130682514874593
            }
        }
    },
    {
        "episode": 89,
        "current_state": "S1",
        "current_action": "A1",
        "td_delta": 0.3104222355304458,
        "q_table": {
            "S0": {
                "A0": 20.199366870181706,
                "A1": 18.73555705084251
            },
            "S1": {
                "A0": 18.143834003171587,
                "A1": 20.120323588186135
            }
        }
    },
    {
        "episode": 90,
        "current_state": "S1",
        "current_action": "A1",
        "td_delta": -0.8319431218687328,
        "q_table": {
            "S0": {
                "A0": 20.06877793450947,
                "A1": 18.73555705084251
            },
            "S1": {
                "A0": 18.143834003171587,
                "A1": 20.129190057740384
            }
        }
    },
    {
        "episode": 91,
        "current_state": "S0",
        "current_action": "A0",
        "td_delta": -1.1735987433468402,
        "q_table": {
            "S0": {
                "A0": 20.67092840837011,
                "A1": 18.73555705084251
            },
            "S1": {
                "A0": 18.143834003171587,
                "A1": 21.020935912619947
            }
        }
    },
    {
        "episode": 92,
        "current_state": "S0",
        "current_action": "A0",
        "td_delta": -1.9343557539958738,
        "q_table": {
            "S0": {
                "A0": 20.728882674559145,
                "A1": 18.73555705084251
            },
            "S1": {
                "A0": 18.143834003171587,
                "A1": 20.505902543039518
            }
        }
    },
    {
        "episode": 93,
        "current_state": "S1",
        "current_action": "A1",
        "td_delta": 0.968268087388747,
        "q_table": {
            "S0": {
                "A0": 20.436114009652865,
                "A1": 18.73555705084251
            },
            "S1": {
                "A0": 18.143834003171587,
                "A1": 20.152661134851407
            }
        }
    },
    {
        "episode": 94,
        "current_state": "S0",
        "current_action": "A0",
        "td_delta": -0.0002833725575079882,
        "q_table": {
            "S0": {
                "A0": 19.71369191216121,
                "A1": 18.73555705084251
            },
            "S1": {
                "A0": 18.143834003171587,
                "A1": 20.162812498732727
            }
        }
    },
    {
        "episode": 95,
        "current_state": "S1",
        "current_action": "A1",
        "td_delta": 0.799374859210392,
        "q_table": {
            "S0": {
                "A0": 19.73828795634824,
                "A1": 18.73555705084251
            },
            "S1": {
                "A0": 18.143834003171587,
                "A1": 19.181886582424067
            }
        }
    },
    {
        "episode": 96,
        "current_state": "S0",
        "current_action": "A0",
        "td_delta": 2.403757773108609,
        "q_table": {
            "S0": {
                "A0": 19.63397578622476,
                "A1": 18.73555705084251
            },
            "S1": {
                "A0": 18.143834003171587,
                "A1": 19.071942471525205
            }
        }
    },
    {
        "episode": 97,
        "current_state": "S0",
        "current_action": "A0",
        "td_delta": 0.07907315669819326,
        "q_table": {
            "S0": {
                "A0": 19.23428288588351,
                "A1": 18.73555705084251
            },
            "S1": {
                "A0": 18.143834003171587,
                "A1": 19.188911981013206
            }
        }
    },
    {
        "episode": 98,
        "current_state": "S1",
        "current_action": "A1",
        "td_delta": -0.5823173853702635,
        "q_table": {
            "S0": {
                "A0": 19.30177801474016,
                "A1": 18.73555705084251
            },
            "S1": {
                "A0": 18.143834003171587,
                "A1": 19.397991896099384
            }
        }
    },
    {
        "episode": 99,
        "current_state": "S0",
        "current_action": "A0",
        "td_delta": -1.383078299055697,
        "q_table": {
            "S0": {
                "A0": 19.483797852360446,
                "A1": 18.73555705084251
            },
            "S1": {
                "A0": 18.143834003171587,
                "A1": 19.57683573467813
            }
        }
    },
    {
        "episode": 100,
        "current_state": "S0",
        "current_action": "A0",
        "td_delta": 0.06472925040792177,
        "q_table": {
            "S0": {
                "A0": 19.359180420961586,
                "A1": 18.6487918138809
            },
            "S1": {
                "A0": 18.143834003171587,
                "A1": 19.332497064327075
            }
        }
    },
    {
        "episode": 101,
        "current_state": "S0",
        "current_action": "A0",
        "td_delta": -1.8113853388899273,
        "q_table": {
            "S0": {
                "A0": 19.688977435239224,
                "A1": 18.6487918138809
            },
            "S1": {
                "A0": 18.143834003171587,
                "A1": 19.23525084582032
            }
        }
    },
    {
        "episode": 102,
        "current_state": "S1",
        "current_action": "A1",
        "td_delta": 0.3704372879192235,
        "q_table": {
            "S0": {
                "A0": 19.505323957418835,
                "A1": 18.6487918138809
            },
            "S1": {
                "A0": 18.143834003171587,
                "A1": 19.69244665654965
            }
        }
    },
    {
        "episode": 103,
        "current_state": "S0",
        "current_action": "A0",
        "td_delta": 1.8820454252108512,
        "q_table": {
            "S0": {
                "A0": 19.527098928331185,
                "A1": 18.6487918138809
            },
            "S1": {
                "A0": 18.143834003171587,
                "A1": 19.65042534446772
            }
        }
    },
    {
        "episode": 104,
        "current_state": "S0",
        "current_action": "A1",
        "td_delta": -1.0381991020083845,
        "q_table": {
            "S0": {
                "A0": 17.186150750765215,
                "A1": 17.36012253988303
            },
            "S1": {
                "A0": 18.143834003171587,
                "A1": 18.022014095717505
            }
        }
    },
    {
        "episode": 105,
        "current_state": "S1",
        "current_action": "A1",
        "td_delta": 0.5842160900550972,
        "q_table": {
            "S0": {
                "A0": 18.727746635511203,
                "A1": 16.6271859870842
            },
            "S1": {
                "A0": 17.66052604953967,
                "A1": 17.94034584845453
            }
        }
    },
    {
        "episode": 106,
        "current_state": "S1",
        "current_action": "A1",
        "td_delta": 0.075139767747185,
        "q_table": {
            "S0": {
                "A0": 18.736662659006406,
                "A1": 16.6271859870842
            },
            "S1": {
                "A0": 17.66052604953967,
                "A1": 18.585647679302856
            }
        }
    },
    {
        "episode": 107,
        "current_state": "S0",
        "current_action": "A0",
        "td_delta": 0.2466134515907008,
        "q_table": {
            "S0": {
                "A0": 19.32132209261934,
                "A1": 16.6271859870842
            },
            "S1": {
                "A0": 17.66052604953967,
                "A1": 18.930839120056635
            }
        }
    },
    {
        "episode": 108,
        "current_state": "S1",
        "current_action": "A1",
        "td_delta": 1.1253718907816506,
        "q_table": {
            "S0": {
                "A0": 19.68838876394525,
                "A1": 16.6271859870842
            },
            "S1": {
                "A0": 17.66052604953967,
                "A1": 20.05736828884724
            }
        }
    },
    {
        "episode": 109,
        "current_state": "S1",
        "current_action": "A1",
        "td_delta": -0.7661243397753736,
        "q_table": {
            "S0": {
                "A0": 19.73684672578551,
                "A1": 16.6271859870842
            },
            "S1": {
                "A0": 17.66052604953967,
                "A1": 19.6909803880048
            }
        }
    },
    {
        "episode": 110,
        "current_state": "S1",
        "current_action": "A1",
        "td_delta": 1.013165212148376,
        "q_table": {
            "S0": {
                "A0": 20.058480773328217,
                "A1": 16.6271859870842
            },
            "S1": {
                "A0": 17.66052604953967,
                "A1": 20.713909964061855
            }
        }
    },
    {
        "episode": 111,
        "current_state": "S0",
        "current_action": "A0",
        "td_delta": -0.38066887808542305,
        "q_table": {
            "S0": {
                "A0": 20.441690055995164,
                "A1": 16.6271859870842
            },
            "S1": {
                "A0": 17.66052604953967,
                "A1": 20.31052792635365
            }
        }
    },
    {
        "episode": 112,
        "current_state": "S1",
        "current_action": "A1",
        "td_delta": -0.1797665921609557,
        "q_table": {
            "S0": {
                "A0": 20.724606129004748,
                "A1": 16.6271859870842
            },
            "S1": {
                "A0": 17.66052604953967,
                "A1": 20.625449922393493
            }
        }
    },
    {
        "episode": 113,
        "current_state": "S0",
        "current_action": "A0",
        "td_delta": 0.5342833213798954,
        "q_table": {
            "S0": {
                "A0": 20.076155208339067,
                "A1": 16.6271859870842
            },
            "S1": {
                "A0": 17.66052604953967,
                "A1": 19.92401416451137
            }
        }
    },
    {
        "episode": 114,
        "current_state": "S1",
        "current_action": "A1",
        "td_delta": -0.8892094979524181,
        "q_table": {
            "S0": {
                "A0": 19.94420829768042,
                "A1": 16.6271859870842
            },
            "S1": {
                "A0": 17.66052604953967,
                "A1": 20.225558749728947
            }
        }
    },
    {
        "episode": 115,
        "current_state": "S0",
        "current_action": "A0",
        "td_delta": -2.889479857749361,
        "q_table": {
            "S0": {
                "A0": 19.83409252688745,
                "A1": 16.6271859870842
            },
            "S1": {
                "A0": 17.66052604953967,
                "A1": 20.077813755458912
            }
        }
    },
    {
        "episode": 116,
        "current_state": "S1",
        "current_action": "A1",
        "td_delta": -0.21308342729363972,
        "q_table": {
            "S0": {
                "A0": 20.12969772876104,
                "A1": 16.6271859870842
            },
            "S1": {
                "A0": 17.66052604953967,
                "A1": 20.477616628449212
            }
        }
    },
    {
        "episode": 117,
        "current_state": "S0",
        "current_action": "A0",
        "td_delta": 1.2243616196793567,
        "q_table": {
            "S0": {
                "A0": 19.881234961695956,
                "A1": 16.6271859870842
            },
            "S1": {
                "A0": 17.66052604953967,
                "A1": 19.335639061563754
            }
        }
    },
    {
        "episode": 118,
        "current_state": "S1",
        "current_action": "A1",
        "td_delta": -0.9812178485301324,
        "q_table": {
            "S0": {
                "A0": 19.60741496528928,
                "A1": 16.6271859870842
            },
            "S1": {
                "A0": 17.66052604953967,
                "A1": 19.33210847343747
            }
        }
    },
    {
        "episode": 119,
        "current_state": "S0",
        "current_action": "A0",
        "td_delta": -0.14606557322989033,
        "q_table": {
            "S0": {
                "A0": 20.388855544975932,
                "A1": 16.6271859870842
            },
            "S1": {
                "A0": 17.66052604953967,
                "A1": 20.237623100720597
            }
        }
    },
    {
        "episode": 120,
        "current_state": "S0",
        "current_action": "A0",
        "td_delta": -0.3889888475373269,
        "q_table": {
            "S0": {
                "A0": 21.472452070619553,
                "A1": 16.6271859870842
            },
            "S1": {
                "A0": 17.66052604953967,
                "A1": 20.995181991052718
            }
        }
    },
    {
        "episode": 121,
        "current_state": "S1",
        "current_action": "A1",
        "td_delta": 0.9042254233480769,
        "q_table": {
            "S0": {
                "A0": 20.72180183575431,
                "A1": 16.6271859870842
            },
            "S1": {
                "A0": 17.66052604953967,
                "A1": 20.84024952016561
            }
        }
    },
    {
        "episode": 122,
        "current_state": "S0",
        "current_action": "A0",
        "td_delta": -0.09364353938006786,
        "q_table": {
            "S0": {
                "A0": 21.636039509862695,
                "A1": 16.6271859870842
            },
            "S1": {
                "A0": 17.66052604953967,
                "A1": 21.548927481911548
            }
        }
    },
    {
        "episode": 123,
        "current_state": "S1",
        "current_action": "A1",
        "td_delta": -0.5154877954988386,
        "q_table": {
            "S0": {
                "A0": 20.69703432432964,
                "A1": 16.6271859870842
            },
            "S1": {
                "A0": 17.66052604953967,
                "A1": 20.88710463184563
            }
        }
    },
    {
        "episode": 124,
        "current_state": "S1",
        "current_action": "A1",
        "td_delta": -0.5952705477723477,
        "q_table": {
            "S0": {
                "A0": 20.714469180164382,
                "A1": 16.6271859870842
            },
            "S1": {
                "A0": 17.66052604953967,
                "A1": 20.47464401114306
            }
        }
    },
    {
        "episode": 125,
        "current_state": "S0",
        "current_action": "A0",
        "td_delta": -0.5839880147115686,
        "q_table": {
            "S0": {
                "A0": 20.811655515223496,
                "A1": 16.6271859870842
            },
            "S1": {
                "A0": 17.66052604953967,
                "A1": 20.906846489981206
            }
        }
    },
    {
        "episode": 126,
        "current_state": "S0",
        "current_action": "A0",
        "td_delta": 1.5012980956487567,
        "q_table": {
            "S0": {
                "A0": 20.188625635444016,
                "A1": 16.6271859870842
            },
            "S1": {
                "A0": 17.66052604953967,
                "A1": 20.49304322058655
            }
        }
    },
    {
        "episode": 127,
        "current_state": "S0",
        "current_action": "A0",
        "td_delta": -0.16814365476891524,
        "q_table": {
            "S0": {
                "A0": 20.377337667088547,
                "A1": 16.6271859870842
            },
            "S1": {
                "A0": 17.66052604953967,
                "A1": 20.624605158662806
            }
        }
    },
    {
        "episode": 128,
        "current_state": "S0",
        "current_action": "A0",
        "td_delta": 2.696309887678691,
        "q_table": {
            "S0": {
                "A0": 20.81096321198094,
                "A1": 16.6271859870842
            },
            "S1": {
                "A0": 17.66052604953967,
                "A1": 20.472625395702188
            }
        }
    },
    {
        "episode": 129,
        "current_state": "S1",
        "current_action": "A1",
        "td_delta": 1.274740562288315,
        "q_table": {
            "S0": {
                "A0": 20.607907475591762,
                "A1": 16.6271859870842
            },
            "S1": {
                "A0": 17.66052604953967,
                "A1": 20.652772164973104
            }
        }
    },
    {
        "episode": 130,
        "current_state": "S1",
        "current_action": "A1",
        "td_delta": 0.6976322416980487,
        "q_table": {
            "S0": {
                "A0": 20.43504220601768,
                "A1": 16.6271859870842
            },
            "S1": {
                "A0": 17.66052604953967,
                "A1": 20.280895375887667
            }
        }
    },
    {
        "episode": 131,
        "current_state": "S0",
        "current_action": "A0",
        "td_delta": -0.3381443851166246,
        "q_table": {
            "S0": {
                "A0": 20.06331695265457,
                "A1": 16.6271859870842
            },
            "S1": {
                "A0": 17.66052604953967,
                "A1": 20.214153642214956
            }
        }
    },
    {
        "episode": 132,
        "current_state": "S0",
        "current_action": "A0",
        "td_delta": 1.2771763029611911,
        "q_table": {
            "S0": {
                "A0": 19.915615790532836,
                "A1": 16.6271859870842
            },
            "S1": {
                "A0": 17.66052604953967,
                "A1": 19.67162946244212
            }
        }
    },
    {
        "episode": 133,
        "current_state": "S0",
        "current_action": "A0",
        "td_delta": 0.7220869513288761,
        "q_table": {
            "S0": {
                "A0": 19.80097655152875,
                "A1": 16.6271859870842
            },
            "S1": {
                "A0": 17.66052604953967,
                "A1": 19.77983818191638
            }
        }
    },
    {
        "episode": 134,
        "current_state": "S1",
        "current_action": "A1",
        "td_delta": -0.5210232501522718,
        "q_table": {
            "S0": {
                "A0": 20.26014402930325,
                "A1": 16.6271859870842
            },
            "S1": {
                "A0": 17.66052604953967,
                "A1": 19.81930386750997
            }
        }
    },
    {
        "episode": 135,
        "current_state": "S0",
        "current_action": "A0",
        "td_delta": -2.091258199532117,
        "q_table": {
            "S0": {
                "A0": 20.4669495565395,
                "A1": 16.6271859870842
            },
            "S1": {
                "A0": 17.66052604953967,
                "A1": 20.52816321551177
            }
        }
    },
    {
        "episode": 136,
        "current_state": "S0",
        "current_action": "A0",
        "td_delta": -1.2207063562852305,
        "q_table": {
            "S0": {
                "A0": 20.345113044669255,
                "A1": 16.6271859870842
            },
            "S1": {
                "A0": 17.66052604953967,
                "A1": 20.819543145569497
            }
        }
    },
    {
        "episode": 137,
        "current_state": "S1",
        "current_action": "A1",
        "td_delta": -2.256010668327331,
        "q_table": {
            "S0": {
                "A0": 20.599142758560614,
                "A1": 16.6271859870842
            },
            "S1": {
                "A0": 17.66052604953967,
                "A1": 20.042744001199146
            }
        }
    },
    {
        "episode": 138,
        "current_state": "S1",
        "current_action": "A1",
        "td_delta": -0.1784799861422428,
        "q_table": {
            "S0": {
                "A0": 20.359042380036627,
                "A1": 16.6271859870842
            },
            "S1": {
                "A0": 17.66052604953967,
                "A1": 19.85434692280819
            }
        }
    },
    {
        "episode": 139,
        "current_state": "S1",
        "current_action": "A1",
        "td_delta": -0.30673251115997857,
        "q_table": {
            "S0": {
                "A0": 19.83286612815023,
                "A1": 16.6271859870842
            },
            "S1": {
                "A0": 17.66052604953967,
                "A1": 19.886352000483786
            }
        }
    },
    {
        "episode": 140,
        "current_state": "S1",
        "current_action": "A1",
        "td_delta": 0.6557119855672902,
        "q_table": {
            "S0": {
                "A0": 19.892331533951577,
                "A1": 16.6271859870842
            },
            "S1": {
                "A0": 17.66052604953967,
                "A1": 20.342123313545855
            }
        }
    },
    {
        "episode": 141,
        "current_state": "S1",
        "current_action": "A1",
        "td_delta": 1.8398018315300249,
        "q_table": {
            "S0": {
                "A0": 19.771205496076817,
                "A1": 16.6271859870842
            },
            "S1": {
                "A0": 17.66052604953967,
                "A1": 19.394621958092117
            }
        }
    },
    {
        "episode": 142,
        "current_state": "S1",
        "current_action": "A1",
        "td_delta": -0.13299664166770597,
        "q_table": {
            "S0": {
                "A0": 19.92325723075239,
                "A1": 16.6271859870842
            },
            "S1": {
                "A0": 17.66052604953967,
                "A1": 19.71485278251031
            }
        }
    },
    {
        "episode": 143,
        "current_state": "S0",
        "current_action": "A0",
        "td_delta": 0.21550540099345383,
        "q_table": {
            "S0": {
                "A0": 20.5434553324657,
                "A1": 16.6271859870842
            },
            "S1": {
                "A0": 17.66052604953967,
                "A1": 20.310438815955344
            }
        }
    },
    {
        "episode": 144,
        "current_state": "S1",
        "current_action": "A1",
        "td_delta": 0.3375792509936346,
        "q_table": {
            "S0": {
                "A0": 20.764229135520043,
                "A1": 16.6271859870842
            },
            "S1": {
                "A0": 17.66052604953967,
                "A1": 20.666023725163022
            }
        }
    },
    {
        "episode": 145,
        "current_state": "S1",
        "current_action": "A1",
        "td_delta": -0.5337848466547541,
        "q_table": {
            "S0": {
                "A0": 20.42170185548631,
                "A1": 16.6271859870842
            },
            "S1": {
                "A0": 17.66052604953967,
                "A1": 20.00704412192696
            }
        }
    },
    {
        "episode": 146,
        "current_state": "S1",
        "current_action": "A1",
        "td_delta": 0.857680558222075,
        "q_table": {
            "S0": {
                "A0": 19.273434764785733,
                "A1": 16.6271859870842
            },
            "S1": {
                "A0": 17.66052604953967,
                "A1": 19.519656414907292
            }
        }
    },
    {
        "episode": 147,
        "current_state": "S1",
        "current_action": "A1",
        "td_delta": -1.2482080574701726,
        "q_table": {
            "S0": {
                "A0": 20.137245914753137,
                "A1": 16.6271859870842
            },
            "S1": {
                "A0": 17.66052604953967,
                "A1": 20.403648358954708
            }
        }
    },
    {
        "episode": 148,
        "current_state": "S1",
        "current_action": "A1",
        "td_delta": -0.09021604938723016,
        "q_table": {
            "S0": {
                "A0": 20.446820070150917,
                "A1": 16.6271859870842
            },
            "S1": {
                "A0": 17.66052604953967,
                "A1": 20.62348311658433
            }
        }
    },
    {
        "episode": 149,
        "current_state": "S1",
        "current_action": "A1",
        "td_delta": 0.011238258095520592,
        "q_table": {
            "S0": {
                "A0": 19.923363658417045,
                "A1": 16.6271859870842
            },
            "S1": {
                "A0": 17.66052604953967,
                "A1": 19.80428234628937
            }
        }
    },
    {
        "episode": 150,
        "current_state": "S0",
        "current_action": "A0",
        "td_delta": -0.6768339982993155,
        "q_table": {
            "S0": {
                "A0": 20.14047261316323,
                "A1": 16.6271859870842
            },
            "S1": {
                "A0": 17.66052604953967,
                "A1": 20.36275624446325
            }
        }
    },
    {
        "episode": 151,
        "current_state": "S1",
        "current_action": "A1",
        "td_delta": -0.16241281802165375,
        "q_table": {
            "S0": {
                "A0": 20.75435263685378,
                "A1": 16.6271859870842
            },
            "S1": {
                "A0": 17.66052604953967,
                "A1": 20.67797976841437
            }
        }
    },
    {
        "episode": 152,
        "current_state": "S1",
        "current_action": "A1",
        "td_delta": -0.1694436638968675,
        "q_table": {
            "S0": {
                "A0": 20.79110650511003,
                "A1": 16.6271859870842
            },
            "S1": {
                "A0": 17.66052604953967,
                "A1": 20.659794656106207
            }
        }
    },
    {
        "episode": 153,
        "current_state": "S0",
        "current_action": "A0",
        "td_delta": -1.3560644471772747,
        "q_table": {
            "S0": {
                "A0": 21.300768210184856,
                "A1": 16.6271859870842
            },
            "S1": {
                "A0": 17.66052604953967,
                "A1": 20.545190938583676
            }
        }
    },
    {
        "episode": 154,
        "current_state": "S1",
        "current_action": "A1",
        "td_delta": 0.4307465037469207,
        "q_table": {
            "S0": {
                "A0": 19.933095215145578,
                "A1": 16.6271859870842
            },
            "S1": {
                "A0": 17.66052604953967,
                "A1": 19.646260568258793
            }
        }
    },
    {
        "episode": 155,
        "current_state": "S0",
        "current_action": "A0",
        "td_delta": -0.8422169143922673,
        "q_table": {
            "S0": {
                "A0": 20.66528264248345,
                "A1": 16.6271859870842
            },
            "S1": {
                "A0": 17.66052604953967,
                "A1": 20.624269623883546
            }
        }
    },
    {
        "episode": 156,
        "current_state": "S1",
        "current_action": "A1",
        "td_delta": -0.4204788018359089,
        "q_table": {
            "S0": {
                "A0": 20.834596524356826,
                "A1": 16.6271859870842
            },
            "S1": {
                "A0": 17.66052604953967,
                "A1": 21.14787378817552
            }
        }
    },
    {
        "episode": 157,
        "current_state": "S0",
        "current_action": "A0",
        "td_delta": -0.017171610027425288,
        "q_table": {
            "S0": {
                "A0": 20.44466250482612,
                "A1": 16.6271859870842
            },
            "S1": {
                "A0": 17.66052604953967,
                "A1": 20.651798914223818
            }
        }
    },
    {
        "episode": 158,
        "current_state": "S1",
        "current_action": "A1",
        "td_delta": -0.13007834554347042,
        "q_table": {
            "S0": {
                "A0": 20.3826030984918,
                "A1": 16.6271859870842
            },
            "S1": {
                "A0": 17.66052604953967,
                "A1": 20.367242422631744
            }
        }
    },
    {
        "episode": 159,
        "current_state": "S1",
        "current_action": "A1",
        "td_delta": 0.11576457246472316,
        "q_table": {
            "S0": {
                "A0": 20.40044671534938,
                "A1": 16.6271859870842
            },
            "S1": {
                "A0": 17.66052604953967,
                "A1": 20.520372651596194
            }
        }
    },
    {
        "episode": 160,
        "current_state": "S0",
        "current_action": "A0",
        "td_delta": 0.5991116082370738,
        "q_table": {
            "S0": {
                "A0": 20.980094028452985,
                "A1": 16.6271859870842
            },
            "S1": {
                "A0": 17.66052604953967,
                "A1": 20.8668314173609
            }
        }
    },
    {
        "episode": 161,
        "current_state": "S1",
        "current_action": "A1",
        "td_delta": -1.4494013745711776,
        "q_table": {
            "S0": {
                "A0": 20.63994126998898,
                "A1": 16.6271859870842
            },
            "S1": {
                "A0": 17.66052604953967,
                "A1": 20.772043247104143
            }
        }
    },
    {
        "episode": 162,
        "current_state": "S1",
        "current_action": "A1",
        "td_delta": -0.344574174219634,
        "q_table": {
            "S0": {
                "A0": 19.762713872618995,
                "A1": 16.6271859870842
            },
            "S1": {
                "A0": 17.66052604953967,
                "A1": 19.86940724915477
            }
        }
    },
    {
        "episode": 163,
        "current_state": "S0",
        "current_action": "A0",
        "td_delta": 3.992866763260139,
        "q_table": {
            "S0": {
                "A0": 20.493608493724636,
                "A1": 16.6271859870842
            },
            "S1": {
                "A0": 17.66052604953967,
                "A1": 19.915214120800613
            }
        }
    },
    {
        "episode": 164,
        "current_state": "S0",
        "current_action": "A0",
        "td_delta": 0.07355338104826004,
        "q_table": {
            "S0": {
                "A0": 20.21276744577955,
                "A1": 16.6271859870842
            },
            "S1": {
                "A0": 17.66052604953967,
                "A1": 20.436627804136652
            }
        }
    },
    {
        "episode": 165,
        "current_state": "S0",
        "current_action": "A0",
        "td_delta": 0.07012168738504343,
        "q_table": {
            "S0": {
                "A0": 20.254829922961466,
                "A1": 16.6271859870842
            },
            "S1": {
                "A0": 17.66052604953967,
                "A1": 19.942726352897783
            }
        }
    },
    {
        "episode": 166,
        "current_state": "S1",
        "current_action": "A1",
        "td_delta": -0.43541693502529455,
        "q_table": {
            "S0": {
                "A0": 19.711944509165427,
                "A1": 16.6271859870842
            },
            "S1": {
                "A0": 17.66052604953967,
                "A1": 20.13168077277165
            }
        }
    },
    {
        "episode": 167,
        "current_state": "S1",
        "current_action": "A1",
        "td_delta": -0.5951187089868064,
        "q_table": {
            "S0": {
                "A0": 19.92903308032093,
                "A1": 16.6271859870842
            },
            "S1": {
                "A0": 17.66052604953967,
                "A1": 20.244775315376963
            }
        }
    },
    {
        "episode": 168,
        "current_state": "S1",
        "current_action": "A1",
        "td_delta": -0.3217833975745066,
        "q_table": {
            "S0": {
                "A0": 20.210729341203887,
                "A1": 16.6271859870842
            },
            "S1": {
                "A0": 17.66052604953967,
                "A1": 20.235843945987618
            }
        }
    },
    {
        "episode": 169,
        "current_state": "S0",
        "current_action": "A0",
        "td_delta": 0.9501967779092517,
        "q_table": {
            "S0": {
                "A0": 20.71198565869842,
                "A1": 16.6271859870842
            },
            "S1": {
                "A0": 17.66052604953967,
                "A1": 20.366528527242448
            }
        }
    },
    {
        "episode": 170,
        "current_state": "S1",
        "current_action": "A1",
        "td_delta": 0.45309279190747276,
        "q_table": {
            "S0": {
                "A0": 20.45633668940933,
                "A1": 16.6271859870842
            },
            "S1": {
                "A0": 17.66052604953967,
                "A1": 20.35814458175167
            }
        }
    },
    {
        "episode": 171,
        "current_state": "S0",
        "current_action": "A0",
        "td_delta": -0.0939376307675488,
        "q_table": {
            "S0": {
                "A0": 19.90712294459875,
                "A1": 16.6271859870842
            },
            "S1": {
                "A0": 17.66052604953967,
                "A1": 19.703842784589543
            }
        }
    },
    {
        "episode": 172,
        "current_state": "S0",
        "current_action": "A0",
        "td_delta": -0.14501470346566236,
        "q_table": {
            "S0": {
                "A0": 19.64528996029413,
                "A1": 16.6271859870842
            },
            "S1": {
                "A0": 17.66052604953967,
                "A1": 19.74781169352781
            }
        }
    },
    {
        "episode": 173,
        "current_state": "S1",
        "current_action": "A1",
        "td_delta": -0.10585217566165284,
        "q_table": {
            "S0": {
                "A0": 19.77828259018318,
                "A1": 16.6271859870842
            },
            "S1": {
                "A0": 17.66052604953967,
                "A1": 19.76937816626035
            }
        }
    },
    {
        "episode": 174,
        "current_state": "S0",
        "current_action": "A0",
        "td_delta": 0.07558367646063147,
        "q_table": {
            "S0": {
                "A0": 19.16203982504706,
                "A1": 16.6271859870842
            },
            "S1": {
                "A0": 17.66052604953967,
                "A1": 19.52343527540181
            }
        }
    },
    {
        "episode": 175,
        "current_state": "S0",
        "current_action": "A0",
        "td_delta": 0.8699415832211308,
        "q_table": {
            "S0": {
                "A0": 20.200306287601173,
                "A1": 16.6271859870842
            },
            "S1": {
                "A0": 17.66052604953967,
                "A1": 20.371392520555766
            }
        }
    },
    {
        "episode": 176,
        "current_state": "S1",
        "current_action": "A1",
        "td_delta": 0.029046719919971764,
        "q_table": {
            "S0": {
                "A0": 20.343791097953442,
                "A1": 16.6271859870842
            },
            "S1": {
                "A0": 17.66052604953967,
                "A1": 20.252251802792287
            }
        }
    },
    {
        "episode": 177,
        "current_state": "S0",
        "current_action": "A0",
        "td_delta": -0.09730317596001115,
        "q_table": {
            "S0": {
                "A0": 19.768842872004118,
                "A1": 16.6271859870842
            },
            "S1": {
                "A0": 17.66052604953967,
                "A1": 19.923728272401693
            }
        }
    },
    {
        "episode": 178,
        "current_state": "S1",
        "current_action": "A1",
        "td_delta": 0.6864146642089892,
        "q_table": {
            "S0": {
                "A0": 19.987313885553217,
                "A1": 16.6271859870842
            },
            "S1": {
                "A0": 17.66052604953967,
                "A1": 20.032807772209807
            }
        }
    },
    {
        "episode": 179,
        "current_state": "S0",
        "current_action": "A0",
        "td_delta": -0.6133117268249961,
        "q_table": {
            "S0": {
                "A0": 19.88200495365207,
                "A1": 16.6271859870842
            },
            "S1": {
                "A0": 17.66052604953967,
                "A1": 19.97681902278842
            }
        }
    },
    {
        "episode": 180,
        "current_state": "S0",
        "current_action": "A0",
        "td_delta": 0.05080751864987931,
        "q_table": {
            "S0": {
                "A0": 19.804021519106215,
                "A1": 16.6271859870842
            },
            "S1": {
                "A0": 17.66052604953967,
                "A1": 19.67124707432345
            }
        }
    },
    {
        "episode": 181,
        "current_state": "S1",
        "current_action": "A1",
        "td_delta": 0.13366846309240898,
        "q_table": {
            "S0": {
                "A0": 19.651495328301824,
                "A1": 16.6271859870842
            },
            "S1": {
                "A0": 17.66052604953967,
                "A1": 20.269395745385175
            }
        }
    },
    {
        "episode": 182,
        "current_state": "S1",
        "current_action": "A1",
        "td_delta": 0.1679838184120932,
        "q_table": {
            "S0": {
                "A0": 19.622950386304446,
                "A1": 16.6271859870842
            },
            "S1": {
                "A0": 17.66052604953967,
                "A1": 19.915237840103117
            }
        }
    },
    {
        "episode": 183,
        "current_state": "S1",
        "current_action": "A1",
        "td_delta": -0.16002480864163715,
        "q_table": {
            "S0": {
                "A0": 20.322847105398658,
                "A1": 16.6271859870842
            },
            "S1": {
                "A0": 17.66052604953967,
                "A1": 19.90994670555221
            }
        }
    },
    {
        "episode": 184,
        "current_state": "S1",
        "current_action": "A1",
        "td_delta": -1.2150907341353019,
        "q_table": {
            "S0": {
                "A0": 20.660843645342762,
                "A1": 16.6271859870842
            },
            "S1": {
                "A0": 17.66052604953967,
                "A1": 20.552888126530256
            }
        }
    },
    {
        "episode": 185,
        "current_state": "S0",
        "current_action": "A0",
        "td_delta": 0.8018103549377855,
        "q_table": {
            "S0": {
                "A0": 20.61168636590356,
                "A1": 16.6271859870842
            },
            "S1": {
                "A0": 17.66052604953967,
                "A1": 20.737296061497293
            }
        }
    },
    {
        "episode": 186,
        "current_state": "S1",
        "current_action": "A1",
        "td_delta": -0.6951077475112477,
        "q_table": {
            "S0": {
                "A0": 20.517236128637627,
                "A1": 16.6271859870842
            },
            "S1": {
                "A0": 17.66052604953967,
                "A1": 20.881342749533992
            }
        }
    },
    {
        "episode": 187,
        "current_state": "S0",
        "current_action": "A0",
        "td_delta": -0.890752407976656,
        "q_table": {
            "S0": {
                "A0": 20.44829730173656,
                "A1": 16.6271859870842
            },
            "S1": {
                "A0": 17.66052604953967,
                "A1": 20.631610265063966
            }
        }
    },
    {
        "episode": 188,
        "current_state": "S1",
        "current_action": "A1",
        "td_delta": 0.7651855318946801,
        "q_table": {
            "S0": {
                "A0": 20.177526526017385,
                "A1": 16.6271859870842
            },
            "S1": {
                "A0": 17.66052604953967,
                "A1": 20.362554764242653
            }
        }
    },
    {
        "episode": 189,
        "current_state": "S1",
        "current_action": "A1",
        "td_delta": -0.26723208086848516,
        "q_table": {
            "S0": {
                "A0": 20.032589962643506,
                "A1": 16.6271859870842
            },
            "S1": {
                "A0": 17.66052604953967,
                "A1": 19.924437676160792
            }
        }
    },
    {
        "episode": 190,
        "current_state": "S1",
        "current_action": "A1",
        "td_delta": -1.0855560237706001,
        "q_table": {
            "S0": {
                "A0": 19.396516105460734,
                "A1": 16.6271859870842
            },
            "S1": {
                "A0": 17.66052604953967,
                "A1": 19.434994655328936
            }
        }
    },
    {
        "episode": 191,
        "current_state": "S0",
        "current_action": "A0",
        "td_delta": -0.5289276582418054,
        "q_table": {
            "S0": {
                "A0": 19.721663719322347,
                "A1": 16.6271859870842
            },
            "S1": {
                "A0": 17.66052604953967,
                "A1": 19.6745681265608
            }
        }
    },
    {
        "episode": 192,
        "current_state": "S1",
        "current_action": "A1",
        "td_delta": 0.2863121868232632,
        "q_table": {
            "S0": {
                "A0": 19.847120688113165,
                "A1": 16.6271859870842
            },
            "S1": {
                "A0": 17.66052604953967,
                "A1": 19.64096192916091
            }
        }
    },
    {
        "episode": 193,
        "current_state": "S0",
        "current_action": "A0",
        "td_delta": 0.036666281226377606,
        "q_table": {
            "S0": {
                "A0": 20.126456707276123,
                "A1": 16.6271859870842
            },
            "S1": {
                "A0": 17.66052604953967,
                "A1": 20.253568471533182
            }
        }
    },
    {
        "episode": 194,
        "current_state": "S1",
        "current_action": "A1",
        "td_delta": 0.19624566430848844,
        "q_table": {
            "S0": {
                "A0": 19.875108474239966,
                "A1": 16.6271859870842
            },
            "S1": {
                "A0": 17.66052604953967,
                "A1": 19.759502523345947
            }
        }
    },
    {
        "episode": 195,
        "current_state": "S1",
        "current_action": "A1",
        "td_delta": 0.3803708691144898,
        "q_table": {
            "S0": {
                "A0": 19.451134385280913,
                "A1": 16.6271859870842
            },
            "S1": {
                "A0": 17.66052604953967,
                "A1": 19.75324364576654
            }
        }
    },
    {
        "episode": 196,
        "current_state": "S1",
        "current_action": "A1",
        "td_delta": 0.15368629791570498,
        "q_table": {
            "S0": {
                "A0": 19.97412807071582,
                "A1": 16.6271859870842
            },
            "S1": {
                "A0": 17.66052604953967,
                "A1": 19.88781464052011
            }
        }
    },
    {
        "episode": 197,
        "current_state": "S1",
        "current_action": "A1",
        "td_delta": -1.114963865675172,
        "q_table": {
            "S0": {
                "A0": 20.338467114655163,
                "A1": 16.6271859870842
            },
            "S1": {
                "A0": 17.66052604953967,
                "A1": 20.287496681297306
            }
        }
    },
    {
        "episode": 198,
        "current_state": "S1",
        "current_action": "A1",
        "td_delta": -0.7894305744042569,
        "q_table": {
            "S0": {
                "A0": 19.416504108867993,
                "A1": 16.6271859870842
            },
            "S1": {
                "A0": 17.66052604953967,
                "A1": 19.959627964945028
            }
        }
    },
    {
        "episode": 199,
        "current_state": "S0",
        "current_action": "A0",
        "td_delta": -0.07209254747708371,
        "q_table": {
            "S0": {
                "A0": 19.40028539554523,
                "A1": 16.6271859870842
            },
            "S1": {
                "A0": 17.66052604953967,
                "A1": 19.22932048868428
            }
        }
    }
]