[
    {
        "episode": 0,
        "current_state": "S1",
        "current_action": "A0",
        "td_delta": 1.7339288444641365,
        "q_table": {
            "S0": {
                "A0": 4.83592757592405,
                "A1": 3.965508821328143
            },
            "S1": {
                "A0": 3.602166572313922,
                "A1": 5.254552961018708
            }
        }
    },
    {
        "episode": 1,
        "current_state": "S1",
        "current_action": "A1",
        "td_delta": -0.033853386962290344,
        "q_table": {
            "S0": {
                "A0": 8.654077148679352,
                "A1": 7.479297042792381
            },
            "S1": {
                "A0": 6.8308601451675,
                "A1": 8.70421372907748
            }
        }
    },
    {
        "episode": 2,
        "current_state": "S0",
        "current_action": "A1",
        "td_delta": 0.8660814974996249,
        "q_table": {
            "S0": {
                "A0": 12.764094130455423,
                "A1": 10.351693009630607
            },
            "S1": {
                "A0": 10.755862174329716,
                "A1": 11.734700175978077
            }
        }
    },
    {
        "episode": 3,
        "current_state": "S1",
        "current_action": "A0",
        "td_delta": 2.199605822683475,
        "q_table": {
            "S0": {
                "A0": 14.861471010557235,
                "A1": 12.859190150520252
            },
            "S1": {
                "A0": 12.820066647086385,
                "A1": 14.590644062357361
            }
        }
    },
    {
        "episode": 4,
        "current_state": "S1",
        "current_action": "A1",
        "td_delta": -1.0954168946408203,
        "q_table": {
            "S0": {
                "A0": 16.601399395206922,
                "A1": 14.767669301983766
            },
            "S1": {
                "A0": 15.365929029284501,
                "A1": 17.01831712186297
            }
        }
    },
    {
        "episode": 5,
        "current_state": "S1",
        "current_action": "A1",
        "td_delta": 0.18978929211243667,
        "q_table": {
            "S0": {
                "A0": 17.336537600500684,
                "A1": 16.033073021030415
            },
            "S1": {
                "A0": 16.319283892085114,
                "A1": 17.26184685454942
            }
        }
    },
    {
        "episode": 6,
        "current_state": "S0",
        "current_action": "A0",
        "td_delta": 0.35571116603925645,
        "q_table": {
            "S0": {
                "A0": 18.570243169758683,
                "A1": 16.745334549792023
            },
            "S1": {
                "A0": 16.40622087011252,
                "A1": 18.57814334243779
            }
        }
    },
    {
        "episode": 7,
        "current_state": "S1",
        "current_action": "A1",
        "td_delta": 0.12829131138033034,
        "q_table": {
            "S0": {
                "A0": 19.446640619362935,
                "A1": 17.55661511443143
            },
            "S1": {
                "A0": 17.736547986029297,
                "A1": 19.305175069184344
            }
        }
    },
    {
        "episode": 8,
        "current_state": "S1",
        "current_action": "A1",
        "td_delta": 1.263611587419497,
        "q_table": {
            "S0": {
                "A0": 19.141530250641146,
                "A1": 18.509490137050683
            },
            "S1": {
                "A0": 18.141387412107147,
                "A1": 19.644399144899488
            }
        }
    },
    {
        "episode": 9,
        "current_state": "S0",
        "current_action": "A0",
        "td_delta": -0.10801693931752965,
        "q_table": {
            "S0": {
                "A0": 20.30398063924354,
                "A1": 18.615262313111646
            },
            "S1": {
                "A0": 18.695704114606354,
                "A1": 20.16128712274313
            }
        }
    },
    {
        "episode": 10,
        "current_state": "S1",
        "current_action": "A1",
        "td_delta": 0.6175180075942706,
        "q_table": {
            "S0": {
                "A0": 20.491829499856284,
                "A1": 18.615262313111646
            },
            "S1": {
                "A0": 18.695704114606354,
                "A1": 20.505791025035812
            }
        }
    },
    {
        "episode": 11,
        "current_state": "S1",
        "current_action": "A1",
        "td_delta": 0.7387253970864407,
        "q_table": {
            "S0": {
                "A0": 20.57620678157689,
                "A1": 18.615262313111646
            },
            "S1": {
                "A0": 18.695704114606354,
                "A1": 20.58038881884426
            }
        }
    },
    {
        "episode": 12,
        "current_state": "S1",
        "current_action": "A1",
        "td_delta": -0.13011085434402503,
        "q_table": {
            "S0": {
                "A0": 20.259075355728918,
                "A1": 18.615262313111646
            },
            "S1": {
                "A0": 18.695704114606354,
                "A1": 20.142080564065648
            }
        }
    },
    {
        "episode": 13,
        "current_state": "S1",
        "current_action": "A1",
        "td_delta": 0.021121325896888976,
        "q_table": {
            "S0": {
                "A0": 19.875120280767113,
                "A1": 18.615262313111646
            },
            "S1": {
                "A0": 18.695704114606354,
                "A1": 19.644959442383204
            }
        }
    },
    {
        "episode": 14,
        "current_state": "S1",
        "current_action": "A1",
        "td_delta": 0.20014005322183337,
        "q_table": {
            "S0": {
                "A0": 19.627713197939837,
                "A1": 18.615262313111646
            },
            "S1": {
                "A0": 18.695704114606354,
                "A1": 19.5159993022462
            }
        }
    },
    {
        "episode": 15,
        "current_state": "S1",
        "current_action": "A1",
        "td_delta": -2.767118875773928,
        "q_table": {
            "S0": {
                "A0": 20.42978178068185,
                "A1": 18.615262313111646
            },
            "S1": {
                "A0": 18.695704114606354,
                "A1": 20.4694704298102
            }
        }
    },
    {
        "episode": 16,
        "current_state": "S0",
        "current_action": "A0",
        "td_delta": 0.36421220145643574,
        "q_table": {
            "S0": {
                "A0": 20.155776905581288,
                "A1": 18.615262313111646
            },
            "S1": {
                "A0": 18.695704114606354,
                "A1": 19.916148254341763
            }
        }
    },
    {
        "episode": 17,
        "current_state": "S1",
        "current_action": "A1",
        "td_delta": 0.3470237662924198,
        "q_table": {
            "S0": {
                "A0": 19.819703644296528,
                "A1": 18.615262313111646
            },
            "S1": {
                "A0": 18.695704114606354,
                "A1": 19.624578424203694
            }
        }
    },
    {
        "episode": 18,
        "current_state": "S0",
        "current_action": "A0",
        "td_delta": -0.1808030188501064,
        "q_table": {
            "S0": {
                "A0": 20.003322580750815,
                "A1": 18.615262313111646
            },
            "S1": {
                "A0": 18.695704114606354,
                "A1": 19.974564075317467
            }
        }
    },
    {
        "episode": 19,
        "current_state": "S0",
        "current_action": "A0",
        "td_delta": 0.9152556651138894,
        "q_table": {
            "S0": {
                "A0": 20.9147642053725,
                "A1": 18.615262313111646
            },
            "S1": {
                "A0": 18.695704114606354,
                "A1": 20.724800003485267
            }
        }
    },
    {
        "episode": 20,
        "current_state": "S1",
        "current_action": "A1",
        "td_delta": -0.2957496176796468,
        "q_table": {
            "S0": {
                "A0": 20.57734125646703,
                "A1": 18.615262313111646
            },
            "S1": {
                "A0": 18.695704114606354,
                "A1": 20.66059169073201
            }
        }
    },
    {
        "episode": 21,
        "current_state": "S1",
        "current_action": "A1",
        "td_delta": 1.6468989641698073,
        "q_table": {
            "S0": {
                "A0": 19.939845427484464,
                "A1": 18.615262313111646
            },
            "S1": {
                "A0": 18.695704114606354,
                "A1": 20.43727388298319
            }
        }
    },
    {
        "episode": 22,
        "current_state": "S1",
        "current_action": "A1",
        "td_delta": -0.30279300047679314,
        "q_table": {
            "S0": {
                "A0": 20.824821581874918,
                "A1": 18.615262313111646
            },
            "S1": {
                "A0": 18.695704114606354,
                "A1": 20.92553902611654
            }
        }
    },
    {
        "episode": 23,
        "current_state": "S0",
        "current_action": "A0",
        "td_delta": -0.08243903711986178,
        "q_table": {
            "S0": {
                "A0": 20.231774219733524,
                "A1": 18.615262313111646
            },
            "S1": {
                "A0": 18.695704114606354,
                "A1": 20.13184970036183
            }
        }
    },
    {
        "episode": 24,
        "current_state": "S0",
        "current_action": "A0",
        "td_delta": -2.9503194171114053,
        "q_table": {
            "S0": {
                "A0": 20.253091008543002,
                "A1": 18.615262313111646
            },
            "S1": {
                "A0": 18.695704114606354,
                "A1": 20.05647421126971
            }
        }
    },
    {
        "episode": 25,
        "current_state": "S0",
        "current_action": "A0",
        "td_delta": -0.43157103232612926,
        "q_table": {
            "S0": {
                "A0": 20.705466370028688,
                "A1": 18.615262313111646
            },
            "S1": {
                "A0": 18.695704114606354,
                "A1": 20.55701982831881
            }
        }
    },
    {
        "episode": 26,
        "current_state": "S0",
        "current_action": "A0",
        "td_delta": 1.454963657704674,
        "q_table": {
            "S0": {
                "A0": 20.711180713480843,
                "A1": 18.615262313111646
            },
            "S1": {
                "A0": 18.695704114606354,
                "A1": 20.731043697127834
            }
        }
    },
    {
        "episode": 27,
        "current_state": "S0",
        "current_action": "A0",
        "td_delta": 0.6378970359738574,
        "q_table": {
            "S0": {
                "A0": 20.38602398963307,
                "A1": 18.615262313111646
            },
            "S1": {
                "A0": 18.695704114606354,
                "A1": 20.396267321121712
            }
        }
    },
    {
        "episode": 28,
        "current_state": "S1",
        "current_action": "A1",
        "td_delta": -0.0044943903205521,
        "q_table": {
            "S0": {
                "A0": 19.850675082428534,
                "A1": 18.615262313111646
            },
            "S1": {
                "A0": 18.695704114606354,
                "A1": 20.058689305474175
            }
        }
    },
    {
        "episode": 29,
        "current_state": "S1",
        "current_action": "A1",
        "td_delta": 0.15203731845600288,
        "q_table": {
            "S0": {
                "A0": 19.199903512265593,
                "A1": 18.615262313111646
            },
            "S1": {
                "A0": 18.563594842655636,
                "A1": 19.22265932042863
            }
        }
    },
    {
        "episode": 30,
        "current_state": "S1",
        "current_action": "A1",
        "td_delta": -0.3088700705826497,
        "q_table": {
            "S0": {
                "A0": 19.19423365904521,
                "A1": 18.615262313111646
            },
            "S1": {
                "A0": 18.563594842655636,
                "A1": 19.875788318768226
            }
        }
    },
    {
        "episode": 31,
        "current_state": "S1",
        "current_action": "A1",
        "td_delta": 0.8606004011666215,
        "q_table": {
            "S0": {
                "A0": 20.212324567820584,
                "A1": 18.615262313111646
            },
            "S1": {
                "A0": 18.563594842655636,
                "A1": 20.30502334845047
            }
        }
    },
    {
        "episode": 32,
        "current_state": "S0",
        "current_action": "A0",
        "td_delta": -0.14283687792357114,
        "q_table": {
            "S0": {
                "A0": 20.42423395208206,
                "A1": 18.615262313111646
            },
            "S1": {
                "A0": 18.563594842655636,
                "A1": 20.673369024389824
            }
        }
    },
    {
        "episode": 33,
        "current_state": "S1",
        "current_action": "A1",
        "td_delta": 0.6392609549453816,
        "q_table": {
            "S0": {
                "A0": 20.70751257742649,
                "A1": 18.615262313111646
            },
            "S1": {
                "A0": 18.563594842655636,
                "A1": 20.70466177604073
            }
        }
    },
    {
        "episode": 34,
        "current_state": "S1",
        "current_action": "A1",
        "td_delta": 0.3621435841973195,
        "q_table": {
            "S0": {
                "A0": 20.750187099150622,
                "A1": 18.615262313111646
            },
            "S1": {
                "A0": 18.563594842655636,
                "A1": 20.86274622145797
            }
        }
    },
    {
        "episode": 35,
        "current_state": "S0",
        "current_action": "A0",
        "td_delta": -0.5707763235856262,
        "q_table": {
            "S0": {
                "A0": 20.66374251224296,
                "A1": 18.615262313111646
            },
            "S1": {
                "A0": 18.563594842655636,
                "A1": 20.494130647795437
            }
        }
    },
    {
        "episode": 36,
        "current_state": "S1",
        "current_action": "A1",
        "td_delta": -0.10760707964714555,
        "q_table": {
            "S0": {
                "A0": 20.577174457185567,
                "A1": 18.615262313111646
            },
            "S1": {
                "A0": 18.563594842655636,
                "A1": 20.463382796149443
            }
        }
    },
    {
        "episode": 37,
        "current_state": "S1",
        "current_action": "A1",
        "td_delta": 0.466025753185626,
        "q_table": {
            "S0": {
                "A0": 20.647121039925597,
                "A1": 18.615262313111646
            },
            "S1": {
                "A0": 18.563594842655636,
                "A1": 20.952362783065976
            }
        }
    },
    {
        "episode": 38,
        "current_state": "S1",
        "current_action": "A1",
        "td_delta": 0.5520793855910817,
        "q_table": {
            "S0": {
                "A0": 21.145026764249945,
                "A1": 18.615262313111646
            },
            "S1": {
                "A0": 18.563594842655636,
                "A1": 21.465036046792978
            }
        }
    },
    {
        "episode": 39,
        "current_state": "S0",
        "current_action": "A0",
        "td_delta": -0.3466750730175825,
        "q_table": {
            "S0": {
                "A0": 21.691081704290497,
                "A1": 18.615262313111646
            },
            "S1": {
                "A0": 18.563594842655636,
                "A1": 21.794357855082968
            }
        }
    },
    {
        "episode": 40,
        "current_state": "S1",
        "current_action": "A1",
        "td_delta": -0.07905643542571283,
        "q_table": {
            "S0": {
                "A0": 22.233329771346963,
                "A1": 18.615262313111646
            },
            "S1": {
                "A0": 18.563594842655636,
                "A1": 22.45178216909541
            }
        }
    },
    {
        "episode": 41,
        "current_state": "S1",
        "current_action": "A1",
        "td_delta": -1.828347305748359,
        "q_table": {
            "S0": {
                "A0": 22.00703876439194,
                "A1": 18.615262313111646
            },
            "S1": {
                "A0": 18.563594842655636,
                "A1": 21.66702290112627
            }
        }
    },
    {
        "episode": 42,
        "current_state": "S1",
        "current_action": "A1",
        "td_delta": 0.12569364105725356,
        "q_table": {
            "S0": {
                "A0": 20.434650359640717,
                "A1": 18.615262313111646
            },
            "S1": {
                "A0": 18.563594842655636,
                "A1": 20.503249875725118
            }
        }
    },
    {
        "episode": 43,
        "current_state": "S1",
        "current_action": "A1",
        "td_delta": 0.49720551818299086,
        "q_table": {
            "S0": {
                "A0": 20.64143228729522,
                "A1": 18.615262313111646
            },
            "S1": {
                "A0": 18.563594842655636,
                "A1": 20.57848720020101
            }
        }
    },
    {
        "episode": 44,
        "current_state": "S0",
        "current_action": "A0",
        "td_delta": -0.7664610790449551,
        "q_table": {
            "S0": {
                "A0": 20.277558479378715,
                "A1": 18.615262313111646
            },
            "S1": {
                "A0": 18.563594842655636,
                "A1": 20.439213146931394
            }
        }
    },
    {
        "episode": 45,
        "current_state": "S0",
        "current_action": "A0",
        "td_delta": -2.579144723861649,
        "q_table": {
            "S0": {
                "A0": 20.93203278977088,
                "A1": 18.615262313111646
            },
            "S1": {
                "A0": 18.563594842655636,
                "A1": 20.218384136994885
            }
        }
    },
    {
        "episode": 46,
        "current_state": "S0",
        "current_action": "A0",
        "td_delta": -0.02000023422291264,
        "q_table": {
            "S0": {
                "A0": 19.85472773024713,
                "A1": 18.615262313111646
            },
            "S1": {
                "A0": 18.563594842655636,
                "A1": 19.90064454160723
            }
        }
    },
    {
        "episode": 47,
        "current_state": "S1",
        "current_action": "A1",
        "td_delta": -0.14025675807179283,
        "q_table": {
            "S0": {
                "A0": 19.85191945138095,
                "A1": 18.615262313111646
            },
            "S1": {
                "A0": 18.563594842655636,
                "A1": 19.87085989950747
            }
        }
    },
    {
        "episode": 48,
        "current_state": "S0",
        "current_action": "A0",
        "td_delta": 0.3554691300865578,
        "q_table": {
            "S0": {
                "A0": 19.864216135164714,
                "A1": 18.615262313111646
            },
            "S1": {
                "A0": 18.563594842655636,
                "A1": 19.829578335825126
            }
        }
    },
    {
        "episode": 49,
        "current_state": "S1",
        "current_action": "A1",
        "td_delta": -2.1970837494686606,
        "q_table": {
            "S0": {
                "A0": 20.05588947392298,
                "A1": 18.615262313111646
            },
            "S1": {
                "A0": 18.563594842655636,
                "A1": 19.87220135605248
            }
        }
    },
    {
        "episode": 50,
        "current_state": "S0",
        "current_action": "A0",
        "td_delta": -0.1984180829735216,
        "q_table": {
            "S0": {
                "A0": 20.86056596464792,
                "A1": 18.615262313111646
            },
            "S1": {
                "A0": 18.563594842655636,
                "A1": 20.68560328107972
            }
        }
    },
    {
        "episode": 51,
        "current_state": "S1",
        "current_action": "A1",
        "td_delta": 0.16089551695495885,
        "q_table": {
            "S0": {
                "A0": 21.502190736270908,
                "A1": 18.615262313111646
            },
            "S1": {
                "A0": 18.563594842655636,
                "A1": 20.727291638384354
            }
        }
    },
    {
        "episode": 52,
        "current_state": "S0",
        "current_action": "A0",
        "td_delta": -0.4319434407243179,
        "q_table": {
            "S0": {
                "A0": 19.751959140249735,
                "A1": 18.615262313111646
            },
            "S1": {
                "A0": 18.563594842655636,
                "A1": 20.226413103997608
            }
        }
    },
    {
        "episode": 53,
        "current_state": "S1",
        "current_action": "A1",
        "td_delta": 0.058938484718723316,
        "q_table": {
            "S0": {
                "A0": 20.06432197758645,
                "A1": 18.615262313111646
            },
            "S1": {
                "A0": 18.563594842655636,
                "A1": 19.85743850358095
            }
        }
    },
    {
        "episode": 54,
        "current_state": "S1",
        "current_action": "A1",
        "td_delta": -0.4499878383637075,
        "q_table": {
            "S0": {
                "A0": 19.950490087457734,
                "A1": 18.615262313111646
            },
            "S1": {
                "A0": 18.563594842655636,
                "A1": 19.7336038542393
            }
        }
    },
    {
        "episode": 55,
        "current_state": "S1",
        "current_action": "A1",
        "td_delta": -0.6806974112559807,
        "q_table": {
            "S0": {
                "A0": 20.3371613688148,
                "A1": 18.615262313111646
            },
            "S1": {
                "A0": 18.563594842655636,
                "A1": 20.242218631434206
            }
        }
    },
    {
        "episode": 56,
        "current_state": "S1",
        "current_action": "A1",
        "td_delta": 0.8741529528960719,
        "q_table": {
            "S0": {
                "A0": 20.16693141304575,
                "A1": 18.615262313111646
            },
            "S1": {
                "A0": 18.563594842655636,
                "A1": 20.325621821134707
            }
        }
    },
    {
        "episode": 57,
        "current_state": "S0",
        "current_action": "A0",
        "td_delta": 0.3630642270520532,
        "q_table": {
            "S0": {
                "A0": 20.258741596451934,
                "A1": 18.615262313111646
            },
            "S1": {
                "A0": 18.563594842655636,
                "A1": 20.631529043109758
            }
        }
    },
    {
        "episode": 58,
        "current_state": "S1",
        "current_action": "A1",
        "td_delta": 0.46903629990155693,
        "q_table": {
            "S0": {
                "A0": 20.41642656191458,
                "A1": 18.615262313111646
            },
            "S1": {
                "A0": 18.563594842655636,
                "A1": 20.5581556709746
            }
        }
    },
    {
        "episode": 59,
        "current_state": "S0",
        "current_action": "A0",
        "td_delta": -2.1918792459199032,
        "q_table": {
            "S0": {
                "A0": 20.393421680927737,
                "A1": 18.615262313111646
            },
            "S1": {
                "A0": 18.563594842655636,
                "A1": 20.640227671777584
            }
        }
    },
    {
        "episode": 60,
        "current_state": "S0",
        "current_action": "A0",
        "td_delta": -1.2119824131549741,
        "q_table": {
            "S0": {
                "A0": 21.02499958722268,
                "A1": 18.615262313111646
            },
            "S1": {
                "A0": 18.563594842655636,
                "A1": 20.82906380931467
            }
        }
    },
    {
        "episode": 61,
        "current_state": "S0",
        "current_action": "A0",
        "td_delta": -0.4364266832685679,
        "q_table": {
            "S0": {
                "A0": 21.164329994358816,
                "A1": 18.615262313111646
            },
            "S1": {
                "A0": 18.563594842655636,
                "A1": 21.430202513700397
            }
        }
    },
    {
        "episode": 62,
        "current_state": "S0",
        "current_action": "A0",
        "td_delta": 0.05573850698909055,
        "q_table": {
            "S0": {
                "A0": 21.11776659080803,
                "A1": 18.615262313111646
            },
            "S1": {
                "A0": 18.563594842655636,
                "A1": 21.332205181951235
            }
        }
    },
    {
        "episode": 63,
        "current_state": "S1",
        "current_action": "A1",
        "td_delta": -0.4263607323665468,
        "q_table": {
            "S0": {
                "A0": 20.76311835413312,
                "A1": 18.615262313111646
            },
            "S1": {
                "A0": 18.563594842655636,
                "A1": 20.6564470288497
            }
        }
    },
    {
        "episode": 64,
        "current_state": "S0",
        "current_action": "A0",
        "td_delta": -0.31305282540225576,
        "q_table": {
            "S0": {
                "A0": 20.625221088551257,
                "A1": 18.615262313111646
            },
            "S1": {
                "A0": 18.563594842655636,
                "A1": 20.66964937632136
            }
        }
    },
    {
        "episode": 65,
        "current_state": "S0",
        "current_action": "A0",
        "td_delta": 0.41731907478919794,
        "q_table": {
            "S0": {
                "A0": 20.83164097958693,
                "A1": 18.615262313111646
            },
            "S1": {
                "A0": 18.563594842655636,
                "A1": 20.61236512786397
            }
        }
    },
    {
        "episode": 66,
        "current_state": "S1",
        "current_action": "A1",
        "td_delta": -0.2792583475861825,
        "q_table": {
            "S0": {
                "A0": 20.133772864061157,
                "A1": 18.615262313111646
            },
            "S1": {
                "A0": 18.563594842655636,
                "A1": 20.063186910482607
            }
        }
    },
    {
        "episode": 67,
        "current_state": "S0",
        "current_action": "A0",
        "td_delta": 1.6653783788574756,
        "q_table": {
            "S0": {
                "A0": 20.672827544149182,
                "A1": 18.615262313111646
            },
            "S1": {
                "A0": 18.563594842655636,
                "A1": 20.450288959023233
            }
        }
    },
    {
        "episode": 68,
        "current_state": "S0",
        "current_action": "A0",
        "td_delta": 0.11473608150309289,
        "q_table": {
            "S0": {
                "A0": 19.46139684079356,
                "A1": 18.615262313111646
            },
            "S1": {
                "A0": 18.563594842655636,
                "A1": 19.481315497940383
            }
        }
    },
    {
        "episode": 69,
        "current_state": "S1",
        "current_action": "A1",
        "td_delta": 0.023457986484309856,
        "q_table": {
            "S0": {
                "A0": 20.180270838653787,
                "A1": 18.615262313111646
            },
            "S1": {
                "A0": 18.563594842655636,
                "A1": 20.27590112495253
            }
        }
    },
    {
        "episode": 70,
        "current_state": "S1",
        "current_action": "A1",
        "td_delta": 1.3101159760480563,
        "q_table": {
            "S0": {
                "A0": 20.03780527488635,
                "A1": 18.615262313111646
            },
            "S1": {
                "A0": 18.563594842655636,
                "A1": 20.325772394954463
            }
        }
    },
    {
        "episode": 71,
        "current_state": "S1",
        "current_action": "A1",
        "td_delta": -0.5015576174275473,
        "q_table": {
            "S0": {
                "A0": 20.450250240860722,
                "A1": 18.615262313111646
            },
            "S1": {
                "A0": 18.563594842655636,
                "A1": 20.48089441045944
            }
        }
    },
    {
        "episode": 72,
        "current_state": "S1",
        "current_action": "A1",
        "td_delta": -0.8057605921108184,
        "q_table": {
            "S0": {
                "A0": 20.453675985397638,
                "A1": 18.615262313111646
            },
            "S1": {
                "A0": 18.563594842655636,
                "A1": 20.348308871897103
            }
        }
    },
    {
        "episode": 73,
        "current_state": "S0",
        "current_action": "A0",
        "td_delta": 0.285196693168551,
        "q_table": {
            "S0": {
                "A0": 19.60781949510871,
                "A1": 18.615262313111646
            },
            "S1": {
                "A0": 18.563594842655636,
                "A1": 19.674040708844895
            }
        }
    },
    {
        "episode": 74,
        "current_state": "S0",
        "current_action": "A0",
        "td_delta": 0.4399893913577948,
        "q_table": {
            "S0": {
                "A0": 19.970871515557846,
                "A1": 18.615262313111646
            },
            "S1": {
                "A0": 18.563594842655636,
                "A1": 19.87017972965537
            }
        }
    },
    {
        "episode": 75,
        "current_state": "S1",
        "current_action": "A1",
        "td_delta": -0.30319695174899763,
        "q_table": {
            "S0": {
                "A0": 19.988510209269123,
                "A1": 18.615262313111646
            },
            "S1": {
                "A0": 18.563594842655636,
                "A1": 20.26253644491631
            }
        }
    },
    {
        "episode": 76,
        "current_state": "S0",
        "current_action": "A0",
        "td_delta": 1.1747239495827557,
        "q_table": {
            "S0": {
                "A0": 19.829709590965592,
                "A1": 18.615262313111646
            },
            "S1": {
                "A0": 18.563594842655636,
                "A1": 20.29374038398897
            }
        }
    },
    {
        "episode": 77,
        "current_state": "S0",
        "current_action": "A0",
        "td_delta": -0.22262320893919707,
        "q_table": {
            "S0": {
                "A0": 19.64015628399104,
                "A1": 18.615262313111646
            },
            "S1": {
                "A0": 18.563594842655636,
                "A1": 19.611522873273067
            }
        }
    },
    {
        "episode": 78,
        "current_state": "S0",
        "current_action": "A0",
        "td_delta": 0.6391396333449677,
        "q_table": {
            "S0": {
                "A0": 19.30557688609741,
                "A1": 18.615262313111646
            },
            "S1": {
                "A0": 18.563594842655636,
                "A1": 19.21687139456431
            }
        }
    },
    {
        "episode": 79,
        "current_state": "S1",
        "current_action": "A1",
        "td_delta": -1.9923795141185465,
        "q_table": {
            "S0": {
                "A0": 19.346426721736815,
                "A1": 18.615262313111646
            },
            "S1": {
                "A0": 18.563594842655636,
                "A1": 20.28911241977361
            }
        }
    },
    {
        "episode": 80,
        "current_state": "S0",
        "current_action": "A0",
        "td_delta": 1.4588997404061246,
        "q_table": {
            "S0": {
                "A0": 20.90316011907366,
                "A1": 18.615262313111646
            },
            "S1": {
                "A0": 18.563594842655636,
                "A1": 21.070993209376855
            }
        }
    },
    {
        "episode": 81,
        "current_state": "S0",
        "current_action": "A0",
        "td_delta": -0.07081802871701015,
        "q_table": {
            "S0": {
                "A0": 21.530334704298383,
                "A1": 18.615262313111646
            },
            "S1": {
                "A0": 18.563594842655636,
                "A1": 21.38731874800419
            }
        }
    },
    {
        "episode": 82,
        "current_state": "S1",
        "current_action": "A1",
        "td_delta": -0.20453200984241704,
        "q_table": {
            "S0": {
                "A0": 20.64326156657612,
                "A1": 18.615262313111646
            },
            "S1": {
                "A0": 18.563594842655636,
                "A1": 20.724392607439917
            }
        }
    },
    {
        "episode": 83,
        "current_state": "S0",
        "current_action": "A0",
        "td_delta": -1.34483727380049,
        "q_table": {
            "S0": {
                "A0": 20.324978417499146,
                "A1": 18.615262313111646
            },
            "S1": {
                "A0": 18.563594842655636,
                "A1": 19.963589386754116
            }
        }
    },
    {
        "episode": 84,
        "current_state": "S1",
        "current_action": "A1",
        "td_delta": -0.43622922331036307,
        "q_table": {
            "S0": {
                "A0": 20.15561282437112,
                "A1": 18.615262313111646
            },
            "S1": {
                "A0": 18.563594842655636,
                "A1": 20.419047910772598
            }
        }
    },
    {
        "episode": 85,
        "current_state": "S0",
        "current_action": "A0",
        "td_delta": -0.9488499351222686,
        "q_table": {
            "S0": {
                "A0": 20.424488893666503,
                "A1": 18.615262313111646
            },
            "S1": {
                "A0": 18.563594842655636,
                "A1": 20.170170743396067
            }
        }
    },
    {
        "episode": 86,
        "current_state": "S0",
        "current_action": "A0",
        "td_delta": 1.359818187212067,
        "q_table": {
            "S0": {
                "A0": 20.845023276600568,
                "A1": 18.615262313111646
            },
            "S1": {
                "A0": 18.563594842655636,
                "A1": 20.34026363618058
            }
        }
    },
    {
        "episode": 87,
        "current_state": "S1",
        "current_action": "A1",
        "td_delta": -0.728750471666217,
        "q_table": {
            "S0": {
                "A0": 20.250308226961973,
                "A1": 18.615262313111646
            },
            "S1": {
                "A0": 18.563594842655636,
                "A1": 20.65439654176537
            }
        }
    },
    {
        "episode": 88,
        "current_state": "S1",
        "current_action": "A1",
        "td_delta": 1.0221075225905416,
        "q_table": {
            "S0": {
                "A0": 20.939163919057208,
                "A1": 18.615262313111646
            },
            "S1": {
                "A0": 18.563594842655636,
                "A1": 20.73685667982
            }
        }
    },
    {
        "episode": 89,
        "current_state": "S1",
        "current_action": "A1",
        "td_delta": -0.1115811090253338,
        "q_table": {
            "S0": {
                "A0": 21.218190250313828,
                "A1": 18.615262313111646
            },
            "S1": {
                "A0": 18.563594842655636,
                "A1": 21.10465297935081
            }
        }
    },
    {
        "episode": 90,
        "current_state": "S0",
        "current_action": "A0",
        "td_delta": 0.19912623349338432,
        "q_table": {
            "S0": {
                "A0": 21.683448258415496,
                "A1": 18.615262313111646
            },
            "S1": {
                "A0": 18.563594842655636,
                "A1": 21.73637920698847
            }
        }
    },
    {
        "episode": 91,
        "current_state": "S1",
        "current_action": "A1",
        "td_delta": 0.6828861333572895,
        "q_table": {
            "S0": {
                "A0": 21.873064430817966,
                "A1": 18.615262313111646
            },
            "S1": {
                "A0": 18.563594842655636,
                "A1": 21.822642420714608
            }
        }
    },
    {
        "episode": 92,
        "current_state": "S0",
        "current_action": "A0",
        "td_delta": -0.20141166690738643,
        "q_table": {
            "S0": {
                "A0": 20.685335328893785,
                "A1": 18.615262313111646
            },
            "S1": {
                "A0": 18.563594842655636,
                "A1": 20.86051391630793
            }
        }
    },
    {
        "episode": 93,
        "current_state": "S0",
        "current_action": "A0",
        "td_delta": -0.13022108467151483,
        "q_table": {
            "S0": {
                "A0": 20.6875342567078,
                "A1": 18.615262313111646
            },
            "S1": {
                "A0": 18.563594842655636,
                "A1": 20.657440813892705
            }
        }
    },
    {
        "episode": 94,
        "current_state": "S0",
        "current_action": "A0",
        "td_delta": 0.3945657067022701,
        "q_table": {
            "S0": {
                "A0": 19.878456496667305,
                "A1": 18.615262313111646
            },
            "S1": {
                "A0": 18.563594842655636,
                "A1": 19.63236930855483
            }
        }
    },
    {
        "episode": 95,
        "current_state": "S1",
        "current_action": "A1",
        "td_delta": -0.028075489902963824,
        "q_table": {
            "S0": {
                "A0": 20.08170046118853,
                "A1": 18.615262313111646
            },
            "S1": {
                "A0": 18.563594842655636,
                "A1": 20.191863702982342
            }
        }
    },
    {
        "episode": 96,
        "current_state": "S0",
        "current_action": "A0",
        "td_delta": 0.13972118537303402,
        "q_table": {
            "S0": {
                "A0": 19.713931176265465,
                "A1": 18.615262313111646
            },
            "S1": {
                "A0": 18.563594842655636,
                "A1": 20.332365683445772
            }
        }
    },
    {
        "episode": 97,
        "current_state": "S0",
        "current_action": "A0",
        "td_delta": 0.7450925234452122,
        "q_table": {
            "S0": {
                "A0": 20.268903871209282,
                "A1": 18.615262313111646
            },
            "S1": {
                "A0": 18.563594842655636,
                "A1": 19.934479001455525
            }
        }
    },
    {
        "episode": 98,
        "current_state": "S0",
        "current_action": "A0",
        "td_delta": -0.5189620387775946,
        "q_table": {
            "S0": {
                "A0": 20.125124032818725,
                "A1": 18.615262313111646
            },
            "S1": {
                "A0": 18.563594842655636,
                "A1": 19.78350465102099
            }
        }
    },
    {
        "episode": 99,
        "current_state": "S0",
        "current_action": "A0",
        "td_delta": -0.8039923482879736,
        "q_table": {
            "S0": {
                "A0": 20.178239628076053,
                "A1": 18.615262313111646
            },
            "S1": {
                "A0": 18.563594842655636,
                "A1": 19.978843050685416
            }
        }
    },
    {
        "episode": 100,
        "current_state": "S1",
        "current_action": "A1",
        "td_delta": 0.32114023081901877,
        "q_table": {
            "S0": {
                "A0": 20.152079901685664,
                "A1": 18.615262313111646
            },
            "S1": {
                "A0": 18.563594842655636,
                "A1": 20.03573442377998
            }
        }
    },
    {
        "episode": 101,
        "current_state": "S0",
        "current_action": "A0",
        "td_delta": 0.6208618320606298,
        "q_table": {
            "S0": {
                "A0": 19.54888207259978,
                "A1": 18.615262313111646
            },
            "S1": {
                "A0": 18.563594842655636,
                "A1": 20.205961414702035
            }
        }
    },
    {
        "episode": 102,
        "current_state": "S0",
        "current_action": "A0",
        "td_delta": -1.1466816797698982,
        "q_table": {
            "S0": {
                "A0": 20.002794713251163,
                "A1": 18.615262313111646
            },
            "S1": {
                "A0": 18.563594842655636,
                "A1": 19.76247389606473
            }
        }
    },
    {
        "episode": 103,
        "current_state": "S0",
        "current_action": "A0",
        "td_delta": 0.24093790545845906,
        "q_table": {
            "S0": {
                "A0": 21.105358935961263,
                "A1": 18.615262313111646
            },
            "S1": {
                "A0": 18.563594842655636,
                "A1": 21.076254072618706
            }
        }
    },
    {
        "episode": 104,
        "current_state": "S1",
        "current_action": "A1",
        "td_delta": -0.8414842562659537,
        "q_table": {
            "S0": {
                "A0": 20.567368576251177,
                "A1": 18.615262313111646
            },
            "S1": {
                "A0": 18.563594842655636,
                "A1": 20.397816100265416
            }
        }
    },
    {
        "episode": 105,
        "current_state": "S0",
        "current_action": "A0",
        "td_delta": 0.9788728980323818,
        "q_table": {
            "S0": {
                "A0": 20.230500540195788,
                "A1": 18.615262313111646
            },
            "S1": {
                "A0": 18.563594842655636,
                "A1": 19.98947202269437
            }
        }
    },
    {
        "episode": 106,
        "current_state": "S0",
        "current_action": "A0",
        "td_delta": 0.3204499510656831,
        "q_table": {
            "S0": {
                "A0": 19.777116218906624,
                "A1": 18.615262313111646
            },
            "S1": {
                "A0": 18.563594842655636,
                "A1": 20.22556134873971
            }
        }
    },
    {
        "episode": 107,
        "current_state": "S0",
        "current_action": "A0",
        "td_delta": 0.41796988533002377,
        "q_table": {
            "S0": {
                "A0": 20.795945008410968,
                "A1": 18.615262313111646
            },
            "S1": {
                "A0": 18.563594842655636,
                "A1": 21.089536533564434
            }
        }
    },
    {
        "episode": 108,
        "current_state": "S0",
        "current_action": "A0",
        "td_delta": 0.04291939781860776,
        "q_table": {
            "S0": {
                "A0": 20.614832288229294,
                "A1": 18.615262313111646
            },
            "S1": {
                "A0": 18.563594842655636,
                "A1": 20.285962914740043
            }
        }
    },
    {
        "episode": 109,
        "current_state": "S1",
        "current_action": "A1",
        "td_delta": -0.14318739442378003,
        "q_table": {
            "S0": {
                "A0": 20.122032160821767,
                "A1": 18.615262313111646
            },
            "S1": {
                "A0": 18.563594842655636,
                "A1": 20.759843250720994
            }
        }
    },
    {
        "episode": 110,
        "current_state": "S0",
        "current_action": "A0",
        "td_delta": 1.526214170709654,
        "q_table": {
            "S0": {
                "A0": 20.57520638997446,
                "A1": 18.615262313111646
            },
            "S1": {
                "A0": 18.563594842655636,
                "A1": 20.444597659499713
            }
        }
    },
    {
        "episode": 111,
        "current_state": "S1",
        "current_action": "A1",
        "td_delta": -0.33565226392437,
        "q_table": {
            "S0": {
                "A0": 19.977733960098767,
                "A1": 18.615262313111646
            },
            "S1": {
                "A0": 18.563594842655636,
                "A1": 20.176132807620824
            }
        }
    },
    {
        "episode": 112,
        "current_state": "S1",
        "current_action": "A1",
        "td_delta": -0.4986535320496941,
        "q_table": {
            "S0": {
                "A0": 20.321335331209006,
                "A1": 18.615262313111646
            },
            "S1": {
                "A0": 18.563594842655636,
                "A1": 20.587282387932834
            }
        }
    },
    {
        "episode": 113,
        "current_state": "S1",
        "current_action": "A1",
        "td_delta": 0.29133043196741326,
        "q_table": {
            "S0": {
                "A0": 19.764063133710405,
                "A1": 18.615262313111646
            },
            "S1": {
                "A0": 18.563594842655636,
                "A1": 19.6454496235226
            }
        }
    },
    {
        "episode": 114,
        "current_state": "S1",
        "current_action": "A1",
        "td_delta": -0.0959971250511309,
        "q_table": {
            "S0": {
                "A0": 19.124517325099887,
                "A1": 18.460603832107992
            },
            "S1": {
                "A0": 18.563594842655636,
                "A1": 19.163101049135914
            }
        }
    },
    {
        "episode": 115,
        "current_state": "S1",
        "current_action": "A1",
        "td_delta": -0.8242782691678876,
        "q_table": {
            "S0": {
                "A0": 19.541410433971038,
                "A1": 18.460603832107992
            },
            "S1": {
                "A0": 18.563594842655636,
                "A1": 19.749934345825032
            }
        }
    },
    {
        "episode": 116,
        "current_state": "S0",
        "current_action": "A0",
        "td_delta": -0.8623091568391992,
        "q_table": {
            "S0": {
                "A0": 19.96091613746694,
                "A1": 18.460603832107992
            },
            "S1": {
                "A0": 18.563594842655636,
                "A1": 19.87604625034629
            }
        }
    },
    {
        "episode": 117,
        "current_state": "S0",
        "current_action": "A0",
        "td_delta": 1.7708393636998387,
        "q_table": {
            "S0": {
                "A0": 19.958648449371623,
                "A1": 18.460603832107992
            },
            "S1": {
                "A0": 18.563594842655636,
                "A1": 20.006020207956613
            }
        }
    },
    {
        "episode": 118,
        "current_state": "S1",
        "current_action": "A1",
        "td_delta": 0.5950316342818454,
        "q_table": {
            "S0": {
                "A0": 21.122550692329966,
                "A1": 18.460603832107992
            },
            "S1": {
                "A0": 18.563594842655636,
                "A1": 20.596833220243308
            }
        }
    },
    {
        "episode": 119,
        "current_state": "S0",
        "current_action": "A0",
        "td_delta": 3.1731114827412448,
        "q_table": {
            "S0": {
                "A0": 20.415495616718058,
                "A1": 18.460603832107992
            },
            "S1": {
                "A0": 18.563594842655636,
                "A1": 20.019107523539084
            }
        }
    },
    {
        "episode": 120,
        "current_state": "S0",
        "current_action": "A0",
        "td_delta": -1.4269348643091284,
        "q_table": {
            "S0": {
                "A0": 19.73771075666039,
                "A1": 18.460603832107992
            },
            "S1": {
                "A0": 18.563594842655636,
                "A1": 20.18088184678543
            }
        }
    },
    {
        "episode": 121,
        "current_state": "S0",
        "current_action": "A0",
        "td_delta": 0.18912153117600994,
        "q_table": {
            "S0": {
                "A0": 20.31308977135751,
                "A1": 18.460603832107992
            },
            "S1": {
                "A0": 18.563594842655636,
                "A1": 20.090849444559538
            }
        }
    },
    {
        "episode": 122,
        "current_state": "S0",
        "current_action": "A0",
        "td_delta": 0.46762957389886495,
        "q_table": {
            "S0": {
                "A0": 20.081862501807258,
                "A1": 18.460603832107992
            },
            "S1": {
                "A0": 18.563594842655636,
                "A1": 19.806771502573596
            }
        }
    },
    {
        "episode": 123,
        "current_state": "S1",
        "current_action": "A1",
        "td_delta": 3.47536561608986,
        "q_table": {
            "S0": {
                "A0": 20.048680561527895,
                "A1": 18.460603832107992
            },
            "S1": {
                "A0": 18.563594842655636,
                "A1": 20.423626027894233
            }
        }
    },
    {
        "episode": 124,
        "current_state": "S1",
        "current_action": "A1",
        "td_delta": -0.4502430031390503,
        "q_table": {
            "S0": {
                "A0": 20.54820857082811,
                "A1": 18.460603832107992
            },
            "S1": {
                "A0": 18.563594842655636,
                "A1": 20.784965395570445
            }
        }
    },
    {
        "episode": 125,
        "current_state": "S0",
        "current_action": "A0",
        "td_delta": 0.9456029075247976,
        "q_table": {
            "S0": {
                "A0": 20.270404515504516,
                "A1": 18.460603832107992
            },
            "S1": {
                "A0": 18.563594842655636,
                "A1": 20.401826967860913
            }
        }
    },
    {
        "episode": 126,
        "current_state": "S1",
        "current_action": "A1",
        "td_delta": 1.0490062224640297,
        "q_table": {
            "S0": {
                "A0": 19.856530056779324,
                "A1": 18.460603832107992
            },
            "S1": {
                "A0": 18.563594842655636,
                "A1": 20.070742664883767
            }
        }
    },
    {
        "episode": 127,
        "current_state": "S1",
        "current_action": "A1",
        "td_delta": -0.5634147382507564,
        "q_table": {
            "S0": {
                "A0": 20.243348285067857,
                "A1": 18.460603832107992
            },
            "S1": {
                "A0": 18.563594842655636,
                "A1": 20.111303719986754
            }
        }
    },
    {
        "episode": 128,
        "current_state": "S0",
        "current_action": "A0",
        "td_delta": -0.5661910599978519,
        "q_table": {
            "S0": {
                "A0": 20.591897752222916,
                "A1": 18.460603832107992
            },
            "S1": {
                "A0": 18.563594842655636,
                "A1": 20.012698834694277
            }
        }
    },
    {
        "episode": 129,
        "current_state": "S1",
        "current_action": "A1",
        "td_delta": -0.3847198061374826,
        "q_table": {
            "S0": {
                "A0": 20.573396526241346,
                "A1": 18.460603832107992
            },
            "S1": {
                "A0": 18.563594842655636,
                "A1": 20.067568450761097
            }
        }
    },
    {
        "episode": 130,
        "current_state": "S0",
        "current_action": "A0",
        "td_delta": -1.869280352919482,
        "q_table": {
            "S0": {
                "A0": 20.335633905794374,
                "A1": 18.460603832107992
            },
            "S1": {
                "A0": 18.563594842655636,
                "A1": 20.182246894629824
            }
        }
    },
    {
        "episode": 131,
        "current_state": "S1",
        "current_action": "A1",
        "td_delta": -0.5672677204792862,
        "q_table": {
            "S0": {
                "A0": 19.797505155816413,
                "A1": 18.460603832107992
            },
            "S1": {
                "A0": 18.563594842655636,
                "A1": 19.823904642744935
            }
        }
    },
    {
        "episode": 132,
        "current_state": "S1",
        "current_action": "A1",
        "td_delta": -0.5692015093117853,
        "q_table": {
            "S0": {
                "A0": 19.48899084316939,
                "A1": 18.460603832107992
            },
            "S1": {
                "A0": 18.563594842655636,
                "A1": 19.764041315233058
            }
        }
    },
    {
        "episode": 133,
        "current_state": "S0",
        "current_action": "A0",
        "td_delta": -0.5287794873517058,
        "q_table": {
            "S0": {
                "A0": 19.973625999946535,
                "A1": 18.460603832107992
            },
            "S1": {
                "A0": 18.563594842655636,
                "A1": 19.991753310366665
            }
        }
    },
    {
        "episode": 134,
        "current_state": "S1",
        "current_action": "A1",
        "td_delta": -0.747185484589739,
        "q_table": {
            "S0": {
                "A0": 19.39778535890642,
                "A1": 18.460603832107992
            },
            "S1": {
                "A0": 18.563594842655636,
                "A1": 19.579479817438425
            }
        }
    },
    {
        "episode": 135,
        "current_state": "S0",
        "current_action": "A0",
        "td_delta": 0.5436126781067401,
        "q_table": {
            "S0": {
                "A0": 19.835792678059793,
                "A1": 18.460603832107992
            },
            "S1": {
                "A0": 18.563594842655636,
                "A1": 19.538978522617622
            }
        }
    },
    {
        "episode": 136,
        "current_state": "S1",
        "current_action": "A1",
        "td_delta": -0.17022877059610408,
        "q_table": {
            "S0": {
                "A0": 19.70545347872734,
                "A1": 18.460603832107992
            },
            "S1": {
                "A0": 18.563594842655636,
                "A1": 19.6597704043911
            }
        }
    },
    {
        "episode": 137,
        "current_state": "S0",
        "current_action": "A0",
        "td_delta": 0.43978076422586554,
        "q_table": {
            "S0": {
                "A0": 20.088852061410645,
                "A1": 18.460603832107992
            },
            "S1": {
                "A0": 18.563594842655636,
                "A1": 20.28500209579325
            }
        }
    },
    {
        "episode": 138,
        "current_state": "S1",
        "current_action": "A1",
        "td_delta": 0.4946854298029244,
        "q_table": {
            "S0": {
                "A0": 20.590622068560855,
                "A1": 18.460603832107992
            },
            "S1": {
                "A0": 18.563594842655636,
                "A1": 20.62995781388214
            }
        }
    },
    {
        "episode": 139,
        "current_state": "S1",
        "current_action": "A1",
        "td_delta": -0.12162308450782078,
        "q_table": {
            "S0": {
                "A0": 21.107740530165785,
                "A1": 18.460603832107992
            },
            "S1": {
                "A0": 18.563594842655636,
                "A1": 21.054759618206244
            }
        }
    },
    {
        "episode": 140,
        "current_state": "S1",
        "current_action": "A1",
        "td_delta": -0.13475389121621717,
        "q_table": {
            "S0": {
                "A0": 21.05335545482154,
                "A1": 18.460603832107992
            },
            "S1": {
                "A0": 18.563594842655636,
                "A1": 20.79120731343398
            }
        }
    },
    {
        "episode": 141,
        "current_state": "S0",
        "current_action": "A0",
        "td_delta": -0.026996961810748843,
        "q_table": {
            "S0": {
                "A0": 20.50156800911112,
                "A1": 18.460603832107992
            },
            "S1": {
                "A0": 18.563594842655636,
                "A1": 20.49464206942383
            }
        }
    },
    {
        "episode": 142,
        "current_state": "S1",
        "current_action": "A1",
        "td_delta": 0.4352123888031336,
        "q_table": {
            "S0": {
                "A0": 20.240614888468087,
                "A1": 18.460603832107992
            },
            "S1": {
                "A0": 18.563594842655636,
                "A1": 20.546861570848968
            }
        }
    },
    {
        "episode": 143,
        "current_state": "S1",
        "current_action": "A1",
        "td_delta": 0.3266397039922495,
        "q_table": {
            "S0": {
                "A0": 20.113755948118975,
                "A1": 18.460603832107992
            },
            "S1": {
                "A0": 18.563594842655636,
                "A1": 20.289050740476736
            }
        }
    },
    {
        "episode": 144,
        "current_state": "S0",
        "current_action": "A0",
        "td_delta": -0.3438597962117491,
        "q_table": {
            "S0": {
                "A0": 20.462825267836863,
                "A1": 18.460603832107992
            },
            "S1": {
                "A0": 18.563594842655636,
                "A1": 20.54112336805143
            }
        }
    },
    {
        "episode": 145,
        "current_state": "S1",
        "current_action": "A1",
        "td_delta": -0.43325588034824847,
        "q_table": {
            "S0": {
                "A0": 20.486231585477363,
                "A1": 18.460603832107992
            },
            "S1": {
                "A0": 18.563594842655636,
                "A1": 20.820600875447642
            }
        }
    },
    {
        "episode": 146,
        "current_state": "S0",
        "current_action": "A0",
        "td_delta": 1.0192700568201367,
        "q_table": {
            "S0": {
                "A0": 20.013567675324857,
                "A1": 18.460603832107992
            },
            "S1": {
                "A0": 18.563594842655636,
                "A1": 19.836971790514422
            }
        }
    },
    {
        "episode": 147,
        "current_state": "S1",
        "current_action": "A1",
        "td_delta": 0.29101832059669874,
        "q_table": {
            "S0": {
                "A0": 20.266715613380534,
                "A1": 18.460603832107992
            },
            "S1": {
                "A0": 18.563594842655636,
                "A1": 20.203423001505453
            }
        }
    },
    {
        "episode": 148,
        "current_state": "S1",
        "current_action": "A1",
        "td_delta": -0.3971754586493894,
        "q_table": {
            "S0": {
                "A0": 20.71641860392236,
                "A1": 18.460603832107992
            },
            "S1": {
                "A0": 18.563594842655636,
                "A1": 20.619384330628957
            }
        }
    },
    {
        "episode": 149,
        "current_state": "S1",
        "current_action": "A1",
        "td_delta": 0.37250069968976973,
        "q_table": {
            "S0": {
                "A0": 21.01372973306839,
                "A1": 18.460603832107992
            },
            "S1": {
                "A0": 18.563594842655636,
                "A1": 20.89657068304076
            }
        }
    },
    {
        "episode": 150,
        "current_state": "S1",
        "current_action": "A1",
        "td_delta": -0.4120671661773265,
        "q_table": {
            "S0": {
                "A0": 20.674317089734398,
                "A1": 18.460603832107992
            },
            "S1": {
                "A0": 18.563594842655636,
                "A1": 20.850218355155512
            }
        }
    },
    {
        "episode": 151,
        "current_state": "S1",
        "current_action": "A1",
        "td_delta": 0.1453480528807063,
        "q_table": {
            "S0": {
                "A0": 20.15679711853542,
                "A1": 18.460603832107992
            },
            "S1": {
                "A0": 18.563594842655636,
                "A1": 20.832605266481007
            }
        }
    },
    {
        "episode": 152,
        "current_state": "S0",
        "current_action": "A0",
        "td_delta": 0.35899781205616677,
        "q_table": {
            "S0": {
                "A0": 20.103006140643956,
                "A1": 18.460603832107992
            },
            "S1": {
                "A0": 18.563594842655636,
                "A1": 19.909251633768438
            }
        }
    },
    {
        "episode": 153,
        "current_state": "S0",
        "current_action": "A0",
        "td_delta": -0.30466948660060567,
        "q_table": {
            "S0": {
                "A0": 19.969095587394982,
                "A1": 18.460603832107992
            },
            "S1": {
                "A0": 18.563594842655636,
                "A1": 19.96294824494937
            }
        }
    },
    {
        "episode": 154,
        "current_state": "S0",
        "current_action": "A0",
        "td_delta": 1.8491219670276529,
        "q_table": {
            "S0": {
                "A0": 20.122791885136678,
                "A1": 18.460603832107992
            },
            "S1": {
                "A0": 18.563594842655636,
                "A1": 19.769895132735076
            }
        }
    },
    {
        "episode": 155,
        "current_state": "S1",
        "current_action": "A1",
        "td_delta": -1.2278444276095755,
        "q_table": {
            "S0": {
                "A0": 21.28815296017992,
                "A1": 18.460603832107992
            },
            "S1": {
                "A0": 18.563594842655636,
                "A1": 20.994699013334834
            }
        }
    },
    {
        "episode": 156,
        "current_state": "S1",
        "current_action": "A1",
        "td_delta": 0.0011140473947328644,
        "q_table": {
            "S0": {
                "A0": 20.270434559316065,
                "A1": 18.460603832107992
            },
            "S1": {
                "A0": 18.563594842655636,
                "A1": 20.073352850792155
            }
        }
    },
    {
        "episode": 157,
        "current_state": "S0",
        "current_action": "A0",
        "td_delta": -0.11590511533930226,
        "q_table": {
            "S0": {
                "A0": 19.69255276185908,
                "A1": 18.460603832107992
            },
            "S1": {
                "A0": 18.563594842655636,
                "A1": 20.020419023766415
            }
        }
    },
    {
        "episode": 158,
        "current_state": "S0",
        "current_action": "A0",
        "td_delta": -0.6948875682834839,
        "q_table": {
            "S0": {
                "A0": 19.797312456006487,
                "A1": 18.460603832107992
            },
            "S1": {
                "A0": 18.563594842655636,
                "A1": 19.384982851036604
            }
        }
    },
    {
        "episode": 159,
        "current_state": "S0",
        "current_action": "A0",
        "td_delta": 0.2948974954872021,
        "q_table": {
            "S0": {
                "A0": 19.748094735263756,
                "A1": 18.460603832107992
            },
            "S1": {
                "A0": 18.563594842655636,
                "A1": 19.516485779113598
            }
        }
    },
    {
        "episode": 160,
        "current_state": "S1",
        "current_action": "A1",
        "td_delta": 0.19922070086465737,
        "q_table": {
            "S0": {
                "A0": 20.093750312648933,
                "A1": 18.460603832107992
            },
            "S1": {
                "A0": 18.563594842655636,
                "A1": 19.88555786060585
            }
        }
    },
    {
        "episode": 161,
        "current_state": "S0",
        "current_action": "A0",
        "td_delta": -0.059336573409972004,
        "q_table": {
            "S0": {
                "A0": 20.204606122774905,
                "A1": 18.460603832107992
            },
            "S1": {
                "A0": 18.563594842655636,
                "A1": 19.976154400784367
            }
        }
    },
    {
        "episode": 162,
        "current_state": "S1",
        "current_action": "A1",
        "td_delta": 0.6315342948038882,
        "q_table": {
            "S0": {
                "A0": 20.679904534841693,
                "A1": 18.460603832107992
            },
            "S1": {
                "A0": 18.563594842655636,
                "A1": 20.665804886034024
            }
        }
    },
    {
        "episode": 163,
        "current_state": "S0",
        "current_action": "A0",
        "td_delta": 0.6814265749261743,
        "q_table": {
            "S0": {
                "A0": 21.30719349287256,
                "A1": 18.460603832107992
            },
            "S1": {
                "A0": 18.563594842655636,
                "A1": 21.328816304784574
            }
        }
    },
    {
        "episode": 164,
        "current_state": "S0",
        "current_action": "A0",
        "td_delta": -0.8661882597902526,
        "q_table": {
            "S0": {
                "A0": 21.131047017880725,
                "A1": 18.460603832107992
            },
            "S1": {
                "A0": 18.563594842655636,
                "A1": 21.226818468966112
            }
        }
    },
    {
        "episode": 165,
        "current_state": "S1",
        "current_action": "A1",
        "td_delta": -0.40007783653091167,
        "q_table": {
            "S0": {
                "A0": 20.24177645078771,
                "A1": 18.460603832107992
            },
            "S1": {
                "A0": 18.563594842655636,
                "A1": 20.252560233586763
            }
        }
    },
    {
        "episode": 166,
        "current_state": "S0",
        "current_action": "A0",
        "td_delta": -0.5969339041336887,
        "q_table": {
            "S0": {
                "A0": 20.30964323728591,
                "A1": 18.460603832107992
            },
            "S1": {
                "A0": 18.563594842655636,
                "A1": 19.635936318406213
            }
        }
    },
    {
        "episode": 167,
        "current_state": "S1",
        "current_action": "A1",
        "td_delta": -1.22409041395251,
        "q_table": {
            "S0": {
                "A0": 20.068095589830275,
                "A1": 18.460603832107992
            },
            "S1": {
                "A0": 18.563594842655636,
                "A1": 20.32245898140451
            }
        }
    },
    {
        "episode": 168,
        "current_state": "S1",
        "current_action": "A1",
        "td_delta": 0.695232873492241,
        "q_table": {
            "S0": {
                "A0": 20.269597465144905,
                "A1": 18.460603832107992
            },
            "S1": {
                "A0": 18.563594842655636,
                "A1": 19.7941351874874
            }
        }
    },
    {
        "episode": 169,
        "current_state": "S0",
        "current_action": "A0",
        "td_delta": 0.26710812068113654,
        "q_table": {
            "S0": {
                "A0": 20.7242391566463,
                "A1": 18.460603832107992
            },
            "S1": {
                "A0": 18.563594842655636,
                "A1": 20.633407486954802
            }
        }
    },
    {
        "episode": 170,
        "current_state": "S0",
        "current_action": "A0",
        "td_delta": -1.1110553737010314,
        "q_table": {
            "S0": {
                "A0": 20.31710214847284,
                "A1": 18.460603832107992
            },
            "S1": {
                "A0": 18.563594842655636,
                "A1": 20.36341622015768
            }
        }
    },
    {
        "episode": 171,
        "current_state": "S1",
        "current_action": "A1",
        "td_delta": 0.49147899502212056,
        "q_table": {
            "S0": {
                "A0": 20.93093272367208,
                "A1": 18.460603832107992
            },
            "S1": {
                "A0": 18.563594842655636,
                "A1": 20.733288329280985
            }
        }
    },
    {
        "episode": 172,
        "current_state": "S1",
        "current_action": "A1",
        "td_delta": -0.7681542154484369,
        "q_table": {
            "S0": {
                "A0": 21.078932802380557,
                "A1": 18.460603832107992
            },
            "S1": {
                "A0": 18.563594842655636,
                "A1": 20.972055295046093
            }
        }
    },
    {
        "episode": 173,
        "current_state": "S0",
        "current_action": "A0",
        "td_delta": 0.6327548268485401,
        "q_table": {
            "S0": {
                "A0": 21.24924788227118,
                "A1": 18.460603832107992
            },
            "S1": {
                "A0": 18.563594842655636,
                "A1": 21.904484183816518
            }
        }
    },
    {
        "episode": 174,
        "current_state": "S1",
        "current_action": "A1",
        "td_delta": 1.2503651200208594,
        "q_table": {
            "S0": {
                "A0": 20.962705970702903,
                "A1": 18.460603832107992
            },
            "S1": {
                "A0": 18.563594842655636,
                "A1": 21.03942428361384
            }
        }
    },
    {
        "episode": 175,
        "current_state": "S0",
        "current_action": "A0",
        "td_delta": 3.547822684524384,
        "q_table": {
            "S0": {
                "A0": 20.90949824263131,
                "A1": 18.460603832107992
            },
            "S1": {
                "A0": 18.563594842655636,
                "A1": 20.477266729670283
            }
        }
    },
    {
        "episode": 176,
        "current_state": "S0",
        "current_action": "A0",
        "td_delta": -0.7441365610311514,
        "q_table": {
            "S0": {
                "A0": 21.21115572945251,
                "A1": 18.460603832107992
            },
            "S1": {
                "A0": 18.563594842655636,
                "A1": 21.45177354502719
            }
        }
    },
    {
        "episode": 177,
        "current_state": "S0",
        "current_action": "A0",
        "td_delta": -0.2600093746836407,
        "q_table": {
            "S0": {
                "A0": 20.519433994746667,
                "A1": 18.460603832107992
            },
            "S1": {
                "A0": 18.563594842655636,
                "A1": 20.31713950836821
            }
        }
    },
    {
        "episode": 178,
        "current_state": "S0",
        "current_action": "A0",
        "td_delta": -1.1006834289444427,
        "q_table": {
            "S0": {
                "A0": 20.664954019872155,
                "A1": 18.460603832107992
            },
            "S1": {
                "A0": 18.563594842655636,
                "A1": 20.390357250913507
            }
        }
    },
    {
        "episode": 179,
        "current_state": "S0",
        "current_action": "A0",
        "td_delta": -0.24733356881635515,
        "q_table": {
            "S0": {
                "A0": 19.88499603261093,
                "A1": 18.460603832107992
            },
            "S1": {
                "A0": 18.563594842655636,
                "A1": 20.04509499852912
            }
        }
    },
    {
        "episode": 180,
        "current_state": "S1",
        "current_action": "A1",
        "td_delta": 1.4143145942771618,
        "q_table": {
            "S0": {
                "A0": 19.896223923878257,
                "A1": 18.460603832107992
            },
            "S1": {
                "A0": 18.563594842655636,
                "A1": 20.085685206656095
            }
        }
    },
    {
        "episode": 181,
        "current_state": "S1",
        "current_action": "A1",
        "td_delta": 0.13599568911122262,
        "q_table": {
            "S0": {
                "A0": 20.77470167545429,
                "A1": 18.460603832107992
            },
            "S1": {
                "A0": 18.563594842655636,
                "A1": 20.517105367798912
            }
        }
    },
    {
        "episode": 182,
        "current_state": "S1",
        "current_action": "A1",
        "td_delta": 0.5226760354326707,
        "q_table": {
            "S0": {
                "A0": 20.699456583163194,
                "A1": 18.460603832107992
            },
            "S1": {
                "A0": 18.563594842655636,
                "A1": 20.524335030957474
            }
        }
    },
    {
        "episode": 183,
        "current_state": "S1",
        "current_action": "A1",
        "td_delta": 0.5072075611539333,
        "q_table": {
            "S0": {
                "A0": 20.069109383515897,
                "A1": 18.460603832107992
            },
            "S1": {
                "A0": 18.563594842655636,
                "A1": 19.645051727125768
            }
        }
    },
    {
        "episode": 184,
        "current_state": "S0",
        "current_action": "A0",
        "td_delta": 0.5124703427842725,
        "q_table": {
            "S0": {
                "A0": 20.182681409945758,
                "A1": 18.460603832107992
            },
            "S1": {
                "A0": 18.563594842655636,
                "A1": 20.07366638716845
            }
        }
    },
    {
        "episode": 185,
        "current_state": "S0",
        "current_action": "A0",
        "td_delta": -0.0020450551478141676,
        "q_table": {
            "S0": {
                "A0": 19.633807486924013,
                "A1": 18.460603832107992
            },
            "S1": {
                "A0": 18.563594842655636,
                "A1": 19.72611750810109
            }
        }
    },
    {
        "episode": 186,
        "current_state": "S1",
        "current_action": "A1",
        "td_delta": 0.4917736501925063,
        "q_table": {
            "S0": {
                "A0": 19.958977570057048,
                "A1": 18.460603832107992
            },
            "S1": {
                "A0": 18.563594842655636,
                "A1": 20.15375757787809
            }
        }
    },
    {
        "episode": 187,
        "current_state": "S1",
        "current_action": "A1",
        "td_delta": -0.5926989274431058,
        "q_table": {
            "S0": {
                "A0": 20.313035821285673,
                "A1": 18.460603832107992
            },
            "S1": {
                "A0": 18.563594842655636,
                "A1": 20.83139022168676
            }
        }
    },
    {
        "episode": 188,
        "current_state": "S0",
        "current_action": "A0",
        "td_delta": -0.7229329987635289,
        "q_table": {
            "S0": {
                "A0": 20.091611833106608,
                "A1": 18.460603832107992
            },
            "S1": {
                "A0": 18.563594842655636,
                "A1": 20.422782600243814
            }
        }
    },
    {
        "episode": 189,
        "current_state": "S1",
        "current_action": "A1",
        "td_delta": 0.9019738433124829,
        "q_table": {
            "S0": {
                "A0": 20.736667939132932,
                "A1": 18.460603832107992
            },
            "S1": {
                "A0": 18.563594842655636,
                "A1": 20.384293011206417
            }
        }
    },
    {
        "episode": 190,
        "current_state": "S0",
        "current_action": "A0",
        "td_delta": 0.4347217551472049,
        "q_table": {
            "S0": {
                "A0": 21.08262369404268,
                "A1": 18.460603832107992
            },
            "S1": {
                "A0": 18.563594842655636,
                "A1": 20.773998646667625
            }
        }
    },
    {
        "episode": 191,
        "current_state": "S0",
        "current_action": "A0",
        "td_delta": -0.7085336822334369,
        "q_table": {
            "S0": {
                "A0": 20.328488129894218,
                "A1": 18.460603832107992
            },
            "S1": {
                "A0": 18.563594842655636,
                "A1": 19.892769237649027
            }
        }
    },
    {
        "episode": 192,
        "current_state": "S0",
        "current_action": "A0",
        "td_delta": -1.0570669469905951,
        "q_table": {
            "S0": {
                "A0": 20.730345689915183,
                "A1": 18.460603832107992
            },
            "S1": {
                "A0": 18.563594842655636,
                "A1": 20.783501210692936
            }
        }
    },
    {
        "episode": 193,
        "current_state": "S1",
        "current_action": "A1",
        "td_delta": -0.649076124899679,
        "q_table": {
            "S0": {
                "A0": 20.226121456095246,
                "A1": 18.460603832107992
            },
            "S1": {
                "A0": 18.563594842655636,
                "A1": 19.977532006506816
            }
        }
    },
    {
        "episode": 194,
        "current_state": "S1",
        "current_action": "A1",
        "td_delta": 0.20976715887826813,
        "q_table": {
            "S0": {
                "A0": 19.770084191798027,
                "A1": 18.460603832107992
            },
            "S1": {
                "A0": 18.563594842655636,
                "A1": 20.05118985710515
            }
        }
    },
    {
        "episode": 195,
        "current_state": "S1",
        "current_action": "A1",
        "td_delta": -0.4459059868066859,
        "q_table": {
            "S0": {
                "A0": 20.522518991587305,
                "A1": 18.460603832107992
            },
            "S1": {
                "A0": 18.563594842655636,
                "A1": 20.376543294554594
            }
        }
    },
    {
        "episode": 196,
        "current_state": "S0",
        "current_action": "A0",
        "td_delta": -0.16415267818941714,
        "q_table": {
            "S0": {
                "A0": 20.556423304075228,
                "A1": 18.460603832107992
            },
            "S1": {
                "A0": 18.563594842655636,
                "A1": 20.749881136713434
            }
        }
    },
    {
        "episode": 197,
        "current_state": "S1",
        "current_action": "A1",
        "td_delta": -0.4212669649397185,
        "q_table": {
            "S0": {
                "A0": 20.628270218603216,
                "A1": 18.460603832107992
            },
            "S1": {
                "A0": 18.563594842655636,
                "A1": 21.018081997188638
            }
        }
    },
    {
        "episode": 198,
        "current_state": "S0",
        "current_action": "A0",
        "td_delta": -0.7508396402460242,
        "q_table": {
            "S0": {
                "A0": 20.097758738435623,
                "A1": 18.460603832107992
            },
            "S1": {
                "A0": 18.563594842655636,
                "A1": 20.227775772643206
            }
        }
    },
    {
        "episode": 199,
        "current_state": "S0",
        "current_action": "A0",
        "td_delta": 0.3379468484870216,
        "q_table": {
            "S0": {
                "A0": 19.696595955697113,
                "A1": 18.460603832107992
            },
            "S1": {
                "A0": 18.563594842655636,
                "A1": 19.6258114103727
            }
        }
    }
]