[
    {
        "episode": 0,
        "current_state": "S1",
        "current_action": "A0",
        "td_delta": 1.1511204141171043,
        "q_table": {
            "S0": {
                "A0": 5.472168054785,
                "A1": 3.7616190686937876
            },
            "S1": {
                "A0": 3.9188820356011065,
                "A1": 5.148676190405227
            }
        }
    },
    {
        "episode": 1,
        "current_state": "S1",
        "current_action": "A0",
        "td_delta": 2.109142261071325,
        "q_table": {
            "S0": {
                "A0": 9.127870392824232,
                "A1": 7.335949574412725
            },
            "S1": {
                "A0": 8.179409610577617,
                "A1": 8.817964942570546
            }
        }
    },
    {
        "episode": 2,
        "current_state": "S0",
        "current_action": "A1",
        "td_delta": 0.26222763739128396,
        "q_table": {
            "S0": {
                "A0": 11.903652323506245,
                "A1": 10.032852553842183
            },
            "S1": {
                "A0": 10.325673584927582,
                "A1": 11.8314812838826
            }
        }
    },
    {
        "episode": 3,
        "current_state": "S1",
        "current_action": "A1",
        "td_delta": -0.16638928469186887,
        "q_table": {
            "S0": {
                "A0": 13.994920167630323,
                "A1": 12.835026608993925
            },
            "S1": {
                "A0": 12.547985919099554,
                "A1": 14.189780633089972
            }
        }
    },
    {
        "episode": 4,
        "current_state": "S0",
        "current_action": "A0",
        "td_delta": -0.35571081964045703,
        "q_table": {
            "S0": {
                "A0": 16.673698394440542,
                "A1": 15.034061961244648
            },
            "S1": {
                "A0": 14.600375041059724,
                "A1": 16.190398823852505
            }
        }
    },
    {
        "episode": 5,
        "current_state": "S1",
        "current_action": "A1",
        "td_delta": 0.9523193048591416,
        "q_table": {
            "S0": {
                "A0": 17.710151475796398,
                "A1": 15.929747494776866
            },
            "S1": {
                "A0": 15.956820634346197,
                "A1": 17.41592761184353
            }
        }
    },
    {
        "episode": 6,
        "current_state": "S1",
        "current_action": "A1",
        "td_delta": 0.6567088762178841,
        "q_table": {
            "S0": {
                "A0": 18.847156291793322,
                "A1": 16.630527355519657
            },
            "S1": {
                "A0": 17.139767244224124,
                "A1": 18.809013745017893
            }
        }
    },
    {
        "episode": 7,
        "current_state": "S0",
        "current_action": "A0",
        "td_delta": -0.46192580604653344,
        "q_table": {
            "S0": {
                "A0": 18.576721707024706,
                "A1": 17.840597715458994
            },
            "S1": {
                "A0": 17.497449841514403,
                "A1": 18.769387950647587
            }
        }
    },
    {
        "episode": 8,
        "current_state": "S0",
        "current_action": "A0",
        "td_delta": -0.5376118539271921,
        "q_table": {
            "S0": {
                "A0": 19.472057279558495,
                "A1": 18.264562657893205
            },
            "S1": {
                "A0": 18.12161334725141,
                "A1": 19.491522082248913
            }
        }
    },
    {
        "episode": 9,
        "current_state": "S0",
        "current_action": "A0",
        "td_delta": 0.03549150013042279,
        "q_table": {
            "S0": {
                "A0": 18.9664697287088,
                "A1": 18.188003085991987
            },
            "S1": {
                "A0": 18.40029954751261,
                "A1": 19.308677344597914
            }
        }
    },
    {
        "episode": 10,
        "current_state": "S1",
        "current_action": "A1",
        "td_delta": 0.7243945431886338,
        "q_table": {
            "S0": {
                "A0": 20.24317976422594,
                "A1": 18.188003085991987
            },
            "S1": {
                "A0": 18.40029954751261,
                "A1": 19.751605429933576
            }
        }
    },
    {
        "episode": 11,
        "current_state": "S1",
        "current_action": "A1",
        "td_delta": 1.9179410488915885,
        "q_table": {
            "S0": {
                "A0": 20.274305643903745,
                "A1": 18.188003085991987
            },
            "S1": {
                "A0": 18.40029954751261,
                "A1": 20.23261465551094
            }
        }
    },
    {
        "episode": 12,
        "current_state": "S1",
        "current_action": "A1",
        "td_delta": 0.4732151142705021,
        "q_table": {
            "S0": {
                "A0": 20.760468867036625,
                "A1": 18.188003085991987
            },
            "S1": {
                "A0": 18.40029954751261,
                "A1": 20.954267078722033
            }
        }
    },
    {
        "episode": 13,
        "current_state": "S1",
        "current_action": "A1",
        "td_delta": -0.6227767160381781,
        "q_table": {
            "S0": {
                "A0": 19.79257769681381,
                "A1": 18.188003085991987
            },
            "S1": {
                "A0": 18.40029954751261,
                "A1": 19.73053952356679
            }
        }
    },
    {
        "episode": 14,
        "current_state": "S0",
        "current_action": "A0",
        "td_delta": 1.9920327276095655,
        "q_table": {
            "S0": {
                "A0": 19.387916791832044,
                "A1": 18.188003085991987
            },
            "S1": {
                "A0": 18.40029954751261,
                "A1": 19.378055266311836
            }
        }
    },
    {
        "episode": 15,
        "current_state": "S1",
        "current_action": "A1",
        "td_delta": -1.0227936631686738,
        "q_table": {
            "S0": {
                "A0": 20.09156223601222,
                "A1": 18.188003085991987
            },
            "S1": {
                "A0": 18.40029954751261,
                "A1": 19.914632074262805
            }
        }
    },
    {
        "episode": 16,
        "current_state": "S0",
        "current_action": "A0",
        "td_delta": -0.9394698842798768,
        "q_table": {
            "S0": {
                "A0": 20.19027564659399,
                "A1": 18.188003085991987
            },
            "S1": {
                "A0": 18.40029954751261,
                "A1": 20.20273884749122
            }
        }
    },
    {
        "episode": 17,
        "current_state": "S0",
        "current_action": "A0",
        "td_delta": 1.4884656786120836,
        "q_table": {
            "S0": {
                "A0": 20.14905489174037,
                "A1": 18.188003085991987
            },
            "S1": {
                "A0": 18.40029954751261,
                "A1": 19.84449293902369
            }
        }
    },
    {
        "episode": 18,
        "current_state": "S1",
        "current_action": "A1",
        "td_delta": 1.0717917412102622,
        "q_table": {
            "S0": {
                "A0": 19.697584710702014,
                "A1": 18.188003085991987
            },
            "S1": {
                "A0": 18.40029954751261,
                "A1": 19.793078926542577
            }
        }
    },
    {
        "episode": 19,
        "current_state": "S1",
        "current_action": "A1",
        "td_delta": -0.15941695979025283,
        "q_table": {
            "S0": {
                "A0": 19.63689956326105,
                "A1": 18.188003085991987
            },
            "S1": {
                "A0": 18.40029954751261,
                "A1": 19.94478520574617
            }
        }
    },
    {
        "episode": 20,
        "current_state": "S0",
        "current_action": "A0",
        "td_delta": -0.6797084294761397,
        "q_table": {
            "S0": {
                "A0": 19.605460121813785,
                "A1": 18.188003085991987
            },
            "S1": {
                "A0": 18.40029954751261,
                "A1": 19.663972955178288
            }
        }
    },
    {
        "episode": 21,
        "current_state": "S0",
        "current_action": "A0",
        "td_delta": -0.453314087490746,
        "q_table": {
            "S0": {
                "A0": 20.317735866235804,
                "A1": 18.188003085991987
            },
            "S1": {
                "A0": 18.40029954751261,
                "A1": 20.223670858326813
            }
        }
    },
    {
        "episode": 22,
        "current_state": "S1",
        "current_action": "A1",
        "td_delta": 0.24315544878409057,
        "q_table": {
            "S0": {
                "A0": 20.100108186289923,
                "A1": 18.188003085991987
            },
            "S1": {
                "A0": 18.40029954751261,
                "A1": 20.18230505575525
            }
        }
    },
    {
        "episode": 23,
        "current_state": "S1",
        "current_action": "A1",
        "td_delta": -0.25757458484532236,
        "q_table": {
            "S0": {
                "A0": 20.01773866549339,
                "A1": 18.188003085991987
            },
            "S1": {
                "A0": 18.40029954751261,
                "A1": 20.421453478304844
            }
        }
    },
    {
        "episode": 24,
        "current_state": "S1",
        "current_action": "A1",
        "td_delta": 0.753153169797617,
        "q_table": {
            "S0": {
                "A0": 20.219206530097583,
                "A1": 18.188003085991987
            },
            "S1": {
                "A0": 18.40029954751261,
                "A1": 20.20114931126997
            }
        }
    },
    {
        "episode": 25,
        "current_state": "S1",
        "current_action": "A1",
        "td_delta": -0.39354005869326514,
        "q_table": {
            "S0": {
                "A0": 20.074523319759805,
                "A1": 18.188003085991987
            },
            "S1": {
                "A0": 18.40029954751261,
                "A1": 19.71111239106332
            }
        }
    },
    {
        "episode": 26,
        "current_state": "S0",
        "current_action": "A0",
        "td_delta": -0.47847181358857327,
        "q_table": {
            "S0": {
                "A0": 19.818988774526872,
                "A1": 18.188003085991987
            },
            "S1": {
                "A0": 18.40029954751261,
                "A1": 20.178849665822533
            }
        }
    },
    {
        "episode": 27,
        "current_state": "S1",
        "current_action": "A1",
        "td_delta": -0.5197604676823744,
        "q_table": {
            "S0": {
                "A0": 19.547556693861374,
                "A1": 18.188003085991987
            },
            "S1": {
                "A0": 18.40029954751261,
                "A1": 19.69352193538937
            }
        }
    },
    {
        "episode": 28,
        "current_state": "S1",
        "current_action": "A1",
        "td_delta": 0.6472294344374454,
        "q_table": {
            "S0": {
                "A0": 19.895853316134815,
                "A1": 18.188003085991987
            },
            "S1": {
                "A0": 18.40029954751261,
                "A1": 19.841730724527633
            }
        }
    },
    {
        "episode": 29,
        "current_state": "S0",
        "current_action": "A0",
        "td_delta": 0.13953887542863797,
        "q_table": {
            "S0": {
                "A0": 20.06068900340533,
                "A1": 18.188003085991987
            },
            "S1": {
                "A0": 18.40029954751261,
                "A1": 20.009280932545668
            }
        }
    },
    {
        "episode": 30,
        "current_state": "S1",
        "current_action": "A1",
        "td_delta": 0.37640424751071677,
        "q_table": {
            "S0": {
                "A0": 20.4009809353507,
                "A1": 18.188003085991987
            },
            "S1": {
                "A0": 18.40029954751261,
                "A1": 20.497933410055985
            }
        }
    },
    {
        "episode": 31,
        "current_state": "S1",
        "current_action": "A1",
        "td_delta": 0.27864514242012106,
        "q_table": {
            "S0": {
                "A0": 21.14808359889903,
                "A1": 18.188003085991987
            },
            "S1": {
                "A0": 18.40029954751261,
                "A1": 21.42856480004079
            }
        }
    },
    {
        "episode": 32,
        "current_state": "S1",
        "current_action": "A1",
        "td_delta": 0.07750419339457437,
        "q_table": {
            "S0": {
                "A0": 20.53644978814589,
                "A1": 18.188003085991987
            },
            "S1": {
                "A0": 18.40029954751261,
                "A1": 20.16483004539371
            }
        }
    },
    {
        "episode": 33,
        "current_state": "S1",
        "current_action": "A1",
        "td_delta": 0.6986605525215239,
        "q_table": {
            "S0": {
                "A0": 20.868394130658903,
                "A1": 18.188003085991987
            },
            "S1": {
                "A0": 18.40029954751261,
                "A1": 21.209620239323645
            }
        }
    },
    {
        "episode": 34,
        "current_state": "S1",
        "current_action": "A1",
        "td_delta": -1.2059037530620138,
        "q_table": {
            "S0": {
                "A0": 20.716384466741697,
                "A1": 18.188003085991987
            },
            "S1": {
                "A0": 18.40029954751261,
                "A1": 20.872326812823342
            }
        }
    },
    {
        "episode": 35,
        "current_state": "S1",
        "current_action": "A1",
        "td_delta": -0.14835922014236758,
        "q_table": {
            "S0": {
                "A0": 20.034796485744973,
                "A1": 18.188003085991987
            },
            "S1": {
                "A0": 18.40029954751261,
                "A1": 20.155469631298608
            }
        }
    },
    {
        "episode": 36,
        "current_state": "S1",
        "current_action": "A1",
        "td_delta": 1.1291932337143358,
        "q_table": {
            "S0": {
                "A0": 19.627003341729207,
                "A1": 18.188003085991987
            },
            "S1": {
                "A0": 18.40029954751261,
                "A1": 19.998682200213384
            }
        }
    },
    {
        "episode": 37,
        "current_state": "S0",
        "current_action": "A0",
        "td_delta": -0.12680850526466259,
        "q_table": {
            "S0": {
                "A0": 19.16978659212018,
                "A1": 18.188003085991987
            },
            "S1": {
                "A0": 18.40029954751261,
                "A1": 19.033459202534594
            }
        }
    },
    {
        "episode": 38,
        "current_state": "S1",
        "current_action": "A1",
        "td_delta": 1.9794781889196997,
        "q_table": {
            "S0": {
                "A0": 19.561977798331732,
                "A1": 18.188003085991987
            },
            "S1": {
                "A0": 18.40029954751261,
                "A1": 19.56709934347083
            }
        }
    },
    {
        "episode": 39,
        "current_state": "S0",
        "current_action": "A0",
        "td_delta": -1.0511306642163554,
        "q_table": {
            "S0": {
                "A0": 19.86054212218857,
                "A1": 18.188003085991987
            },
            "S1": {
                "A0": 18.40029954751261,
                "A1": 20.00806926154872
            }
        }
    },
    {
        "episode": 40,
        "current_state": "S1",
        "current_action": "A1",
        "td_delta": 0.24546908536125756,
        "q_table": {
            "S0": {
                "A0": 19.814669515948573,
                "A1": 18.188003085991987
            },
            "S1": {
                "A0": 18.40029954751261,
                "A1": 19.58283476492358
            }
        }
    },
    {
        "episode": 41,
        "current_state": "S0",
        "current_action": "A0",
        "td_delta": -1.154234695477367,
        "q_table": {
            "S0": {
                "A0": 19.880413481932564,
                "A1": 18.188003085991987
            },
            "S1": {
                "A0": 18.40029954751261,
                "A1": 19.906860585558814
            }
        }
    },
    {
        "episode": 42,
        "current_state": "S1",
        "current_action": "A1",
        "td_delta": 0.44356671827763705,
        "q_table": {
            "S0": {
                "A0": 20.477799791848316,
                "A1": 18.188003085991987
            },
            "S1": {
                "A0": 18.40029954751261,
                "A1": 20.29140936021361
            }
        }
    },
    {
        "episode": 43,
        "current_state": "S0",
        "current_action": "A0",
        "td_delta": 1.2906590075077702,
        "q_table": {
            "S0": {
                "A0": 20.197803996754804,
                "A1": 18.188003085991987
            },
            "S1": {
                "A0": 18.40029954751261,
                "A1": 20.648150370568665
            }
        }
    },
    {
        "episode": 44,
        "current_state": "S1",
        "current_action": "A1",
        "td_delta": -0.6481765018756462,
        "q_table": {
            "S0": {
                "A0": 20.21436092690312,
                "A1": 18.188003085991987
            },
            "S1": {
                "A0": 18.40029954751261,
                "A1": 20.24753934090089
            }
        }
    },
    {
        "episode": 45,
        "current_state": "S0",
        "current_action": "A0",
        "td_delta": 0.5457002242457634,
        "q_table": {
            "S0": {
                "A0": 20.940625849966946,
                "A1": 18.188003085991987
            },
            "S1": {
                "A0": 18.40029954751261,
                "A1": 20.560654089346897
            }
        }
    },
    {
        "episode": 46,
        "current_state": "S1",
        "current_action": "A1",
        "td_delta": -0.5048905680654343,
        "q_table": {
            "S0": {
                "A0": 21.1022939661789,
                "A1": 18.188003085991987
            },
            "S1": {
                "A0": 18.40029954751261,
                "A1": 20.988127314819902
            }
        }
    },
    {
        "episode": 47,
        "current_state": "S1",
        "current_action": "A1",
        "td_delta": 1.7598778479355452,
        "q_table": {
            "S0": {
                "A0": 21.291022834175667,
                "A1": 18.188003085991987
            },
            "S1": {
                "A0": 18.40029954751261,
                "A1": 20.881908278616113
            }
        }
    },
    {
        "episode": 48,
        "current_state": "S0",
        "current_action": "A0",
        "td_delta": 0.48410961014369036,
        "q_table": {
            "S0": {
                "A0": 21.055804039577453,
                "A1": 18.188003085991987
            },
            "S1": {
                "A0": 18.40029954751261,
                "A1": 21.21144447899083
            }
        }
    },
    {
        "episode": 49,
        "current_state": "S0",
        "current_action": "A0",
        "td_delta": -0.8276081642176294,
        "q_table": {
            "S0": {
                "A0": 21.18634235994847,
                "A1": 18.188003085991987
            },
            "S1": {
                "A0": 18.40029954751261,
                "A1": 21.11123989905845
            }
        }
    },
    {
        "episode": 50,
        "current_state": "S0",
        "current_action": "A0",
        "td_delta": 0.019010501254506096,
        "q_table": {
            "S0": {
                "A0": 20.591674930967834,
                "A1": 18.188003085991987
            },
            "S1": {
                "A0": 18.40029954751261,
                "A1": 20.597159161218766
            }
        }
    },
    {
        "episode": 51,
        "current_state": "S0",
        "current_action": "A0",
        "td_delta": -0.13220038985936,
        "q_table": {
            "S0": {
                "A0": 20.344721734576787,
                "A1": 18.188003085991987
            },
            "S1": {
                "A0": 18.40029954751261,
                "A1": 20.50456474744818
            }
        }
    },
    {
        "episode": 52,
        "current_state": "S0",
        "current_action": "A0",
        "td_delta": 0.04794803672637116,
        "q_table": {
            "S0": {
                "A0": 20.399145587805123,
                "A1": 18.188003085991987
            },
            "S1": {
                "A0": 18.40029954751261,
                "A1": 20.627221584287618
            }
        }
    },
    {
        "episode": 53,
        "current_state": "S0",
        "current_action": "A0",
        "td_delta": 0.20737590213293444,
        "q_table": {
            "S0": {
                "A0": 19.736182949029033,
                "A1": 18.188003085991987
            },
            "S1": {
                "A0": 18.40029954751261,
                "A1": 19.491995797720747
            }
        }
    },
    {
        "episode": 54,
        "current_state": "S1",
        "current_action": "A1",
        "td_delta": -1.3709541125358768,
        "q_table": {
            "S0": {
                "A0": 19.21003678818992,
                "A1": 18.188003085991987
            },
            "S1": {
                "A0": 18.40029954751261,
                "A1": 19.21664062265322
            }
        }
    },
    {
        "episode": 55,
        "current_state": "S0",
        "current_action": "A0",
        "td_delta": 0.5576449693558274,
        "q_table": {
            "S0": {
                "A0": 19.627330991320445,
                "A1": 18.188003085991987
            },
            "S1": {
                "A0": 18.40029954751261,
                "A1": 19.368683115267434
            }
        }
    },
    {
        "episode": 56,
        "current_state": "S0",
        "current_action": "A0",
        "td_delta": 0.22483481985785758,
        "q_table": {
            "S0": {
                "A0": 20.664146314087525,
                "A1": 18.188003085991987
            },
            "S1": {
                "A0": 18.40029954751261,
                "A1": 20.827682351066215
            }
        }
    },
    {
        "episode": 57,
        "current_state": "S1",
        "current_action": "A1",
        "td_delta": -0.42145257540837733,
        "q_table": {
            "S0": {
                "A0": 21.39931132829079,
                "A1": 18.188003085991987
            },
            "S1": {
                "A0": 18.40029954751261,
                "A1": 20.75315456132925
            }
        }
    },
    {
        "episode": 58,
        "current_state": "S1",
        "current_action": "A1",
        "td_delta": -0.9798773963930003,
        "q_table": {
            "S0": {
                "A0": 20.220304862288422,
                "A1": 18.188003085991987
            },
            "S1": {
                "A0": 18.40029954751261,
                "A1": 20.52670168381328
            }
        }
    },
    {
        "episode": 59,
        "current_state": "S1",
        "current_action": "A1",
        "td_delta": -0.0909290597859993,
        "q_table": {
            "S0": {
                "A0": 20.05144027965011,
                "A1": 18.188003085991987
            },
            "S1": {
                "A0": 18.40029954751261,
                "A1": 19.996763352492497
            }
        }
    },
    {
        "episode": 60,
        "current_state": "S1",
        "current_action": "A1",
        "td_delta": -0.21715428315636842,
        "q_table": {
            "S0": {
                "A0": 19.910278128891502,
                "A1": 18.188003085991987
            },
            "S1": {
                "A0": 18.40029954751261,
                "A1": 20.17124451324807
            }
        }
    },
    {
        "episode": 61,
        "current_state": "S1",
        "current_action": "A1",
        "td_delta": -0.9330510006300905,
        "q_table": {
            "S0": {
                "A0": 20.163670868345502,
                "A1": 18.188003085991987
            },
            "S1": {
                "A0": 18.40029954751261,
                "A1": 20.287113766078033
            }
        }
    },
    {
        "episode": 62,
        "current_state": "S1",
        "current_action": "A1",
        "td_delta": 1.2922904081609836,
        "q_table": {
            "S0": {
                "A0": 20.18414680469366,
                "A1": 18.188003085991987
            },
            "S1": {
                "A0": 18.40029954751261,
                "A1": 20.050400670879412
            }
        }
    },
    {
        "episode": 63,
        "current_state": "S1",
        "current_action": "A1",
        "td_delta": -0.9511286992037817,
        "q_table": {
            "S0": {
                "A0": 20.664107747287318,
                "A1": 18.188003085991987
            },
            "S1": {
                "A0": 18.40029954751261,
                "A1": 20.56857825684199
            }
        }
    },
    {
        "episode": 64,
        "current_state": "S0",
        "current_action": "A0",
        "td_delta": -0.1389011073437736,
        "q_table": {
            "S0": {
                "A0": 20.759504832703392,
                "A1": 18.188003085991987
            },
            "S1": {
                "A0": 18.40029954751261,
                "A1": 20.486435875921707
            }
        }
    },
    {
        "episode": 65,
        "current_state": "S1",
        "current_action": "A1",
        "td_delta": 0.9938624588198941,
        "q_table": {
            "S0": {
                "A0": 19.959697700301028,
                "A1": 18.188003085991987
            },
            "S1": {
                "A0": 18.40029954751261,
                "A1": 19.928316935333022
            }
        }
    },
    {
        "episode": 66,
        "current_state": "S0",
        "current_action": "A0",
        "td_delta": -0.8023035449934497,
        "q_table": {
            "S0": {
                "A0": 19.533427161471042,
                "A1": 18.188003085991987
            },
            "S1": {
                "A0": 18.40029954751261,
                "A1": 19.646411989974375
            }
        }
    },
    {
        "episode": 67,
        "current_state": "S1",
        "current_action": "A1",
        "td_delta": -1.6156357282808038,
        "q_table": {
            "S0": {
                "A0": 19.598730417464086,
                "A1": 18.188003085991987
            },
            "S1": {
                "A0": 18.40029954751261,
                "A1": 19.654326162170403
            }
        }
    },
    {
        "episode": 68,
        "current_state": "S0",
        "current_action": "A0",
        "td_delta": 0.1373287010445381,
        "q_table": {
            "S0": {
                "A0": 20.577025694014374,
                "A1": 18.188003085991987
            },
            "S1": {
                "A0": 18.40029954751261,
                "A1": 20.146020961060504
            }
        }
    },
    {
        "episode": 69,
        "current_state": "S1",
        "current_action": "A1",
        "td_delta": -0.28178559488528165,
        "q_table": {
            "S0": {
                "A0": 20.205473790748552,
                "A1": 18.188003085991987
            },
            "S1": {
                "A0": 18.40029954751261,
                "A1": 20.516881178070452
            }
        }
    },
    {
        "episode": 70,
        "current_state": "S1",
        "current_action": "A1",
        "td_delta": 0.06619765302992064,
        "q_table": {
            "S0": {
                "A0": 19.815361652399588,
                "A1": 18.188003085991987
            },
            "S1": {
                "A0": 18.40029954751261,
                "A1": 20.039891151432702
            }
        }
    },
    {
        "episode": 71,
        "current_state": "S1",
        "current_action": "A1",
        "td_delta": 1.0278507605352765,
        "q_table": {
            "S0": {
                "A0": 20.409169951919075,
                "A1": 18.188003085991987
            },
            "S1": {
                "A0": 18.40029954751261,
                "A1": 20.27435189424542
            }
        }
    },
    {
        "episode": 72,
        "current_state": "S0",
        "current_action": "A0",
        "td_delta": -0.956050901182607,
        "q_table": {
            "S0": {
                "A0": 20.536397275281963,
                "A1": 18.188003085991987
            },
            "S1": {
                "A0": 18.40029954751261,
                "A1": 21.053033124686245
            }
        }
    },
    {
        "episode": 73,
        "current_state": "S0",
        "current_action": "A0",
        "td_delta": -1.8918315640999026,
        "q_table": {
            "S0": {
                "A0": 20.81246158145447,
                "A1": 18.188003085991987
            },
            "S1": {
                "A0": 18.40029954751261,
                "A1": 21.067287206405062
            }
        }
    },
    {
        "episode": 74,
        "current_state": "S1",
        "current_action": "A1",
        "td_delta": -2.02619043083498,
        "q_table": {
            "S0": {
                "A0": 20.34900290566702,
                "A1": 18.188003085991987
            },
            "S1": {
                "A0": 18.40029954751261,
                "A1": 20.434951695851804
            }
        }
    },
    {
        "episode": 75,
        "current_state": "S1",
        "current_action": "A1",
        "td_delta": 0.44761962883157125,
        "q_table": {
            "S0": {
                "A0": 20.51153677754522,
                "A1": 18.188003085991987
            },
            "S1": {
                "A0": 18.40029954751261,
                "A1": 20.163919669842286
            }
        }
    },
    {
        "episode": 76,
        "current_state": "S1",
        "current_action": "A1",
        "td_delta": -2.348973480754154,
        "q_table": {
            "S0": {
                "A0": 20.757551056243578,
                "A1": 18.188003085991987
            },
            "S1": {
                "A0": 18.40029954751261,
                "A1": 19.91634448946613
            }
        }
    },
    {
        "episode": 77,
        "current_state": "S1",
        "current_action": "A1",
        "td_delta": 0.7085230927866952,
        "q_table": {
            "S0": {
                "A0": 20.52677078845843,
                "A1": 18.188003085991987
            },
            "S1": {
                "A0": 18.40029954751261,
                "A1": 21.0622995814117
            }
        }
    },
    {
        "episode": 78,
        "current_state": "S1",
        "current_action": "A1",
        "td_delta": 0.4355891868511108,
        "q_table": {
            "S0": {
                "A0": 19.991446045243897,
                "A1": 18.188003085991987
            },
            "S1": {
                "A0": 18.40029954751261,
                "A1": 19.741749680553507
            }
        }
    },
    {
        "episode": 79,
        "current_state": "S1",
        "current_action": "A1",
        "td_delta": 0.48823108828854345,
        "q_table": {
            "S0": {
                "A0": 20.133861210319544,
                "A1": 18.188003085991987
            },
            "S1": {
                "A0": 18.40029954751261,
                "A1": 19.859262074827903
            }
        }
    },
    {
        "episode": 80,
        "current_state": "S0",
        "current_action": "A0",
        "td_delta": 0.6743302172282455,
        "q_table": {
            "S0": {
                "A0": 20.66176969365367,
                "A1": 18.188003085991987
            },
            "S1": {
                "A0": 18.40029954751261,
                "A1": 20.291646070176768
            }
        }
    },
    {
        "episode": 81,
        "current_state": "S0",
        "current_action": "A0",
        "td_delta": -0.8660365650554347,
        "q_table": {
            "S0": {
                "A0": 19.74344552711424,
                "A1": 18.188003085991987
            },
            "S1": {
                "A0": 18.40029954751261,
                "A1": 20.074156789515943
            }
        }
    },
    {
        "episode": 82,
        "current_state": "S0",
        "current_action": "A0",
        "td_delta": 0.048184409542191275,
        "q_table": {
            "S0": {
                "A0": 20.348247280300498,
                "A1": 18.188003085991987
            },
            "S1": {
                "A0": 18.40029954751261,
                "A1": 19.8702062420983
            }
        }
    },
    {
        "episode": 83,
        "current_state": "S1",
        "current_action": "A1",
        "td_delta": 0.4081695403821328,
        "q_table": {
            "S0": {
                "A0": 19.5577645351189,
                "A1": 18.188003085991987
            },
            "S1": {
                "A0": 18.40029954751261,
                "A1": 19.51087460726309
            }
        }
    },
    {
        "episode": 84,
        "current_state": "S0",
        "current_action": "A0",
        "td_delta": 0.0762804124527996,
        "q_table": {
            "S0": {
                "A0": 19.364195654681843,
                "A1": 18.188003085991987
            },
            "S1": {
                "A0": 18.40029954751261,
                "A1": 19.306171434321517
            }
        }
    },
    {
        "episode": 85,
        "current_state": "S0",
        "current_action": "A0",
        "td_delta": -1.2698735366047877,
        "q_table": {
            "S0": {
                "A0": 19.614421292387405,
                "A1": 18.188003085991987
            },
            "S1": {
                "A0": 18.40029954751261,
                "A1": 19.57929641572066
            }
        }
    },
    {
        "episode": 86,
        "current_state": "S0",
        "current_action": "A0",
        "td_delta": 0.2675697075687644,
        "q_table": {
            "S0": {
                "A0": 20.38435912168253,
                "A1": 18.188003085991987
            },
            "S1": {
                "A0": 18.40029954751261,
                "A1": 20.139241009438244
            }
        }
    },
    {
        "episode": 87,
        "current_state": "S0",
        "current_action": "A0",
        "td_delta": 0.18138424806224052,
        "q_table": {
            "S0": {
                "A0": 20.697060236113764,
                "A1": 18.188003085991987
            },
            "S1": {
                "A0": 18.40029954751261,
                "A1": 20.703748150410863
            }
        }
    },
    {
        "episode": 88,
        "current_state": "S0",
        "current_action": "A0",
        "td_delta": 0.1766545215192643,
        "q_table": {
            "S0": {
                "A0": 21.11277887740052,
                "A1": 18.188003085991987
            },
            "S1": {
                "A0": 18.40029954751261,
                "A1": 20.802045867519837
            }
        }
    },
    {
        "episode": 89,
        "current_state": "S0",
        "current_action": "A0",
        "td_delta": 2.2315600926712555,
        "q_table": {
            "S0": {
                "A0": 20.94966219255457,
                "A1": 18.188003085991987
            },
            "S1": {
                "A0": 18.40029954751261,
                "A1": 20.850504669929613
            }
        }
    },
    {
        "episode": 90,
        "current_state": "S1",
        "current_action": "A1",
        "td_delta": -0.4670282632118443,
        "q_table": {
            "S0": {
                "A0": 21.076077434140494,
                "A1": 18.188003085991987
            },
            "S1": {
                "A0": 18.40029954751261,
                "A1": 21.05134143579728
            }
        }
    },
    {
        "episode": 91,
        "current_state": "S0",
        "current_action": "A0",
        "td_delta": 0.8261209562951599,
        "q_table": {
            "S0": {
                "A0": 20.488824105732405,
                "A1": 18.188003085991987
            },
            "S1": {
                "A0": 18.40029954751261,
                "A1": 20.7899399026645
            }
        }
    },
    {
        "episode": 92,
        "current_state": "S1",
        "current_action": "A1",
        "td_delta": -1.8568780469828958,
        "q_table": {
            "S0": {
                "A0": 19.941804235684167,
                "A1": 18.188003085991987
            },
            "S1": {
                "A0": 18.40029954751261,
                "A1": 19.750448505130684
            }
        }
    },
    {
        "episode": 93,
        "current_state": "S0",
        "current_action": "A0",
        "td_delta": 0.28174492184464484,
        "q_table": {
            "S0": {
                "A0": 19.796637503169034,
                "A1": 18.188003085991987
            },
            "S1": {
                "A0": 18.40029954751261,
                "A1": 20.3329227164769
            }
        }
    },
    {
        "episode": 94,
        "current_state": "S1",
        "current_action": "A1",
        "td_delta": 0.7287693894213945,
        "q_table": {
            "S0": {
                "A0": 19.75825370420658,
                "A1": 18.188003085991987
            },
            "S1": {
                "A0": 18.40029954751261,
                "A1": 19.86481657530667
            }
        }
    },
    {
        "episode": 95,
        "current_state": "S1",
        "current_action": "A1",
        "td_delta": 0.13818032892310583,
        "q_table": {
            "S0": {
                "A0": 19.86467846649785,
                "A1": 18.188003085991987
            },
            "S1": {
                "A0": 18.40029954751261,
                "A1": 19.65756707981727
            }
        }
    },
    {
        "episode": 96,
        "current_state": "S0",
        "current_action": "A0",
        "td_delta": 2.016854803462355,
        "q_table": {
            "S0": {
                "A0": 19.97471338276839,
                "A1": 18.188003085991987
            },
            "S1": {
                "A0": 18.40029954751261,
                "A1": 19.564815282093896
            }
        }
    },
    {
        "episode": 97,
        "current_state": "S0",
        "current_action": "A0",
        "td_delta": -0.5814679248165078,
        "q_table": {
            "S0": {
                "A0": 20.275424131263932,
                "A1": 18.188003085991987
            },
            "S1": {
                "A0": 18.40029954751261,
                "A1": 20.27897956547675
            }
        }
    },
    {
        "episode": 98,
        "current_state": "S1",
        "current_action": "A1",
        "td_delta": 0.3750609060925001,
        "q_table": {
            "S0": {
                "A0": 20.271524230363234,
                "A1": 18.188003085991987
            },
            "S1": {
                "A0": 18.40029954751261,
                "A1": 20.518960689684235
            }
        }
    },
    {
        "episode": 99,
        "current_state": "S1",
        "current_action": "A1",
        "td_delta": 2.515930323254839,
        "q_table": {
            "S0": {
                "A0": 20.498313679347884,
                "A1": 18.188003085991987
            },
            "S1": {
                "A0": 18.40029954751261,
                "A1": 20.25818798248374
            }
        }
    },
    {
        "episode": 100,
        "current_state": "S1",
        "current_action": "A1",
        "td_delta": 1.3003455894751923,
        "q_table": {
            "S0": {
                "A0": 21.191947137470393,
                "A1": 18.188003085991987
            },
            "S1": {
                "A0": 18.40029954751261,
                "A1": 21.10303393519568
            }
        }
    },
    {
        "episode": 101,
        "current_state": "S0",
        "current_action": "A0",
        "td_delta": 1.6767375161653604,
        "q_table": {
            "S0": {
                "A0": 20.751026171420733,
                "A1": 18.188003085991987
            },
            "S1": {
                "A0": 18.40029954751261,
                "A1": 21.02763321552173
            }
        }
    },
    {
        "episode": 102,
        "current_state": "S0",
        "current_action": "A0",
        "td_delta": -0.42240809328534823,
        "q_table": {
            "S0": {
                "A0": 20.33393816276909,
                "A1": 18.188003085991987
            },
            "S1": {
                "A0": 18.40029954751261,
                "A1": 20.864949489791417
            }
        }
    },
    {
        "episode": 103,
        "current_state": "S1",
        "current_action": "A1",
        "td_delta": 0.2491857561730555,
        "q_table": {
            "S0": {
                "A0": 20.232532780769123,
                "A1": 18.188003085991987
            },
            "S1": {
                "A0": 18.40029954751261,
                "A1": 19.95928200013646
            }
        }
    },
    {
        "episode": 104,
        "current_state": "S0",
        "current_action": "A0",
        "td_delta": 2.227012691820754,
        "q_table": {
            "S0": {
                "A0": 20.153759271451293,
                "A1": 18.188003085991987
            },
            "S1": {
                "A0": 18.40029954751261,
                "A1": 19.944011796766635
            }
        }
    },
    {
        "episode": 105,
        "current_state": "S0",
        "current_action": "A0",
        "td_delta": -20.385835390339867,
        "q_table": {
            "S0": {
                "A0": 17.150461764364668,
                "A1": 18.188003085991987
            },
            "S1": {
                "A0": 18.40029954751261,
                "A1": 19.340130541210215
            }
        }
    },
    {
        "episode": 106,
        "current_state": "S0",
        "current_action": "A1",
        "td_delta": 0.8985906195852458,
        "q_table": {
            "S0": {
                "A0": 17.150461764364668,
                "A1": 17.54122498394576
            },
            "S1": {
                "A0": 18.256679972093057,
                "A1": 18.25771938730276
            }
        }
    },
    {
        "episode": 107,
        "current_state": "S0",
        "current_action": "A0",
        "td_delta": -0.23806742578942774,
        "q_table": {
            "S0": {
                "A0": 18.0485719332833,
                "A1": 16.91678164722652
            },
            "S1": {
                "A0": 17.81080355656773,
                "A1": 18.16285775341424
            }
        }
    },
    {
        "episode": 108,
        "current_state": "S0",
        "current_action": "A0",
        "td_delta": -0.8408781259161593,
        "q_table": {
            "S0": {
                "A0": 18.88003954683188,
                "A1": 16.91678164722652
            },
            "S1": {
                "A0": 17.81080355656773,
                "A1": 18.820098908341485
            }
        }
    },
    {
        "episode": 109,
        "current_state": "S1",
        "current_action": "A1",
        "td_delta": 0.19511942199061139,
        "q_table": {
            "S0": {
                "A0": 19.06702335816923,
                "A1": 16.91678164722652
            },
            "S1": {
                "A0": 17.81080355656773,
                "A1": 19.017126107560756
            }
        }
    },
    {
        "episode": 110,
        "current_state": "S0",
        "current_action": "A0",
        "td_delta": -1.2080820619391375,
        "q_table": {
            "S0": {
                "A0": 18.8004345880807,
                "A1": 16.91678164722652
            },
            "S1": {
                "A0": 17.81080355656773,
                "A1": 19.224882343706085
            }
        }
    },
    {
        "episode": 111,
        "current_state": "S1",
        "current_action": "A1",
        "td_delta": 1.032034703870906,
        "q_table": {
            "S0": {
                "A0": 19.445988604591,
                "A1": 16.91678164722652
            },
            "S1": {
                "A0": 17.81080355656773,
                "A1": 19.549099352648085
            }
        }
    },
    {
        "episode": 112,
        "current_state": "S0",
        "current_action": "A0",
        "td_delta": -0.8994669426144952,
        "q_table": {
            "S0": {
                "A0": 19.821061901883493,
                "A1": 16.91678164722652
            },
            "S1": {
                "A0": 17.81080355656773,
                "A1": 20.03721455679087
            }
        }
    },
    {
        "episode": 113,
        "current_state": "S1",
        "current_action": "A1",
        "td_delta": 1.710098719999511,
        "q_table": {
            "S0": {
                "A0": 20.918865945564416,
                "A1": 16.91678164722652
            },
            "S1": {
                "A0": 17.81080355656773,
                "A1": 21.229643712004844
            }
        }
    },
    {
        "episode": 114,
        "current_state": "S0",
        "current_action": "A0",
        "td_delta": 0.47292364096692197,
        "q_table": {
            "S0": {
                "A0": 20.85717717145611,
                "A1": 16.91678164722652
            },
            "S1": {
                "A0": 17.81080355656773,
                "A1": 20.71194625814038
            }
        }
    },
    {
        "episode": 115,
        "current_state": "S1",
        "current_action": "A1",
        "td_delta": 0.4261358306481249,
        "q_table": {
            "S0": {
                "A0": 20.828406873827234,
                "A1": 16.91678164722652
            },
            "S1": {
                "A0": 17.81080355656773,
                "A1": 20.8044539268612
            }
        }
    },
    {
        "episode": 116,
        "current_state": "S1",
        "current_action": "A1",
        "td_delta": 0.05880928539918884,
        "q_table": {
            "S0": {
                "A0": 20.06767519484054,
                "A1": 16.91678164722652
            },
            "S1": {
                "A0": 17.81080355656773,
                "A1": 19.847048824548033
            }
        }
    },
    {
        "episode": 117,
        "current_state": "S1",
        "current_action": "A1",
        "td_delta": 0.24515094834836404,
        "q_table": {
            "S0": {
                "A0": 20.01648965942326,
                "A1": 16.91678164722652
            },
            "S1": {
                "A0": 17.81080355656773,
                "A1": 19.948571827967406
            }
        }
    },
    {
        "episode": 118,
        "current_state": "S0",
        "current_action": "A0",
        "td_delta": -1.4616338347305984,
        "q_table": {
            "S0": {
                "A0": 20.073381233832908,
                "A1": 16.91678164722652
            },
            "S1": {
                "A0": 17.81080355656773,
                "A1": 20.080496853423515
            }
        }
    },
    {
        "episode": 119,
        "current_state": "S1",
        "current_action": "A1",
        "td_delta": -0.2736082761746097,
        "q_table": {
            "S0": {
                "A0": 20.280603643855116,
                "A1": 16.91678164722652
            },
            "S1": {
                "A0": 17.81080355656773,
                "A1": 20.231412487026756
            }
        }
    },
    {
        "episode": 120,
        "current_state": "S1",
        "current_action": "A1",
        "td_delta": 1.0193952480300474,
        "q_table": {
            "S0": {
                "A0": 20.78274867003536,
                "A1": 16.91678164722652
            },
            "S1": {
                "A0": 17.81080355656773,
                "A1": 20.76506116080478
            }
        }
    },
    {
        "episode": 121,
        "current_state": "S0",
        "current_action": "A0",
        "td_delta": 0.38990163932369626,
        "q_table": {
            "S0": {
                "A0": 20.30628826816008,
                "A1": 16.91678164722652
            },
            "S1": {
                "A0": 17.81080355656773,
                "A1": 20.230852977279344
            }
        }
    },
    {
        "episode": 122,
        "current_state": "S1",
        "current_action": "A1",
        "td_delta": -1.2913162196701897,
        "q_table": {
            "S0": {
                "A0": 20.501313272449377,
                "A1": 16.91678164722652
            },
            "S1": {
                "A0": 17.81080355656773,
                "A1": 19.712787704734886
            }
        }
    },
    {
        "episode": 123,
        "current_state": "S0",
        "current_action": "A0",
        "td_delta": -0.07982097276648048,
        "q_table": {
            "S0": {
                "A0": 20.49283024038816,
                "A1": 16.91678164722652
            },
            "S1": {
                "A0": 17.81080355656773,
                "A1": 20.57030574107008
            }
        }
    },
    {
        "episode": 124,
        "current_state": "S0",
        "current_action": "A0",
        "td_delta": -0.34066078816404044,
        "q_table": {
            "S0": {
                "A0": 20.328283423815943,
                "A1": 16.91678164722652
            },
            "S1": {
                "A0": 17.81080355656773,
                "A1": 20.399552964964787
            }
        }
    },
    {
        "episode": 125,
        "current_state": "S1",
        "current_action": "A1",
        "td_delta": 0.9575482178402268,
        "q_table": {
            "S0": {
                "A0": 19.78808693438872,
                "A1": 16.91678164722652
            },
            "S1": {
                "A0": 17.81080355656773,
                "A1": 19.992377442893645
            }
        }
    },
    {
        "episode": 126,
        "current_state": "S1",
        "current_action": "A1",
        "td_delta": -0.7459957756291153,
        "q_table": {
            "S0": {
                "A0": 19.722739899087074,
                "A1": 16.91678164722652
            },
            "S1": {
                "A0": 17.81080355656773,
                "A1": 19.952094707244573
            }
        }
    },
    {
        "episode": 127,
        "current_state": "S1",
        "current_action": "A1",
        "td_delta": -2.2741000841673618,
        "q_table": {
            "S0": {
                "A0": 19.509191717219437,
                "A1": 16.91678164722652
            },
            "S1": {
                "A0": 17.81080355656773,
                "A1": 18.89061301325691
            }
        }
    },
    {
        "episode": 128,
        "current_state": "S0",
        "current_action": "A0",
        "td_delta": -0.007581594982887907,
        "q_table": {
            "S0": {
                "A0": 19.359848232931405,
                "A1": 16.91678164722652
            },
            "S1": {
                "A0": 17.81080355656773,
                "A1": 19.22758908827423
            }
        }
    },
    {
        "episode": 129,
        "current_state": "S0",
        "current_action": "A0",
        "td_delta": 0.9098763411774442,
        "q_table": {
            "S0": {
                "A0": 19.803617971017808,
                "A1": 16.91678164722652
            },
            "S1": {
                "A0": 17.81080355656773,
                "A1": 19.93425993230834
            }
        }
    },
    {
        "episode": 130,
        "current_state": "S1",
        "current_action": "A1",
        "td_delta": -0.05536548947012321,
        "q_table": {
            "S0": {
                "A0": 19.859620058737434,
                "A1": 16.91678164722652
            },
            "S1": {
                "A0": 17.81080355656773,
                "A1": 19.795329285754203
            }
        }
    },
    {
        "episode": 131,
        "current_state": "S0",
        "current_action": "A0",
        "td_delta": -0.011722527119204074,
        "q_table": {
            "S0": {
                "A0": 19.313959159109086,
                "A1": 16.91678164722652
            },
            "S1": {
                "A0": 17.81080355656773,
                "A1": 19.268645823002004
            }
        }
    },
    {
        "episode": 132,
        "current_state": "S0",
        "current_action": "A0",
        "td_delta": 0.4822095170400793,
        "q_table": {
            "S0": {
                "A0": 19.553623251303197,
                "A1": 16.91678164722652
            },
            "S1": {
                "A0": 17.81080355656773,
                "A1": 19.367663423574776
            }
        }
    },
    {
        "episode": 133,
        "current_state": "S1",
        "current_action": "A1",
        "td_delta": -0.014930524983522986,
        "q_table": {
            "S0": {
                "A0": 20.227834025899924,
                "A1": 16.91678164722652
            },
            "S1": {
                "A0": 17.81080355656773,
                "A1": 20.4753286073369
            }
        }
    },
    {
        "episode": 134,
        "current_state": "S1",
        "current_action": "A1",
        "td_delta": -0.5474136509451633,
        "q_table": {
            "S0": {
                "A0": 20.522039244920467,
                "A1": 16.91678164722652
            },
            "S1": {
                "A0": 17.81080355656773,
                "A1": 20.294207484357123
            }
        }
    },
    {
        "episode": 135,
        "current_state": "S1",
        "current_action": "A1",
        "td_delta": -2.100151588361282,
        "q_table": {
            "S0": {
                "A0": 20.73854785782868,
                "A1": 16.91678164722652
            },
            "S1": {
                "A0": 17.81080355656773,
                "A1": 20.605495938570968
            }
        }
    },
    {
        "episode": 136,
        "current_state": "S0",
        "current_action": "A0",
        "td_delta": 0.019627202462231708,
        "q_table": {
            "S0": {
                "A0": 21.064981191620063,
                "A1": 16.91678164722652
            },
            "S1": {
                "A0": 17.81080355656773,
                "A1": 20.85961270537341
            }
        }
    },
    {
        "episode": 137,
        "current_state": "S1",
        "current_action": "A1",
        "td_delta": -0.09588370919735567,
        "q_table": {
            "S0": {
                "A0": 21.25756653005801,
                "A1": 16.91678164722652
            },
            "S1": {
                "A0": 17.81080355656773,
                "A1": 20.95055246832983
            }
        }
    },
    {
        "episode": 138,
        "current_state": "S1",
        "current_action": "A1",
        "td_delta": 0.08751441202097254,
        "q_table": {
            "S0": {
                "A0": 20.3661525306782,
                "A1": 16.91678164722652
            },
            "S1": {
                "A0": 17.81080355656773,
                "A1": 20.015221620992367
            }
        }
    },
    {
        "episode": 139,
        "current_state": "S1",
        "current_action": "A1",
        "td_delta": 0.6323602436683231,
        "q_table": {
            "S0": {
                "A0": 20.55634634023916,
                "A1": 16.91678164722652
            },
            "S1": {
                "A0": 17.81080355656773,
                "A1": 20.335976082913756
            }
        }
    },
    {
        "episode": 140,
        "current_state": "S1",
        "current_action": "A1",
        "td_delta": 0.9843869515052397,
        "q_table": {
            "S0": {
                "A0": 20.544459889611684,
                "A1": 16.91678164722652
            },
            "S1": {
                "A0": 17.81080355656773,
                "A1": 20.1629619702958
            }
        }
    },
    {
        "episode": 141,
        "current_state": "S0",
        "current_action": "A0",
        "td_delta": -0.7741208791514786,
        "q_table": {
            "S0": {
                "A0": 19.90536102511436,
                "A1": 16.91678164722652
            },
            "S1": {
                "A0": 17.81080355656773,
                "A1": 19.852006013197812
            }
        }
    },
    {
        "episode": 142,
        "current_state": "S1",
        "current_action": "A1",
        "td_delta": -0.030134778671289553,
        "q_table": {
            "S0": {
                "A0": 19.81961226167171,
                "A1": 16.91678164722652
            },
            "S1": {
                "A0": 17.81080355656773,
                "A1": 19.9116076763087
            }
        }
    },
    {
        "episode": 143,
        "current_state": "S1",
        "current_action": "A1",
        "td_delta": 0.994945755884892,
        "q_table": {
            "S0": {
                "A0": 19.62640546202927,
                "A1": 16.91678164722652
            },
            "S1": {
                "A0": 17.81080355656773,
                "A1": 19.49555053673959
            }
        }
    },
    {
        "episode": 144,
        "current_state": "S0",
        "current_action": "A0",
        "td_delta": 0.3477336655369001,
        "q_table": {
            "S0": {
                "A0": 19.724567738202463,
                "A1": 16.91678164722652
            },
            "S1": {
                "A0": 17.81080355656773,
                "A1": 19.51930075798408
            }
        }
    },
    {
        "episode": 145,
        "current_state": "S0",
        "current_action": "A0",
        "td_delta": -0.4938869944077382,
        "q_table": {
            "S0": {
                "A0": 19.709630274636616,
                "A1": 16.91678164722652
            },
            "S1": {
                "A0": 17.81080355656773,
                "A1": 19.668308467048874
            }
        }
    },
    {
        "episode": 146,
        "current_state": "S1",
        "current_action": "A1",
        "td_delta": 0.10037030099021393,
        "q_table": {
            "S0": {
                "A0": 20.108153811737928,
                "A1": 16.91678164722652
            },
            "S1": {
                "A0": 17.81080355656773,
                "A1": 19.728663500672944
            }
        }
    },
    {
        "episode": 147,
        "current_state": "S0",
        "current_action": "A0",
        "td_delta": -0.1794002732066673,
        "q_table": {
            "S0": {
                "A0": 20.207018502674195,
                "A1": 16.91678164722652
            },
            "S1": {
                "A0": 17.81080355656773,
                "A1": 19.85322614198688
            }
        }
    },
    {
        "episode": 148,
        "current_state": "S0",
        "current_action": "A0",
        "td_delta": 0.6848226595020819,
        "q_table": {
            "S0": {
                "A0": 20.596366695647653,
                "A1": 16.91678164722652
            },
            "S1": {
                "A0": 17.81080355656773,
                "A1": 20.49136559133281
            }
        }
    },
    {
        "episode": 149,
        "current_state": "S0",
        "current_action": "A0",
        "td_delta": -0.8532359622517198,
        "q_table": {
            "S0": {
                "A0": 20.188209416292025,
                "A1": 16.91678164722652
            },
            "S1": {
                "A0": 17.81080355656773,
                "A1": 20.1882534441167
            }
        }
    },
    {
        "episode": 150,
        "current_state": "S0",
        "current_action": "A0",
        "td_delta": -0.7549348967621619,
        "q_table": {
            "S0": {
                "A0": 19.958188247945422,
                "A1": 16.91678164722652
            },
            "S1": {
                "A0": 17.81080355656773,
                "A1": 19.91765258077054
            }
        }
    },
    {
        "episode": 151,
        "current_state": "S0",
        "current_action": "A0",
        "td_delta": 0.7663162705769864,
        "q_table": {
            "S0": {
                "A0": 20.77119306220597,
                "A1": 16.91678164722652
            },
            "S1": {
                "A0": 17.81080355656773,
                "A1": 20.503108974139174
            }
        }
    },
    {
        "episode": 152,
        "current_state": "S0",
        "current_action": "A0",
        "td_delta": -0.9317387145995291,
        "q_table": {
            "S0": {
                "A0": 20.15434569488953,
                "A1": 16.91678164722652
            },
            "S1": {
                "A0": 17.81080355656773,
                "A1": 20.58606637638884
            }
        }
    },
    {
        "episode": 153,
        "current_state": "S1",
        "current_action": "A1",
        "td_delta": -0.6079115411758558,
        "q_table": {
            "S0": {
                "A0": 19.81212310520425,
                "A1": 16.91678164722652
            },
            "S1": {
                "A0": 17.81080355656773,
                "A1": 20.121217487641
            }
        }
    },
    {
        "episode": 154,
        "current_state": "S1",
        "current_action": "A1",
        "td_delta": -0.170951163196424,
        "q_table": {
            "S0": {
                "A0": 20.54705098393717,
                "A1": 16.91678164722652
            },
            "S1": {
                "A0": 17.81080355656773,
                "A1": 20.247854022420235
            }
        }
    },
    {
        "episode": 155,
        "current_state": "S0",
        "current_action": "A0",
        "td_delta": 0.14650542387605014,
        "q_table": {
            "S0": {
                "A0": 20.494943783627114,
                "A1": 16.91678164722652
            },
            "S1": {
                "A0": 17.81080355656773,
                "A1": 20.815532197539266
            }
        }
    },
    {
        "episode": 156,
        "current_state": "S0",
        "current_action": "A0",
        "td_delta": 0.026838518489608276,
        "q_table": {
            "S0": {
                "A0": 20.186338456952885,
                "A1": 16.91678164722652
            },
            "S1": {
                "A0": 17.81080355656773,
                "A1": 19.951280148492334
            }
        }
    },
    {
        "episode": 157,
        "current_state": "S1",
        "current_action": "A1",
        "td_delta": -1.0793413397080016,
        "q_table": {
            "S0": {
                "A0": 19.990082894346813,
                "A1": 16.91678164722652
            },
            "S1": {
                "A0": 17.81080355656773,
                "A1": 19.921219450649332
            }
        }
    },
    {
        "episode": 158,
        "current_state": "S0",
        "current_action": "A0",
        "td_delta": -0.6149763790936404,
        "q_table": {
            "S0": {
                "A0": 19.20354164302707,
                "A1": 16.91678164722652
            },
            "S1": {
                "A0": 17.81080355656773,
                "A1": 19.30377027733449
            }
        }
    },
    {
        "episode": 159,
        "current_state": "S0",
        "current_action": "A0",
        "td_delta": -0.49391225678097683,
        "q_table": {
            "S0": {
                "A0": 20.171751064636634,
                "A1": 16.91678164722652
            },
            "S1": {
                "A0": 17.81080355656773,
                "A1": 19.93418943392639
            }
        }
    },
    {
        "episode": 160,
        "current_state": "S1",
        "current_action": "A1",
        "td_delta": -0.8148572534138125,
        "q_table": {
            "S0": {
                "A0": 19.99737236887614,
                "A1": 16.91678164722652
            },
            "S1": {
                "A0": 17.81080355656773,
                "A1": 20.004887814060957
            }
        }
    },
    {
        "episode": 161,
        "current_state": "S1",
        "current_action": "A1",
        "td_delta": 0.7490518842160299,
        "q_table": {
            "S0": {
                "A0": 20.582724765208205,
                "A1": 16.91678164722652
            },
            "S1": {
                "A0": 17.81080355656773,
                "A1": 20.526940358892958
            }
        }
    },
    {
        "episode": 162,
        "current_state": "S0",
        "current_action": "A0",
        "td_delta": -0.5269977078229466,
        "q_table": {
            "S0": {
                "A0": 21.41764854384709,
                "A1": 16.91678164722652
            },
            "S1": {
                "A0": 17.81080355656773,
                "A1": 20.91495336978493
            }
        }
    },
    {
        "episode": 163,
        "current_state": "S1",
        "current_action": "A1",
        "td_delta": 0.2537669169589911,
        "q_table": {
            "S0": {
                "A0": 20.64788590516647,
                "A1": 16.91678164722652
            },
            "S1": {
                "A0": 17.81080355656773,
                "A1": 20.250257722106014
            }
        }
    },
    {
        "episode": 164,
        "current_state": "S1",
        "current_action": "A1",
        "td_delta": -0.32851654911071293,
        "q_table": {
            "S0": {
                "A0": 20.40154896708487,
                "A1": 16.91678164722652
            },
            "S1": {
                "A0": 17.81080355656773,
                "A1": 20.591290717576026
            }
        }
    },
    {
        "episode": 165,
        "current_state": "S1",
        "current_action": "A1",
        "td_delta": 1.0118990247438298,
        "q_table": {
            "S0": {
                "A0": 20.273523791989085,
                "A1": 16.91678164722652
            },
            "S1": {
                "A0": 17.81080355656773,
                "A1": 19.89884133752073
            }
        }
    },
    {
        "episode": 166,
        "current_state": "S0",
        "current_action": "A0",
        "td_delta": 0.0384798440456251,
        "q_table": {
            "S0": {
                "A0": 19.742607303948308,
                "A1": 16.91678164722652
            },
            "S1": {
                "A0": 17.81080355656773,
                "A1": 20.240391664566936
            }
        }
    },
    {
        "episode": 167,
        "current_state": "S1",
        "current_action": "A1",
        "td_delta": -0.925287245404963,
        "q_table": {
            "S0": {
                "A0": 20.573135701051243,
                "A1": 16.91678164722652
            },
            "S1": {
                "A0": 17.81080355656773,
                "A1": 20.032735969509165
            }
        }
    },
    {
        "episode": 168,
        "current_state": "S0",
        "current_action": "A0",
        "td_delta": -0.08848491514773826,
        "q_table": {
            "S0": {
                "A0": 19.784915099232375,
                "A1": 16.91678164722652
            },
            "S1": {
                "A0": 17.81080355656773,
                "A1": 20.044336166221566
            }
        }
    },
    {
        "episode": 169,
        "current_state": "S1",
        "current_action": "A1",
        "td_delta": -0.8760504673470138,
        "q_table": {
            "S0": {
                "A0": 19.891975636167956,
                "A1": 16.91678164722652
            },
            "S1": {
                "A0": 17.81080355656773,
                "A1": 20.10459757673543
            }
        }
    },
    {
        "episode": 170,
        "current_state": "S0",
        "current_action": "A0",
        "td_delta": -0.6127651643428322,
        "q_table": {
            "S0": {
                "A0": 19.56995587820781,
                "A1": 16.91678164722652
            },
            "S1": {
                "A0": 17.81080355656773,
                "A1": 19.739346461443624
            }
        }
    },
    {
        "episode": 171,
        "current_state": "S1",
        "current_action": "A1",
        "td_delta": -1.5984524222189087,
        "q_table": {
            "S0": {
                "A0": 19.341016501941493,
                "A1": 16.91678164722652
            },
            "S1": {
                "A0": 17.81080355656773,
                "A1": 19.076869209967207
            }
        }
    },
    {
        "episode": 172,
        "current_state": "S1",
        "current_action": "A1",
        "td_delta": 1.0235437540478536,
        "q_table": {
            "S0": {
                "A0": 20.044821832338844,
                "A1": 16.91678164722652
            },
            "S1": {
                "A0": 17.81080355656773,
                "A1": 19.728457908461895
            }
        }
    },
    {
        "episode": 173,
        "current_state": "S1",
        "current_action": "A1",
        "td_delta": -1.613181150053748,
        "q_table": {
            "S0": {
                "A0": 20.75834432562225,
                "A1": 16.91678164722652
            },
            "S1": {
                "A0": 17.81080355656773,
                "A1": 20.566975005532107
            }
        }
    },
    {
        "episode": 174,
        "current_state": "S1",
        "current_action": "A1",
        "td_delta": -0.16166193246654004,
        "q_table": {
            "S0": {
                "A0": 21.484651739354153,
                "A1": 16.91678164722652
            },
            "S1": {
                "A0": 17.81080355656773,
                "A1": 21.564605926638624
            }
        }
    },
    {
        "episode": 175,
        "current_state": "S0",
        "current_action": "A0",
        "td_delta": 0.06871446814968252,
        "q_table": {
            "S0": {
                "A0": 21.28569925441663,
                "A1": 16.91678164722652
            },
            "S1": {
                "A0": 17.81080355656773,
                "A1": 21.394592028612607
            }
        }
    },
    {
        "episode": 176,
        "current_state": "S1",
        "current_action": "A1",
        "td_delta": 0.1872645191165745,
        "q_table": {
            "S0": {
                "A0": 20.8657478983575,
                "A1": 16.91678164722652
            },
            "S1": {
                "A0": 17.81080355656773,
                "A1": 20.662268964316834
            }
        }
    },
    {
        "episode": 177,
        "current_state": "S0",
        "current_action": "A0",
        "td_delta": -1.414059704750116,
        "q_table": {
            "S0": {
                "A0": 20.443951417026142,
                "A1": 16.91678164722652
            },
            "S1": {
                "A0": 17.81080355656773,
                "A1": 20.510789541434132
            }
        }
    },
    {
        "episode": 178,
        "current_state": "S0",
        "current_action": "A0",
        "td_delta": 0.02977993478925356,
        "q_table": {
            "S0": {
                "A0": 20.221517875586397,
                "A1": 16.91678164722652
            },
            "S1": {
                "A0": 17.81080355656773,
                "A1": 20.57016612266688
            }
        }
    },
    {
        "episode": 179,
        "current_state": "S0",
        "current_action": "A0",
        "td_delta": -0.15663674263108263,
        "q_table": {
            "S0": {
                "A0": 21.378251104372758,
                "A1": 16.91678164722652
            },
            "S1": {
                "A0": 17.81080355656773,
                "A1": 21.144442801116426
            }
        }
    },
    {
        "episode": 180,
        "current_state": "S0",
        "current_action": "A0",
        "td_delta": -1.2108804478103714,
        "q_table": {
            "S0": {
                "A0": 19.539333627074292,
                "A1": 16.91678164722652
            },
            "S1": {
                "A0": 17.81080355656773,
                "A1": 19.220877292272174
            }
        }
    },
    {
        "episode": 181,
        "current_state": "S1",
        "current_action": "A1",
        "td_delta": 1.7872830166579696,
        "q_table": {
            "S0": {
                "A0": 20.348208177353968,
                "A1": 16.91678164722652
            },
            "S1": {
                "A0": 17.81080355656773,
                "A1": 20.222751811626395
            }
        }
    },
    {
        "episode": 182,
        "current_state": "S1",
        "current_action": "A1",
        "td_delta": 0.6061291673842071,
        "q_table": {
            "S0": {
                "A0": 20.136657901797008,
                "A1": 16.91678164722652
            },
            "S1": {
                "A0": 17.81080355656773,
                "A1": 20.04701734197152
            }
        }
    },
    {
        "episode": 183,
        "current_state": "S1",
        "current_action": "A1",
        "td_delta": -0.08855483756824611,
        "q_table": {
            "S0": {
                "A0": 20.001318400843516,
                "A1": 16.91678164722652
            },
            "S1": {
                "A0": 17.81080355656773,
                "A1": 19.812175128570587
            }
        }
    },
    {
        "episode": 184,
        "current_state": "S1",
        "current_action": "A1",
        "td_delta": -4.958142416680612,
        "q_table": {
            "S0": {
                "A0": 20.052685332610697,
                "A1": 16.91678164722652
            },
            "S1": {
                "A0": 17.81080355656773,
                "A1": 19.736010421362177
            }
        }
    },
    {
        "episode": 185,
        "current_state": "S1",
        "current_action": "A1",
        "td_delta": -1.2960752962178397,
        "q_table": {
            "S0": {
                "A0": 19.924889245184534,
                "A1": 16.91678164722652
            },
            "S1": {
                "A0": 17.81080355656773,
                "A1": 20.133849511262138
            }
        }
    },
    {
        "episode": 186,
        "current_state": "S1",
        "current_action": "A1",
        "td_delta": -0.7502535414488563,
        "q_table": {
            "S0": {
                "A0": 19.258962745770578,
                "A1": 16.91678164722652
            },
            "S1": {
                "A0": 17.81080355656773,
                "A1": 19.198461861497496
            }
        }
    },
    {
        "episode": 187,
        "current_state": "S0",
        "current_action": "A0",
        "td_delta": 0.2838919152236272,
        "q_table": {
            "S0": {
                "A0": 19.26178775928609,
                "A1": 16.91678164722652
            },
            "S1": {
                "A0": 17.81080355656773,
                "A1": 19.69459052521771
            }
        }
    },
    {
        "episode": 188,
        "current_state": "S0",
        "current_action": "A0",
        "td_delta": -0.2891001272391165,
        "q_table": {
            "S0": {
                "A0": 20.068442329667263,
                "A1": 16.91678164722652
            },
            "S1": {
                "A0": 17.81080355656773,
                "A1": 19.827284537248975
            }
        }
    },
    {
        "episode": 189,
        "current_state": "S0",
        "current_action": "A0",
        "td_delta": 0.7155190603565238,
        "q_table": {
            "S0": {
                "A0": 19.72272572422565,
                "A1": 16.91678164722652
            },
            "S1": {
                "A0": 17.81080355656773,
                "A1": 19.54624904282947
            }
        }
    },
    {
        "episode": 190,
        "current_state": "S1",
        "current_action": "A1",
        "td_delta": -0.20786682767256082,
        "q_table": {
            "S0": {
                "A0": 20.635851191555613,
                "A1": 16.91678164722652
            },
            "S1": {
                "A0": 17.81080355656773,
                "A1": 20.215127806305357
            }
        }
    },
    {
        "episode": 191,
        "current_state": "S0",
        "current_action": "A0",
        "td_delta": 0.4994892134021178,
        "q_table": {
            "S0": {
                "A0": 20.73491499731903,
                "A1": 16.91678164722652
            },
            "S1": {
                "A0": 17.81080355656773,
                "A1": 20.628704278701584
            }
        }
    },
    {
        "episode": 192,
        "current_state": "S1",
        "current_action": "A1",
        "td_delta": 0.05128200338148048,
        "q_table": {
            "S0": {
                "A0": 19.9390920945358,
                "A1": 16.91678164722652
            },
            "S1": {
                "A0": 17.81080355656773,
                "A1": 20.340718131038887
            }
        }
    },
    {
        "episode": 193,
        "current_state": "S1",
        "current_action": "A1",
        "td_delta": -1.1696597906630188,
        "q_table": {
            "S0": {
                "A0": 20.3448769345557,
                "A1": 16.91678164722652
            },
            "S1": {
                "A0": 17.81080355656773,
                "A1": 20.660290223696848
            }
        }
    },
    {
        "episode": 194,
        "current_state": "S1",
        "current_action": "A1",
        "td_delta": 0.3955179972059213,
        "q_table": {
            "S0": {
                "A0": 20.821454552835213,
                "A1": 16.91678164722652
            },
            "S1": {
                "A0": 17.81080355656773,
                "A1": 20.849505896066365
            }
        }
    },
    {
        "episode": 195,
        "current_state": "S1",
        "current_action": "A1",
        "td_delta": -1.587887695003154,
        "q_table": {
            "S0": {
                "A0": 19.880775096755936,
                "A1": 16.91678164722652
            },
            "S1": {
                "A0": 17.81080355656773,
                "A1": 19.78304501058318
            }
        }
    },
    {
        "episode": 196,
        "current_state": "S0",
        "current_action": "A0",
        "td_delta": 0.6413341021599095,
        "q_table": {
            "S0": {
                "A0": 21.290351798616886,
                "A1": 16.91678164722652
            },
            "S1": {
                "A0": 17.81080355656773,
                "A1": 20.624745863346206
            }
        }
    },
    {
        "episode": 197,
        "current_state": "S0",
        "current_action": "A0",
        "td_delta": 0.1966994672419915,
        "q_table": {
            "S0": {
                "A0": 20.45207269430431,
                "A1": 16.91678164722652
            },
            "S1": {
                "A0": 17.81080355656773,
                "A1": 20.030889084071884
            }
        }
    },
    {
        "episode": 198,
        "current_state": "S1",
        "current_action": "A1",
        "td_delta": -0.15101373277247276,
        "q_table": {
            "S0": {
                "A0": 20.620639128733973,
                "A1": 16.91678164722652
            },
            "S1": {
                "A0": 17.81080355656773,
                "A1": 20.6909010203558
            }
        }
    },
    {
        "episode": 199,
        "current_state": "S0",
        "current_action": "A0",
        "td_delta": 0.6349550630577667,
        "q_table": {
            "S0": {
                "A0": 20.007198048413876,
                "A1": 16.91678164722652
            },
            "S1": {
                "A0": 17.81080355656773,
                "A1": 20.05564841685096
            }
        }
    }
]