[
    {
        "episode": 0,
        "current_state": "S0",
        "current_action": "A0",
        "td_delta": 1.7383383321814851,
        "q_table": {
            "S0": {
                "A0": 3.469995771403294,
                "A1": 2.346191666993602
            },
            "S1": {
                "A0": 2.747987703855657,
                "A1": 4.137699500717628
            }
        }
    },
    {
        "episode": 1,
        "current_state": "S0",
        "current_action": "A1",
        "td_delta": 3.295233354845143,
        "q_table": {
            "S0": {
                "A0": 7.802599847145183,
                "A1": 6.489542302070036
            },
            "S1": {
                "A0": 6.434320195328444,
                "A1": 8.138874890407886
            }
        }
    },
    {
        "episode": 2,
        "current_state": "S0",
        "current_action": "A0",
        "td_delta": 0.23406753326857732,
        "q_table": {
            "S0": {
                "A0": 11.03869034416552,
                "A1": 9.478409338141816
            },
            "S1": {
                "A0": 9.691933020732034,
                "A1": 11.259402171230267
            }
        }
    },
    {
        "episode": 3,
        "current_state": "S1",
        "current_action": "A1",
        "td_delta": 0.07363506049512836,
        "q_table": {
            "S0": {
                "A0": 13.201697645532864,
                "A1": 12.098933330895754
            },
            "S1": {
                "A0": 12.040956191966867,
                "A1": 13.526955239533962
            }
        }
    },
    {
        "episode": 4,
        "current_state": "S1",
        "current_action": "A1",
        "td_delta": -0.19458945190012855,
        "q_table": {
            "S0": {
                "A0": 15.244792864629789,
                "A1": 13.535142721111963
            },
            "S1": {
                "A0": 13.199877134842023,
                "A1": 15.233761109876925
            }
        }
    },
    {
        "episode": 5,
        "current_state": "S0",
        "current_action": "A0",
        "td_delta": 0.7234020148749671,
        "q_table": {
            "S0": {
                "A0": 17.23102510104314,
                "A1": 15.416888591660273
            },
            "S1": {
                "A0": 15.22225553144831,
                "A1": 17.21804973270068
            }
        }
    },
    {
        "episode": 6,
        "current_state": "S0",
        "current_action": "A0",
        "td_delta": 0.23851617922819557,
        "q_table": {
            "S0": {
                "A0": 17.88405849564088,
                "A1": 16.922273918334877
            },
            "S1": {
                "A0": 16.74638655438512,
                "A1": 18.41194853465541
            }
        }
    },
    {
        "episode": 7,
        "current_state": "S1",
        "current_action": "A1",
        "td_delta": -0.47170214866205384,
        "q_table": {
            "S0": {
                "A0": 17.90620049277935,
                "A1": 17.01788423708274
            },
            "S1": {
                "A0": 17.043302786487203,
                "A1": 17.606087281754327
            }
        }
    },
    {
        "episode": 8,
        "current_state": "S0",
        "current_action": "A0",
        "td_delta": -1.4083498420061957,
        "q_table": {
            "S0": {
                "A0": 17.999333596173404,
                "A1": 17.127415105981814
            },
            "S1": {
                "A0": 16.747281499051105,
                "A1": 18.69861195263092
            }
        }
    },
    {
        "episode": 9,
        "current_state": "S0",
        "current_action": "A1",
        "td_delta": 0.47938524792005666,
        "q_table": {
            "S0": {
                "A0": 18.958281157685573,
                "A1": 17.512076622192932
            },
            "S1": {
                "A0": 17.095082057430744,
                "A1": 19.034558744801092
            }
        }
    },
    {
        "episode": 10,
        "current_state": "S0",
        "current_action": "A0",
        "td_delta": -0.9973391226014137,
        "q_table": {
            "S0": {
                "A0": 18.819732433754012,
                "A1": 17.512076622192932
            },
            "S1": {
                "A0": 17.095082057430744,
                "A1": 19.20718889349756
            }
        }
    },
    {
        "episode": 11,
        "current_state": "S1",
        "current_action": "A1",
        "td_delta": 0.8014729797131324,
        "q_table": {
            "S0": {
                "A0": 20.269735169250474,
                "A1": 17.512076622192932
            },
            "S1": {
                "A0": 17.095082057430744,
                "A1": 19.954361316583608
            }
        }
    },
    {
        "episode": 12,
        "current_state": "S0",
        "current_action": "A0",
        "td_delta": 0.7888849835165921,
        "q_table": {
            "S0": {
                "A0": 19.817637063185746,
                "A1": 17.512076622192932
            },
            "S1": {
                "A0": 17.095082057430744,
                "A1": 19.915394366912878
            }
        }
    },
    {
        "episode": 13,
        "current_state": "S0",
        "current_action": "A0",
        "td_delta": 0.01024214239289023,
        "q_table": {
            "S0": {
                "A0": 20.48014217883733,
                "A1": 17.512076622192932
            },
            "S1": {
                "A0": 17.095082057430744,
                "A1": 20.276763705545477
            }
        }
    },
    {
        "episode": 14,
        "current_state": "S1",
        "current_action": "A1",
        "td_delta": -0.023163192411093547,
        "q_table": {
            "S0": {
                "A0": 20.64103851588656,
                "A1": 17.512076622192932
            },
            "S1": {
                "A0": 17.095082057430744,
                "A1": 20.591658384869813
            }
        }
    },
    {
        "episode": 15,
        "current_state": "S1",
        "current_action": "A1",
        "td_delta": -0.24950159365448243,
        "q_table": {
            "S0": {
                "A0": 20.348053679310503,
                "A1": 17.512076622192932
            },
            "S1": {
                "A0": 17.095082057430744,
                "A1": 20.489667397668487
            }
        }
    },
    {
        "episode": 16,
        "current_state": "S1",
        "current_action": "A1",
        "td_delta": -0.049929365904645806,
        "q_table": {
            "S0": {
                "A0": 20.08982998191425,
                "A1": 17.512076622192932
            },
            "S1": {
                "A0": 17.095082057430744,
                "A1": 20.226973661037004
            }
        }
    },
    {
        "episode": 17,
        "current_state": "S0",
        "current_action": "A0",
        "td_delta": 1.228280197289724,
        "q_table": {
            "S0": {
                "A0": 19.994224894715586,
                "A1": 17.512076622192932
            },
            "S1": {
                "A0": 17.095082057430744,
                "A1": 20.042958078084823
            }
        }
    },
    {
        "episode": 18,
        "current_state": "S1",
        "current_action": "A1",
        "td_delta": 0.020625330821008703,
        "q_table": {
            "S0": {
                "A0": 20.435867435539215,
                "A1": 17.512076622192932
            },
            "S1": {
                "A0": 17.095082057430744,
                "A1": 20.524465597246387
            }
        }
    },
    {
        "episode": 19,
        "current_state": "S0",
        "current_action": "A0",
        "td_delta": -0.9671966515584636,
        "q_table": {
            "S0": {
                "A0": 19.64430278755313,
                "A1": 17.512076622192932
            },
            "S1": {
                "A0": 17.095082057430744,
                "A1": 19.79101599350057
            }
        }
    },
    {
        "episode": 20,
        "current_state": "S0",
        "current_action": "A0",
        "td_delta": 1.9892624648443231,
        "q_table": {
            "S0": {
                "A0": 20.14334551804122,
                "A1": 17.512076622192932
            },
            "S1": {
                "A0": 17.095082057430744,
                "A1": 20.1082152413092
            }
        }
    },
    {
        "episode": 21,
        "current_state": "S1",
        "current_action": "A1",
        "td_delta": -0.44934107702838233,
        "q_table": {
            "S0": {
                "A0": 20.189296962360384,
                "A1": 17.512076622192932
            },
            "S1": {
                "A0": 17.095082057430744,
                "A1": 20.170460052580985
            }
        }
    },
    {
        "episode": 22,
        "current_state": "S1",
        "current_action": "A1",
        "td_delta": -0.9867784310118495,
        "q_table": {
            "S0": {
                "A0": 20.37349192857516,
                "A1": 17.512076622192932
            },
            "S1": {
                "A0": 17.095082057430744,
                "A1": 20.401633114628307
            }
        }
    },
    {
        "episode": 23,
        "current_state": "S0",
        "current_action": "A0",
        "td_delta": 0.01750141505791447,
        "q_table": {
            "S0": {
                "A0": 20.110402686636466,
                "A1": 17.512076622192932
            },
            "S1": {
                "A0": 17.095082057430744,
                "A1": 20.273427367987317
            }
        }
    },
    {
        "episode": 24,
        "current_state": "S0",
        "current_action": "A0",
        "td_delta": -0.4987475008635407,
        "q_table": {
            "S0": {
                "A0": 20.550327390274607,
                "A1": 17.512076622192932
            },
            "S1": {
                "A0": 17.095082057430744,
                "A1": 20.25103818388602
            }
        }
    },
    {
        "episode": 25,
        "current_state": "S0",
        "current_action": "A0",
        "td_delta": 1.5170162957410085,
        "q_table": {
            "S0": {
                "A0": 19.88595515414475,
                "A1": 17.512076622192932
            },
            "S1": {
                "A0": 17.095082057430744,
                "A1": 19.920998289235172
            }
        }
    },
    {
        "episode": 26,
        "current_state": "S1",
        "current_action": "A1",
        "td_delta": -0.19731095755723516,
        "q_table": {
            "S0": {
                "A0": 20.012356918372852,
                "A1": 17.512076622192932
            },
            "S1": {
                "A0": 17.095082057430744,
                "A1": 20.41864165433708
            }
        }
    },
    {
        "episode": 27,
        "current_state": "S1",
        "current_action": "A1",
        "td_delta": -0.48963530159651114,
        "q_table": {
            "S0": {
                "A0": 20.025194019484942,
                "A1": 17.512076622192932
            },
            "S1": {
                "A0": 17.095082057430744,
                "A1": 20.44169958397331
            }
        }
    },
    {
        "episode": 28,
        "current_state": "S1",
        "current_action": "A1",
        "td_delta": 0.47988014031982473,
        "q_table": {
            "S0": {
                "A0": 20.766088559871058,
                "A1": 17.512076622192932
            },
            "S1": {
                "A0": 17.095082057430744,
                "A1": 20.491260238596112
            }
        }
    },
    {
        "episode": 29,
        "current_state": "S1",
        "current_action": "A1",
        "td_delta": -1.397454183106575,
        "q_table": {
            "S0": {
                "A0": 20.398943683179787,
                "A1": 17.512076622192932
            },
            "S1": {
                "A0": 17.095082057430744,
                "A1": 20.57874280275508
            }
        }
    },
    {
        "episode": 30,
        "current_state": "S0",
        "current_action": "A0",
        "td_delta": 0.19060145324605315,
        "q_table": {
            "S0": {
                "A0": 20.262566530393865,
                "A1": 17.512076622192932
            },
            "S1": {
                "A0": 17.095082057430744,
                "A1": 20.26360928701701
            }
        }
    },
    {
        "episode": 31,
        "current_state": "S1",
        "current_action": "A1",
        "td_delta": 1.1147000953179358,
        "q_table": {
            "S0": {
                "A0": 20.749136808628357,
                "A1": 17.512076622192932
            },
            "S1": {
                "A0": 17.095082057430744,
                "A1": 20.643524426352418
            }
        }
    },
    {
        "episode": 32,
        "current_state": "S1",
        "current_action": "A1",
        "td_delta": 1.0850059064425892,
        "q_table": {
            "S0": {
                "A0": 20.487942364365384,
                "A1": 17.512076622192932
            },
            "S1": {
                "A0": 17.095082057430744,
                "A1": 20.466999246130516
            }
        }
    },
    {
        "episode": 33,
        "current_state": "S1",
        "current_action": "A1",
        "td_delta": -1.580306459082692,
        "q_table": {
            "S0": {
                "A0": 20.191155777410273,
                "A1": 17.512076622192932
            },
            "S1": {
                "A0": 17.095082057430744,
                "A1": 19.89003957384367
            }
        }
    },
    {
        "episode": 34,
        "current_state": "S1",
        "current_action": "A1",
        "td_delta": -0.26539577504605205,
        "q_table": {
            "S0": {
                "A0": 20.316792982931783,
                "A1": 17.512076622192932
            },
            "S1": {
                "A0": 17.095082057430744,
                "A1": 20.596061865180054
            }
        }
    },
    {
        "episode": 35,
        "current_state": "S0",
        "current_action": "A0",
        "td_delta": -1.2423639984020411,
        "q_table": {
            "S0": {
                "A0": 19.937619726971693,
                "A1": 17.512076622192932
            },
            "S1": {
                "A0": 17.095082057430744,
                "A1": 20.26469068489984
            }
        }
    },
    {
        "episode": 36,
        "current_state": "S1",
        "current_action": "A1",
        "td_delta": 0.9945792246581426,
        "q_table": {
            "S0": {
                "A0": 19.606265350863918,
                "A1": 17.512076622192932
            },
            "S1": {
                "A0": 17.095082057430744,
                "A1": 19.30444447588441
            }
        }
    },
    {
        "episode": 37,
        "current_state": "S0",
        "current_action": "A0",
        "td_delta": 0.6929436074558701,
        "q_table": {
            "S0": {
                "A0": 20.3343499561869,
                "A1": 17.512076622192932
            },
            "S1": {
                "A0": 17.095082057430744,
                "A1": 20.112442205472313
            }
        }
    },
    {
        "episode": 38,
        "current_state": "S0",
        "current_action": "A0",
        "td_delta": -0.5383115758518251,
        "q_table": {
            "S0": {
                "A0": 20.16904826093308,
                "A1": 17.512076622192932
            },
            "S1": {
                "A0": 17.095082057430744,
                "A1": 19.971900636948515
            }
        }
    },
    {
        "episode": 39,
        "current_state": "S1",
        "current_action": "A1",
        "td_delta": 0.27993635746108936,
        "q_table": {
            "S0": {
                "A0": 20.01512816975614,
                "A1": 17.512076622192932
            },
            "S1": {
                "A0": 17.095082057430744,
                "A1": 20.116557856065548
            }
        }
    },
    {
        "episode": 40,
        "current_state": "S0",
        "current_action": "A0",
        "td_delta": -2.5201114900584507,
        "q_table": {
            "S0": {
                "A0": 20.03413834349499,
                "A1": 17.512076622192932
            },
            "S1": {
                "A0": 17.095082057430744,
                "A1": 19.92925020160265
            }
        }
    },
    {
        "episode": 41,
        "current_state": "S1",
        "current_action": "A1",
        "td_delta": 0.37476476189166164,
        "q_table": {
            "S0": {
                "A0": 20.500078823554254,
                "A1": 17.512076622192932
            },
            "S1": {
                "A0": 17.095082057430744,
                "A1": 20.166914131496334
            }
        }
    },
    {
        "episode": 42,
        "current_state": "S0",
        "current_action": "A0",
        "td_delta": -1.7655065676981643,
        "q_table": {
            "S0": {
                "A0": 19.983075163721416,
                "A1": 17.512076622192932
            },
            "S1": {
                "A0": 17.095082057430744,
                "A1": 19.917084619770073
            }
        }
    },
    {
        "episode": 43,
        "current_state": "S0",
        "current_action": "A0",
        "td_delta": -0.9630763306924521,
        "q_table": {
            "S0": {
                "A0": 19.058630489034122,
                "A1": 17.512076622192932
            },
            "S1": {
                "A0": 17.095082057430744,
                "A1": 18.816612296012128
            }
        }
    },
    {
        "episode": 44,
        "current_state": "S0",
        "current_action": "A0",
        "td_delta": -1.1159814061370241,
        "q_table": {
            "S0": {
                "A0": 19.074602021122864,
                "A1": 17.512076622192932
            },
            "S1": {
                "A0": 17.095082057430744,
                "A1": 19.373104448443932
            }
        }
    },
    {
        "episode": 45,
        "current_state": "S1",
        "current_action": "A1",
        "td_delta": 0.36680415876308103,
        "q_table": {
            "S0": {
                "A0": 20.49756888139614,
                "A1": 17.512076622192932
            },
            "S1": {
                "A0": 17.095082057430744,
                "A1": 20.168693118245493
            }
        }
    },
    {
        "episode": 46,
        "current_state": "S1",
        "current_action": "A1",
        "td_delta": -0.8684299836646758,
        "q_table": {
            "S0": {
                "A0": 20.47729615700239,
                "A1": 17.512076622192932
            },
            "S1": {
                "A0": 17.095082057430744,
                "A1": 20.52121361060036
            }
        }
    },
    {
        "episode": 47,
        "current_state": "S1",
        "current_action": "A1",
        "td_delta": 0.10706402105611801,
        "q_table": {
            "S0": {
                "A0": 20.52139548383358,
                "A1": 17.512076622192932
            },
            "S1": {
                "A0": 17.095082057430744,
                "A1": 20.534940060499714
            }
        }
    },
    {
        "episode": 48,
        "current_state": "S1",
        "current_action": "A1",
        "td_delta": -1.972550546083152,
        "q_table": {
            "S0": {
                "A0": 20.552837545933798,
                "A1": 17.512076622192932
            },
            "S1": {
                "A0": 17.095082057430744,
                "A1": 20.412552766223232
            }
        }
    },
    {
        "episode": 49,
        "current_state": "S0",
        "current_action": "A0",
        "td_delta": 1.425060428436467,
        "q_table": {
            "S0": {
                "A0": 20.12618339102581,
                "A1": 17.512076622192932
            },
            "S1": {
                "A0": 17.095082057430744,
                "A1": 19.94127353179848
            }
        }
    },
    {
        "episode": 50,
        "current_state": "S0",
        "current_action": "A0",
        "td_delta": -2.124546898724912,
        "q_table": {
            "S0": {
                "A0": 20.018036368299423,
                "A1": 17.512076622192932
            },
            "S1": {
                "A0": 17.095082057430744,
                "A1": 20.037925712718888
            }
        }
    },
    {
        "episode": 51,
        "current_state": "S0",
        "current_action": "A0",
        "td_delta": 0.3961182706492252,
        "q_table": {
            "S0": {
                "A0": 20.131106718453218,
                "A1": 17.512076622192932
            },
            "S1": {
                "A0": 17.095082057430744,
                "A1": 20.56498868226391
            }
        }
    },
    {
        "episode": 52,
        "current_state": "S1",
        "current_action": "A1",
        "td_delta": -1.2148762902119365,
        "q_table": {
            "S0": {
                "A0": 20.722088367003515,
                "A1": 17.512076622192932
            },
            "S1": {
                "A0": 17.095082057430744,
                "A1": 20.397400952493907
            }
        }
    },
    {
        "episode": 53,
        "current_state": "S0",
        "current_action": "A0",
        "td_delta": 0.5701735437098314,
        "q_table": {
            "S0": {
                "A0": 20.263868987599228,
                "A1": 17.512076622192932
            },
            "S1": {
                "A0": 17.095082057430744,
                "A1": 20.262093687708973
            }
        }
    },
    {
        "episode": 54,
        "current_state": "S1",
        "current_action": "A1",
        "td_delta": 2.626736618214167,
        "q_table": {
            "S0": {
                "A0": 20.464940614771137,
                "A1": 17.512076622192932
            },
            "S1": {
                "A0": 17.095082057430744,
                "A1": 20.506633924901273
            }
        }
    },
    {
        "episode": 55,
        "current_state": "S0",
        "current_action": "A0",
        "td_delta": -0.3326028925692448,
        "q_table": {
            "S0": {
                "A0": 20.163723001208027,
                "A1": 17.512076622192932
            },
            "S1": {
                "A0": 17.095082057430744,
                "A1": 20.66480736877301
            }
        }
    },
    {
        "episode": 56,
        "current_state": "S0",
        "current_action": "A0",
        "td_delta": 0.3666694780918043,
        "q_table": {
            "S0": {
                "A0": 20.95695705689115,
                "A1": 17.512076622192932
            },
            "S1": {
                "A0": 17.095082057430744,
                "A1": 20.989944112220122
            }
        }
    },
    {
        "episode": 57,
        "current_state": "S0",
        "current_action": "A0",
        "td_delta": 0.5224935660581984,
        "q_table": {
            "S0": {
                "A0": 20.30574730602387,
                "A1": 17.512076622192932
            },
            "S1": {
                "A0": 17.095082057430744,
                "A1": 20.34707240601765
            }
        }
    },
    {
        "episode": 58,
        "current_state": "S1",
        "current_action": "A1",
        "td_delta": 0.9392177857371635,
        "q_table": {
            "S0": {
                "A0": 20.808330453549406,
                "A1": 17.512076622192932
            },
            "S1": {
                "A0": 17.095082057430744,
                "A1": 20.15602922503102
            }
        }
    },
    {
        "episode": 59,
        "current_state": "S1",
        "current_action": "A1",
        "td_delta": -1.5708733581692904,
        "q_table": {
            "S0": {
                "A0": 20.112947782972217,
                "A1": 17.512076622192932
            },
            "S1": {
                "A0": 17.095082057430744,
                "A1": 20.01987583702736
            }
        }
    },
    {
        "episode": 60,
        "current_state": "S0",
        "current_action": "A0",
        "td_delta": 0.21142510956149252,
        "q_table": {
            "S0": {
                "A0": 19.957487575341222,
                "A1": 17.512076622192932
            },
            "S1": {
                "A0": 17.095082057430744,
                "A1": 21.000584570124246
            }
        }
    },
    {
        "episode": 61,
        "current_state": "S1",
        "current_action": "A1",
        "td_delta": 0.4808225705683178,
        "q_table": {
            "S0": {
                "A0": 20.38796983324049,
                "A1": 17.512076622192932
            },
            "S1": {
                "A0": 17.095082057430744,
                "A1": 20.43683760137364
            }
        }
    },
    {
        "episode": 62,
        "current_state": "S1",
        "current_action": "A1",
        "td_delta": -0.413784185972613,
        "q_table": {
            "S0": {
                "A0": 21.332788071050267,
                "A1": 17.512076622192932
            },
            "S1": {
                "A0": 17.095082057430744,
                "A1": 21.082333099320593
            }
        }
    },
    {
        "episode": 63,
        "current_state": "S1",
        "current_action": "A1",
        "td_delta": -0.5333692306804174,
        "q_table": {
            "S0": {
                "A0": 20.693169651651743,
                "A1": 17.512076622192932
            },
            "S1": {
                "A0": 17.095082057430744,
                "A1": 20.855600763736124
            }
        }
    },
    {
        "episode": 64,
        "current_state": "S1",
        "current_action": "A1",
        "td_delta": 1.3461678116267208,
        "q_table": {
            "S0": {
                "A0": 20.645601329465467,
                "A1": 17.512076622192932
            },
            "S1": {
                "A0": 17.095082057430744,
                "A1": 20.341672180054875
            }
        }
    },
    {
        "episode": 65,
        "current_state": "S1",
        "current_action": "A1",
        "td_delta": 0.5139493501299839,
        "q_table": {
            "S0": {
                "A0": 21.22998960282462,
                "A1": 17.512076622192932
            },
            "S1": {
                "A0": 17.095082057430744,
                "A1": 20.880942344425172
            }
        }
    },
    {
        "episode": 66,
        "current_state": "S1",
        "current_action": "A1",
        "td_delta": 0.5240436846813878,
        "q_table": {
            "S0": {
                "A0": 20.2953946333904,
                "A1": 17.512076622192932
            },
            "S1": {
                "A0": 17.095082057430744,
                "A1": 20.761396421838114
            }
        }
    },
    {
        "episode": 67,
        "current_state": "S0",
        "current_action": "A0",
        "td_delta": -0.28331099795061476,
        "q_table": {
            "S0": {
                "A0": 20.608228148411605,
                "A1": 17.512076622192932
            },
            "S1": {
                "A0": 17.095082057430744,
                "A1": 20.530119721395614
            }
        }
    },
    {
        "episode": 68,
        "current_state": "S1",
        "current_action": "A1",
        "td_delta": 0.3289857403037857,
        "q_table": {
            "S0": {
                "A0": 20.917589430082426,
                "A1": 17.512076622192932
            },
            "S1": {
                "A0": 17.095082057430744,
                "A1": 20.809157782800778
            }
        }
    },
    {
        "episode": 69,
        "current_state": "S0",
        "current_action": "A0",
        "td_delta": -0.14277466429146557,
        "q_table": {
            "S0": {
                "A0": 21.016319456485522,
                "A1": 17.512076622192932
            },
            "S1": {
                "A0": 17.095082057430744,
                "A1": 21.07863459965997
            }
        }
    },
    {
        "episode": 70,
        "current_state": "S0",
        "current_action": "A0",
        "td_delta": -1.4430917302751354,
        "q_table": {
            "S0": {
                "A0": 20.709673929723845,
                "A1": 17.512076622192932
            },
            "S1": {
                "A0": 17.095082057430744,
                "A1": 20.747594725889122
            }
        }
    },
    {
        "episode": 71,
        "current_state": "S0",
        "current_action": "A0",
        "td_delta": -0.17032273698977107,
        "q_table": {
            "S0": {
                "A0": 20.716352896198742,
                "A1": 17.512076622192932
            },
            "S1": {
                "A0": 17.095082057430744,
                "A1": 20.68433818451177
            }
        }
    },
    {
        "episode": 72,
        "current_state": "S1",
        "current_action": "A1",
        "td_delta": -1.1052984694902896,
        "q_table": {
            "S0": {
                "A0": 20.975398168455232,
                "A1": 17.512076622192932
            },
            "S1": {
                "A0": 17.095082057430744,
                "A1": 20.736542837953895
            }
        }
    },
    {
        "episode": 73,
        "current_state": "S0",
        "current_action": "A0",
        "td_delta": -0.35697265175155835,
        "q_table": {
            "S0": {
                "A0": 20.882920822340438,
                "A1": 17.512076622192932
            },
            "S1": {
                "A0": 17.095082057430744,
                "A1": 20.896506531367763
            }
        }
    },
    {
        "episode": 74,
        "current_state": "S1",
        "current_action": "A1",
        "td_delta": 0.1015623807648467,
        "q_table": {
            "S0": {
                "A0": 20.486385514969975,
                "A1": 17.512076622192932
            },
            "S1": {
                "A0": 17.095082057430744,
                "A1": 20.624369476784615
            }
        }
    },
    {
        "episode": 75,
        "current_state": "S0",
        "current_action": "A0",
        "td_delta": 0.5221546347768751,
        "q_table": {
            "S0": {
                "A0": 20.739197369300214,
                "A1": 17.512076622192932
            },
            "S1": {
                "A0": 17.095082057430744,
                "A1": 20.915340523999333
            }
        }
    },
    {
        "episode": 76,
        "current_state": "S0",
        "current_action": "A0",
        "td_delta": 0.5794757196412341,
        "q_table": {
            "S0": {
                "A0": 20.67906691555176,
                "A1": 17.512076622192932
            },
            "S1": {
                "A0": 17.095082057430744,
                "A1": 20.91316015628514
            }
        }
    },
    {
        "episode": 77,
        "current_state": "S1",
        "current_action": "A1",
        "td_delta": 0.3033952928440904,
        "q_table": {
            "S0": {
                "A0": 19.857163547745472,
                "A1": 17.512076622192932
            },
            "S1": {
                "A0": 17.095082057430744,
                "A1": 19.906304803411246
            }
        }
    },
    {
        "episode": 78,
        "current_state": "S0",
        "current_action": "A0",
        "td_delta": 0.3411856515748184,
        "q_table": {
            "S0": {
                "A0": 19.591339550961013,
                "A1": 17.512076622192932
            },
            "S1": {
                "A0": 17.095082057430744,
                "A1": 19.649204757087055
            }
        }
    },
    {
        "episode": 79,
        "current_state": "S1",
        "current_action": "A1",
        "td_delta": -0.4931340588549773,
        "q_table": {
            "S0": {
                "A0": 19.680530490577112,
                "A1": 17.512076622192932
            },
            "S1": {
                "A0": 17.095082057430744,
                "A1": 19.26708400448888
            }
        }
    },
    {
        "episode": 80,
        "current_state": "S0",
        "current_action": "A0",
        "td_delta": -0.44528776953368876,
        "q_table": {
            "S0": {
                "A0": 19.841931299430478,
                "A1": 17.512076622192932
            },
            "S1": {
                "A0": 17.095082057430744,
                "A1": 19.976213015389064
            }
        }
    },
    {
        "episode": 81,
        "current_state": "S1",
        "current_action": "A1",
        "td_delta": 0.06085493760338423,
        "q_table": {
            "S0": {
                "A0": 20.022131910437857,
                "A1": 17.512076622192932
            },
            "S1": {
                "A0": 17.095082057430744,
                "A1": 20.230606785551025
            }
        }
    },
    {
        "episode": 82,
        "current_state": "S0",
        "current_action": "A0",
        "td_delta": -0.04961979852690135,
        "q_table": {
            "S0": {
                "A0": 20.104790255416344,
                "A1": 17.512076622192932
            },
            "S1": {
                "A0": 17.095082057430744,
                "A1": 20.300221972060612
            }
        }
    },
    {
        "episode": 83,
        "current_state": "S1",
        "current_action": "A1",
        "td_delta": 0.15779887423813932,
        "q_table": {
            "S0": {
                "A0": 20.504915849671562,
                "A1": 17.512076622192932
            },
            "S1": {
                "A0": 17.095082057430744,
                "A1": 20.978454842890084
            }
        }
    },
    {
        "episode": 84,
        "current_state": "S1",
        "current_action": "A1",
        "td_delta": -0.06287046054533008,
        "q_table": {
            "S0": {
                "A0": 20.636962799461504,
                "A1": 17.512076622192932
            },
            "S1": {
                "A0": 17.095082057430744,
                "A1": 20.520518425006152
            }
        }
    },
    {
        "episode": 85,
        "current_state": "S0",
        "current_action": "A0",
        "td_delta": 1.0718793813134937,
        "q_table": {
            "S0": {
                "A0": 21.13190792642646,
                "A1": 17.512076622192932
            },
            "S1": {
                "A0": 17.095082057430744,
                "A1": 20.966299619565113
            }
        }
    },
    {
        "episode": 86,
        "current_state": "S1",
        "current_action": "A1",
        "td_delta": -0.1401587060113343,
        "q_table": {
            "S0": {
                "A0": 21.52636611951168,
                "A1": 17.512076622192932
            },
            "S1": {
                "A0": 17.095082057430744,
                "A1": 20.747196519512215
            }
        }
    },
    {
        "episode": 87,
        "current_state": "S1",
        "current_action": "A1",
        "td_delta": 0.7087840795271312,
        "q_table": {
            "S0": {
                "A0": 21.724187038337234,
                "A1": 17.512076622192932
            },
            "S1": {
                "A0": 17.095082057430744,
                "A1": 21.141471152929093
            }
        }
    },
    {
        "episode": 88,
        "current_state": "S1",
        "current_action": "A1",
        "td_delta": -1.1179119159201178,
        "q_table": {
            "S0": {
                "A0": 21.437237815986848,
                "A1": 17.512076622192932
            },
            "S1": {
                "A0": 17.095082057430744,
                "A1": 21.49927011271627
            }
        }
    },
    {
        "episode": 89,
        "current_state": "S0",
        "current_action": "A0",
        "td_delta": -0.27373842090299405,
        "q_table": {
            "S0": {
                "A0": 21.61929055693964,
                "A1": 17.512076622192932
            },
            "S1": {
                "A0": 17.095082057430744,
                "A1": 21.882220857161755
            }
        }
    },
    {
        "episode": 90,
        "current_state": "S0",
        "current_action": "A0",
        "td_delta": 0.3683636146707272,
        "q_table": {
            "S0": {
                "A0": 20.587281274759803,
                "A1": 17.512076622192932
            },
            "S1": {
                "A0": 17.095082057430744,
                "A1": 20.832439696290475
            }
        }
    },
    {
        "episode": 91,
        "current_state": "S1",
        "current_action": "A1",
        "td_delta": 0.46314343252301526,
        "q_table": {
            "S0": {
                "A0": 20.76027781891237,
                "A1": 17.512076622192932
            },
            "S1": {
                "A0": 17.095082057430744,
                "A1": 21.02003144075042
            }
        }
    },
    {
        "episode": 92,
        "current_state": "S1",
        "current_action": "A1",
        "td_delta": -0.769089471571025,
        "q_table": {
            "S0": {
                "A0": 21.67631139515299,
                "A1": 17.512076622192932
            },
            "S1": {
                "A0": 17.095082057430744,
                "A1": 21.438047684051618
            }
        }
    },
    {
        "episode": 93,
        "current_state": "S1",
        "current_action": "A1",
        "td_delta": 0.013795838438500851,
        "q_table": {
            "S0": {
                "A0": 21.756690829550664,
                "A1": 17.512076622192932
            },
            "S1": {
                "A0": 17.095082057430744,
                "A1": 21.253102391000947
            }
        }
    },
    {
        "episode": 94,
        "current_state": "S0",
        "current_action": "A0",
        "td_delta": -0.23999298500496735,
        "q_table": {
            "S0": {
                "A0": 20.942177065877654,
                "A1": 17.512076622192932
            },
            "S1": {
                "A0": 17.095082057430744,
                "A1": 20.734140789303535
            }
        }
    },
    {
        "episode": 95,
        "current_state": "S0",
        "current_action": "A0",
        "td_delta": -1.6478669570414155,
        "q_table": {
            "S0": {
                "A0": 20.27694989998549,
                "A1": 17.512076622192932
            },
            "S1": {
                "A0": 17.095082057430744,
                "A1": 20.672858857386906
            }
        }
    },
    {
        "episode": 96,
        "current_state": "S1",
        "current_action": "A1",
        "td_delta": 0.4310695076282798,
        "q_table": {
            "S0": {
                "A0": 20.12876206795583,
                "A1": 17.512076622192932
            },
            "S1": {
                "A0": 17.095082057430744,
                "A1": 19.899099374480013
            }
        }
    },
    {
        "episode": 97,
        "current_state": "S0",
        "current_action": "A0",
        "td_delta": -0.2560753800024642,
        "q_table": {
            "S0": {
                "A0": 19.914656091009284,
                "A1": 17.512076622192932
            },
            "S1": {
                "A0": 17.095082057430744,
                "A1": 19.8821612444523
            }
        }
    },
    {
        "episode": 98,
        "current_state": "S0",
        "current_action": "A0",
        "td_delta": -0.4306033817801307,
        "q_table": {
            "S0": {
                "A0": 20.235615489623328,
                "A1": 17.512076622192932
            },
            "S1": {
                "A0": 17.095082057430744,
                "A1": 20.00929563280582
            }
        }
    },
    {
        "episode": 99,
        "current_state": "S0",
        "current_action": "A0",
        "td_delta": -1.2755022435540937,
        "q_table": {
            "S0": {
                "A0": 19.11016876647182,
                "A1": 17.512076622192932
            },
            "S1": {
                "A0": 17.095082057430744,
                "A1": 18.96251971585904
            }
        }
    },
    {
        "episode": 100,
        "current_state": "S1",
        "current_action": "A1",
        "td_delta": 0.21341834202323895,
        "q_table": {
            "S0": {
                "A0": 19.44053422581518,
                "A1": 17.512076622192932
            },
            "S1": {
                "A0": 17.095082057430744,
                "A1": 19.40551534441275
            }
        }
    },
    {
        "episode": 101,
        "current_state": "S1",
        "current_action": "A1",
        "td_delta": -0.4966635691501686,
        "q_table": {
            "S0": {
                "A0": 19.6825042639038,
                "A1": 17.512076622192932
            },
            "S1": {
                "A0": 17.095082057430744,
                "A1": 19.15904036274857
            }
        }
    },
    {
        "episode": 102,
        "current_state": "S1",
        "current_action": "A1",
        "td_delta": 0.09420318880341938,
        "q_table": {
            "S0": {
                "A0": 19.873409950209876,
                "A1": 17.512076622192932
            },
            "S1": {
                "A0": 17.095082057430744,
                "A1": 20.04257446126581
            }
        }
    },
    {
        "episode": 103,
        "current_state": "S1",
        "current_action": "A1",
        "td_delta": -0.23620135109814555,
        "q_table": {
            "S0": {
                "A0": 20.777908655313894,
                "A1": 17.512076622192932
            },
            "S1": {
                "A0": 17.095082057430744,
                "A1": 20.777337049770836
            }
        }
    },
    {
        "episode": 104,
        "current_state": "S0",
        "current_action": "A0",
        "td_delta": 0.19524294394768305,
        "q_table": {
            "S0": {
                "A0": 20.82165155491795,
                "A1": 17.512076622192932
            },
            "S1": {
                "A0": 17.095082057430744,
                "A1": 21.2481915022961
            }
        }
    },
    {
        "episode": 105,
        "current_state": "S1",
        "current_action": "A1",
        "td_delta": 0.7916286756755362,
        "q_table": {
            "S0": {
                "A0": 20.84975743697989,
                "A1": 17.512076622192932
            },
            "S1": {
                "A0": 17.095082057430744,
                "A1": 21.23937871017392
            }
        }
    },
    {
        "episode": 106,
        "current_state": "S1",
        "current_action": "A1",
        "td_delta": 0.8800781874442585,
        "q_table": {
            "S0": {
                "A0": 20.66219037800954,
                "A1": 17.512076622192932
            },
            "S1": {
                "A0": 17.095082057430744,
                "A1": 20.967580909508758
            }
        }
    },
    {
        "episode": 107,
        "current_state": "S0",
        "current_action": "A0",
        "td_delta": -1.4536314217101065,
        "q_table": {
            "S0": {
                "A0": 20.88490897678647,
                "A1": 17.512076622192932
            },
            "S1": {
                "A0": 17.095082057430744,
                "A1": 20.879036818052636
            }
        }
    },
    {
        "episode": 108,
        "current_state": "S0",
        "current_action": "A0",
        "td_delta": 0.36684462853151345,
        "q_table": {
            "S0": {
                "A0": 20.843616381544113,
                "A1": 17.512076622192932
            },
            "S1": {
                "A0": 17.095082057430744,
                "A1": 21.00399387802497
            }
        }
    },
    {
        "episode": 109,
        "current_state": "S0",
        "current_action": "A0",
        "td_delta": -1.7836790275319352,
        "q_table": {
            "S0": {
                "A0": 20.64431241256615,
                "A1": 17.512076622192932
            },
            "S1": {
                "A0": 17.095082057430744,
                "A1": 20.895117547783443
            }
        }
    },
    {
        "episode": 110,
        "current_state": "S0",
        "current_action": "A0",
        "td_delta": -0.07334941705605758,
        "q_table": {
            "S0": {
                "A0": 20.49579740375341,
                "A1": 17.512076622192932
            },
            "S1": {
                "A0": 17.095082057430744,
                "A1": 20.851099016003285
            }
        }
    },
    {
        "episode": 111,
        "current_state": "S1",
        "current_action": "A1",
        "td_delta": 0.40822495243314094,
        "q_table": {
            "S0": {
                "A0": 21.059995797974285,
                "A1": 17.512076622192932
            },
            "S1": {
                "A0": 17.095082057430744,
                "A1": 20.96439358091189
            }
        }
    },
    {
        "episode": 112,
        "current_state": "S1",
        "current_action": "A1",
        "td_delta": -1.7756925408955873,
        "q_table": {
            "S0": {
                "A0": 21.235358526753583,
                "A1": 17.512076622192932
            },
            "S1": {
                "A0": 17.095082057430744,
                "A1": 21.166874624884255
            }
        }
    },
    {
        "episode": 113,
        "current_state": "S1",
        "current_action": "A1",
        "td_delta": -0.6033604760360696,
        "q_table": {
            "S0": {
                "A0": 20.61507225829467,
                "A1": 17.512076622192932
            },
            "S1": {
                "A0": 17.095082057430744,
                "A1": 20.46293663275709
            }
        }
    },
    {
        "episode": 114,
        "current_state": "S0",
        "current_action": "A0",
        "td_delta": 1.1362039789509772,
        "q_table": {
            "S0": {
                "A0": 21.221743848385326,
                "A1": 17.512076622192932
            },
            "S1": {
                "A0": 17.095082057430744,
                "A1": 21.010993271308504
            }
        }
    },
    {
        "episode": 115,
        "current_state": "S1",
        "current_action": "A1",
        "td_delta": -0.021460382682029433,
        "q_table": {
            "S0": {
                "A0": 21.20218870046828,
                "A1": 17.512076622192932
            },
            "S1": {
                "A0": 17.095082057430744,
                "A1": 21.318132339835277
            }
        }
    },
    {
        "episode": 116,
        "current_state": "S0",
        "current_action": "A0",
        "td_delta": 0.8206333199091382,
        "q_table": {
            "S0": {
                "A0": 20.91597353289952,
                "A1": 17.512076622192932
            },
            "S1": {
                "A0": 17.095082057430744,
                "A1": 20.451712836183084
            }
        }
    },
    {
        "episode": 117,
        "current_state": "S0",
        "current_action": "A0",
        "td_delta": -0.4764528949289648,
        "q_table": {
            "S0": {
                "A0": 20.26371273746922,
                "A1": 17.512076622192932
            },
            "S1": {
                "A0": 17.095082057430744,
                "A1": 20.203435005592393
            }
        }
    },
    {
        "episode": 118,
        "current_state": "S1",
        "current_action": "A1",
        "td_delta": -1.2317670768707885,
        "q_table": {
            "S0": {
                "A0": 19.97084166512237,
                "A1": 17.512076622192932
            },
            "S1": {
                "A0": 17.095082057430744,
                "A1": 20.09706930079384
            }
        }
    },
    {
        "episode": 119,
        "current_state": "S1",
        "current_action": "A1",
        "td_delta": -0.23581520648889054,
        "q_table": {
            "S0": {
                "A0": 20.157136333496613,
                "A1": 17.512076622192932
            },
            "S1": {
                "A0": 17.095082057430744,
                "A1": 19.750058264240046
            }
        }
    },
    {
        "episode": 120,
        "current_state": "S0",
        "current_action": "A0",
        "td_delta": -1.062499158907464,
        "q_table": {
            "S0": {
                "A0": 20.021474201109985,
                "A1": 17.512076622192932
            },
            "S1": {
                "A0": 17.095082057430744,
                "A1": 20.077976964548075
            }
        }
    },
    {
        "episode": 121,
        "current_state": "S1",
        "current_action": "A1",
        "td_delta": 0.24812726042530642,
        "q_table": {
            "S0": {
                "A0": 19.772274845779798,
                "A1": 17.512076622192932
            },
            "S1": {
                "A0": 17.095082057430744,
                "A1": 19.44212023481904
            }
        }
    },
    {
        "episode": 122,
        "current_state": "S1",
        "current_action": "A1",
        "td_delta": -0.7317008514971164,
        "q_table": {
            "S0": {
                "A0": 20.249168198539188,
                "A1": 17.512076622192932
            },
            "S1": {
                "A0": 17.095082057430744,
                "A1": 20.038256793032673
            }
        }
    },
    {
        "episode": 123,
        "current_state": "S0",
        "current_action": "A0",
        "td_delta": -0.05921047848114469,
        "q_table": {
            "S0": {
                "A0": 20.37492595696331,
                "A1": 17.512076622192932
            },
            "S1": {
                "A0": 17.095082057430744,
                "A1": 20.984433499457264
            }
        }
    },
    {
        "episode": 124,
        "current_state": "S1",
        "current_action": "A1",
        "td_delta": -0.37158381816784214,
        "q_table": {
            "S0": {
                "A0": 20.802097166521285,
                "A1": 17.512076622192932
            },
            "S1": {
                "A0": 17.095082057430744,
                "A1": 20.806242812220216
            }
        }
    },
    {
        "episode": 125,
        "current_state": "S1",
        "current_action": "A1",
        "td_delta": 2.531628043417374,
        "q_table": {
            "S0": {
                "A0": 20.646604314296916,
                "A1": 17.512076622192932
            },
            "S1": {
                "A0": 17.095082057430744,
                "A1": 20.89869022279159
            }
        }
    },
    {
        "episode": 126,
        "current_state": "S0",
        "current_action": "A0",
        "td_delta": 0.8947484582915308,
        "q_table": {
            "S0": {
                "A0": 20.708006832913835,
                "A1": 17.512076622192932
            },
            "S1": {
                "A0": 17.095082057430744,
                "A1": 20.287809416762734
            }
        }
    },
    {
        "episode": 127,
        "current_state": "S0",
        "current_action": "A0",
        "td_delta": -0.4772123039623146,
        "q_table": {
            "S0": {
                "A0": 20.769248274061752,
                "A1": 17.512076622192932
            },
            "S1": {
                "A0": 17.095082057430744,
                "A1": 20.79993606721741
            }
        }
    },
    {
        "episode": 128,
        "current_state": "S0",
        "current_action": "A0",
        "td_delta": -0.507862782998771,
        "q_table": {
            "S0": {
                "A0": 20.858554465764367,
                "A1": 17.512076622192932
            },
            "S1": {
                "A0": 17.095082057430744,
                "A1": 20.784300748961634
            }
        }
    },
    {
        "episode": 129,
        "current_state": "S1",
        "current_action": "A1",
        "td_delta": -0.9528510354735893,
        "q_table": {
            "S0": {
                "A0": 20.3108304378772,
                "A1": 17.512076622192932
            },
            "S1": {
                "A0": 17.095082057430744,
                "A1": 20.229660011188546
            }
        }
    },
    {
        "episode": 130,
        "current_state": "S0",
        "current_action": "A0",
        "td_delta": 1.6547468400956866,
        "q_table": {
            "S0": {
                "A0": 20.5267735454079,
                "A1": 17.512076622192932
            },
            "S1": {
                "A0": 17.095082057430744,
                "A1": 20.32163250166002
            }
        }
    },
    {
        "episode": 131,
        "current_state": "S1",
        "current_action": "A1",
        "td_delta": 0.5166395071095842,
        "q_table": {
            "S0": {
                "A0": 20.59769313538719,
                "A1": 17.512076622192932
            },
            "S1": {
                "A0": 17.095082057430744,
                "A1": 20.593109769449846
            }
        }
    },
    {
        "episode": 132,
        "current_state": "S1",
        "current_action": "A1",
        "td_delta": 0.3767618787171827,
        "q_table": {
            "S0": {
                "A0": 20.504171316025253,
                "A1": 17.512076622192932
            },
            "S1": {
                "A0": 17.095082057430744,
                "A1": 20.240785609577262
            }
        }
    },
    {
        "episode": 133,
        "current_state": "S1",
        "current_action": "A1",
        "td_delta": -0.5213855512924255,
        "q_table": {
            "S0": {
                "A0": 19.871554630707916,
                "A1": 17.512076622192932
            },
            "S1": {
                "A0": 17.095082057430744,
                "A1": 19.83875633779501
            }
        }
    },
    {
        "episode": 134,
        "current_state": "S1",
        "current_action": "A1",
        "td_delta": 0.3953457482995404,
        "q_table": {
            "S0": {
                "A0": 19.68262247148848,
                "A1": 17.512076622192932
            },
            "S1": {
                "A0": 17.095082057430744,
                "A1": 19.362686360870047
            }
        }
    },
    {
        "episode": 135,
        "current_state": "S0",
        "current_action": "A0",
        "td_delta": -0.651774826839052,
        "q_table": {
            "S0": {
                "A0": 20.882177255143556,
                "A1": 17.512076622192932
            },
            "S1": {
                "A0": 17.095082057430744,
                "A1": 20.421645983320456
            }
        }
    },
    {
        "episode": 136,
        "current_state": "S1",
        "current_action": "A1",
        "td_delta": -0.7748138160162767,
        "q_table": {
            "S0": {
                "A0": 20.36753617816074,
                "A1": 17.512076622192932
            },
            "S1": {
                "A0": 17.095082057430744,
                "A1": 20.117127194759313
            }
        }
    },
    {
        "episode": 137,
        "current_state": "S0",
        "current_action": "A0",
        "td_delta": -0.21867132773505915,
        "q_table": {
            "S0": {
                "A0": 19.999085337182695,
                "A1": 17.512076622192932
            },
            "S1": {
                "A0": 17.095082057430744,
                "A1": 20.23424851802349
            }
        }
    },
    {
        "episode": 138,
        "current_state": "S1",
        "current_action": "A1",
        "td_delta": 0.7168178804458343,
        "q_table": {
            "S0": {
                "A0": 20.06306616682279,
                "A1": 17.512076622192932
            },
            "S1": {
                "A0": 17.095082057430744,
                "A1": 20.16329310473926
            }
        }
    },
    {
        "episode": 139,
        "current_state": "S1",
        "current_action": "A1",
        "td_delta": 0.036462184146795806,
        "q_table": {
            "S0": {
                "A0": 20.540012450979823,
                "A1": 17.512076622192932
            },
            "S1": {
                "A0": 17.095082057430744,
                "A1": 20.447641646946707
            }
        }
    },
    {
        "episode": 140,
        "current_state": "S1",
        "current_action": "A1",
        "td_delta": -0.7912759422842157,
        "q_table": {
            "S0": {
                "A0": 20.216723469329978,
                "A1": 17.512076622192932
            },
            "S1": {
                "A0": 17.095082057430744,
                "A1": 20.06079163861373
            }
        }
    },
    {
        "episode": 141,
        "current_state": "S0",
        "current_action": "A0",
        "td_delta": 0.6641587766772012,
        "q_table": {
            "S0": {
                "A0": 20.97176689588372,
                "A1": 17.512076622192932
            },
            "S1": {
                "A0": 17.095082057430744,
                "A1": 20.229779018770227
            }
        }
    },
    {
        "episode": 142,
        "current_state": "S0",
        "current_action": "A0",
        "td_delta": 0.41572994632564786,
        "q_table": {
            "S0": {
                "A0": 20.41445817768777,
                "A1": 17.512076622192932
            },
            "S1": {
                "A0": 17.095082057430744,
                "A1": 20.17492584931206
            }
        }
    },
    {
        "episode": 143,
        "current_state": "S0",
        "current_action": "A0",
        "td_delta": 0.264638512812283,
        "q_table": {
            "S0": {
                "A0": 19.945163124242615,
                "A1": 17.512076622192932
            },
            "S1": {
                "A0": 17.095082057430744,
                "A1": 19.93355801974852
            }
        }
    },
    {
        "episode": 144,
        "current_state": "S1",
        "current_action": "A1",
        "td_delta": -1.291615349563724,
        "q_table": {
            "S0": {
                "A0": 20.76041144723119,
                "A1": 17.512076622192932
            },
            "S1": {
                "A0": 17.095082057430744,
                "A1": 20.361476635115423
            }
        }
    },
    {
        "episode": 145,
        "current_state": "S0",
        "current_action": "A0",
        "td_delta": -0.3344464426519167,
        "q_table": {
            "S0": {
                "A0": 20.220302703594342,
                "A1": 17.512076622192932
            },
            "S1": {
                "A0": 17.095082057430744,
                "A1": 20.165044720230686
            }
        }
    },
    {
        "episode": 146,
        "current_state": "S0",
        "current_action": "A0",
        "td_delta": 1.8001267198290805,
        "q_table": {
            "S0": {
                "A0": 20.16438360369213,
                "A1": 17.512076622192932
            },
            "S1": {
                "A0": 17.095082057430744,
                "A1": 20.048846157289788
            }
        }
    },
    {
        "episode": 147,
        "current_state": "S1",
        "current_action": "A1",
        "td_delta": 0.11696656522107318,
        "q_table": {
            "S0": {
                "A0": 19.405313511936725,
                "A1": 17.512076622192932
            },
            "S1": {
                "A0": 17.095082057430744,
                "A1": 19.552428377044087
            }
        }
    },
    {
        "episode": 148,
        "current_state": "S0",
        "current_action": "A0",
        "td_delta": -0.24160748188893422,
        "q_table": {
            "S0": {
                "A0": 19.57838718558033,
                "A1": 17.512076622192932
            },
            "S1": {
                "A0": 17.095082057430744,
                "A1": 19.67741808208921
            }
        }
    },
    {
        "episode": 149,
        "current_state": "S1",
        "current_action": "A1",
        "td_delta": 1.0167345661271376,
        "q_table": {
            "S0": {
                "A0": 20.076432069691293,
                "A1": 17.512076622192932
            },
            "S1": {
                "A0": 17.095082057430744,
                "A1": 20.512885472207742
            }
        }
    },
    {
        "episode": 150,
        "current_state": "S0",
        "current_action": "A0",
        "td_delta": 0.011290720914370667,
        "q_table": {
            "S0": {
                "A0": 20.759257810315734,
                "A1": 17.512076622192932
            },
            "S1": {
                "A0": 17.095082057430744,
                "A1": 20.676876592376296
            }
        }
    },
    {
        "episode": 151,
        "current_state": "S1",
        "current_action": "A1",
        "td_delta": -0.5358165861226389,
        "q_table": {
            "S0": {
                "A0": 20.90375433864501,
                "A1": 17.512076622192932
            },
            "S1": {
                "A0": 17.095082057430744,
                "A1": 20.687205897290887
            }
        }
    },
    {
        "episode": 152,
        "current_state": "S1",
        "current_action": "A1",
        "td_delta": -0.4324285906935508,
        "q_table": {
            "S0": {
                "A0": 20.615674167405295,
                "A1": 17.512076622192932
            },
            "S1": {
                "A0": 17.095082057430744,
                "A1": 20.62280441728896
            }
        }
    },
    {
        "episode": 153,
        "current_state": "S0",
        "current_action": "A0",
        "td_delta": 0.5644700218527277,
        "q_table": {
            "S0": {
                "A0": 20.558392208436977,
                "A1": 17.512076622192932
            },
            "S1": {
                "A0": 17.095082057430744,
                "A1": 20.81103908567159
            }
        }
    },
    {
        "episode": 154,
        "current_state": "S1",
        "current_action": "A1",
        "td_delta": 0.2232021657883685,
        "q_table": {
            "S0": {
                "A0": 21.036107684335146,
                "A1": 17.512076622192932
            },
            "S1": {
                "A0": 17.095082057430744,
                "A1": 21.2496656186921
            }
        }
    },
    {
        "episode": 155,
        "current_state": "S1",
        "current_action": "A1",
        "td_delta": -0.5244875445420902,
        "q_table": {
            "S0": {
                "A0": 20.3414093089068,
                "A1": 17.512076622192932
            },
            "S1": {
                "A0": 17.095082057430744,
                "A1": 20.799948950966726
            }
        }
    },
    {
        "episode": 156,
        "current_state": "S1",
        "current_action": "A1",
        "td_delta": -0.8985837765800575,
        "q_table": {
            "S0": {
                "A0": 20.568901367457165,
                "A1": 17.512076622192932
            },
            "S1": {
                "A0": 17.095082057430744,
                "A1": 20.6778887956335
            }
        }
    },
    {
        "episode": 157,
        "current_state": "S0",
        "current_action": "A0",
        "td_delta": -0.6641489063587152,
        "q_table": {
            "S0": {
                "A0": 20.499080755875106,
                "A1": 17.512076622192932
            },
            "S1": {
                "A0": 17.095082057430744,
                "A1": 20.281516899058072
            }
        }
    },
    {
        "episode": 158,
        "current_state": "S1",
        "current_action": "A1",
        "td_delta": -0.11011843346251737,
        "q_table": {
            "S0": {
                "A0": 19.267556210766973,
                "A1": 17.512076622192932
            },
            "S1": {
                "A0": 17.095082057430744,
                "A1": 19.34637095780654
            }
        }
    },
    {
        "episode": 159,
        "current_state": "S1",
        "current_action": "A1",
        "td_delta": 0.9993375805899163,
        "q_table": {
            "S0": {
                "A0": 19.985001425362494,
                "A1": 17.512076622192932
            },
            "S1": {
                "A0": 17.095082057430744,
                "A1": 20.02164881229532
            }
        }
    },
    {
        "episode": 160,
        "current_state": "S1",
        "current_action": "A1",
        "td_delta": -1.7839843573889986,
        "q_table": {
            "S0": {
                "A0": 20.237198150861406,
                "A1": 17.512076622192932
            },
            "S1": {
                "A0": 17.095082057430744,
                "A1": 20.338646996425368
            }
        }
    },
    {
        "episode": 161,
        "current_state": "S0",
        "current_action": "A0",
        "td_delta": 0.10496189944057122,
        "q_table": {
            "S0": {
                "A0": 20.88020702143295,
                "A1": 17.512076622192932
            },
            "S1": {
                "A0": 17.095082057430744,
                "A1": 20.910317003254956
            }
        }
    },
    {
        "episode": 162,
        "current_state": "S0",
        "current_action": "A0",
        "td_delta": -0.250526727443134,
        "q_table": {
            "S0": {
                "A0": 20.917181461687058,
                "A1": 17.512076622192932
            },
            "S1": {
                "A0": 17.095082057430744,
                "A1": 20.985368521052234
            }
        }
    },
    {
        "episode": 163,
        "current_state": "S1",
        "current_action": "A1",
        "td_delta": -0.13108746610429733,
        "q_table": {
            "S0": {
                "A0": 21.157136082059598,
                "A1": 17.512076622192932
            },
            "S1": {
                "A0": 17.095082057430744,
                "A1": 21.388123353347506
            }
        }
    },
    {
        "episode": 164,
        "current_state": "S0",
        "current_action": "A0",
        "td_delta": 2.1768936067192186,
        "q_table": {
            "S0": {
                "A0": 21.244765732309666,
                "A1": 17.512076622192932
            },
            "S1": {
                "A0": 17.095082057430744,
                "A1": 20.95792341484107
            }
        }
    },
    {
        "episode": 165,
        "current_state": "S1",
        "current_action": "A1",
        "td_delta": -0.22778199441852465,
        "q_table": {
            "S0": {
                "A0": 19.99515171041924,
                "A1": 17.512076622192932
            },
            "S1": {
                "A0": 17.095082057430744,
                "A1": 20.482760394743416
            }
        }
    },
    {
        "episode": 166,
        "current_state": "S1",
        "current_action": "A1",
        "td_delta": -0.8170218352550975,
        "q_table": {
            "S0": {
                "A0": 20.214339547696213,
                "A1": 17.512076622192932
            },
            "S1": {
                "A0": 17.095082057430744,
                "A1": 19.91986482065618
            }
        }
    },
    {
        "episode": 167,
        "current_state": "S1",
        "current_action": "A1",
        "td_delta": 0.04276310856540988,
        "q_table": {
            "S0": {
                "A0": 20.472239554745872,
                "A1": 17.512076622192932
            },
            "S1": {
                "A0": 17.095082057430744,
                "A1": 20.279458070562416
            }
        }
    },
    {
        "episode": 168,
        "current_state": "S1",
        "current_action": "A1",
        "td_delta": 1.3851751963850916,
        "q_table": {
            "S0": {
                "A0": 20.127470247777588,
                "A1": 17.512076622192932
            },
            "S1": {
                "A0": 17.095082057430744,
                "A1": 20.338365805787596
            }
        }
    },
    {
        "episode": 169,
        "current_state": "S1",
        "current_action": "A1",
        "td_delta": 0.43200847326896863,
        "q_table": {
            "S0": {
                "A0": 19.493851522757428,
                "A1": 17.512076622192932
            },
            "S1": {
                "A0": 17.095082057430744,
                "A1": 19.654180824637216
            }
        }
    },
    {
        "episode": 170,
        "current_state": "S0",
        "current_action": "A0",
        "td_delta": -0.8161586282653133,
        "q_table": {
            "S0": {
                "A0": 19.01608734409973,
                "A1": 17.512076622192932
            },
            "S1": {
                "A0": 17.095082057430744,
                "A1": 19.20465897406772
            }
        }
    },
    {
        "episode": 171,
        "current_state": "S0",
        "current_action": "A0",
        "td_delta": -1.1975117483807836,
        "q_table": {
            "S0": {
                "A0": 19.404277568342195,
                "A1": 17.512076622192932
            },
            "S1": {
                "A0": 17.095082057430744,
                "A1": 19.34047049755499
            }
        }
    },
    {
        "episode": 172,
        "current_state": "S0",
        "current_action": "A0",
        "td_delta": 0.19987929800272042,
        "q_table": {
            "S0": {
                "A0": 19.561097875024302,
                "A1": 17.512076622192932
            },
            "S1": {
                "A0": 17.095082057430744,
                "A1": 19.50266092469639
            }
        }
    },
    {
        "episode": 173,
        "current_state": "S0",
        "current_action": "A0",
        "td_delta": 0.4314732884484158,
        "q_table": {
            "S0": {
                "A0": 19.601830463905277,
                "A1": 17.512076622192932
            },
            "S1": {
                "A0": 17.095082057430744,
                "A1": 19.856014206120946
            }
        }
    },
    {
        "episode": 174,
        "current_state": "S0",
        "current_action": "A0",
        "td_delta": -0.38846684748510185,
        "q_table": {
            "S0": {
                "A0": 20.211234410102545,
                "A1": 17.512076622192932
            },
            "S1": {
                "A0": 17.095082057430744,
                "A1": 20.11114112993382
            }
        }
    },
    {
        "episode": 175,
        "current_state": "S1",
        "current_action": "A1",
        "td_delta": 1.477918067127952,
        "q_table": {
            "S0": {
                "A0": 20.41834065600139,
                "A1": 17.512076622192932
            },
            "S1": {
                "A0": 17.095082057430744,
                "A1": 20.541957661986096
            }
        }
    },
    {
        "episode": 176,
        "current_state": "S1",
        "current_action": "A1",
        "td_delta": 0.112682616017171,
        "q_table": {
            "S0": {
                "A0": 20.499309799779976,
                "A1": 17.512076622192932
            },
            "S1": {
                "A0": 17.095082057430744,
                "A1": 20.215476516386524
            }
        }
    },
    {
        "episode": 177,
        "current_state": "S1",
        "current_action": "A1",
        "td_delta": -1.8837462739699404,
        "q_table": {
            "S0": {
                "A0": 20.110837258275858,
                "A1": 17.512076622192932
            },
            "S1": {
                "A0": 17.095082057430744,
                "A1": 20.040164991021218
            }
        }
    },
    {
        "episode": 178,
        "current_state": "S1",
        "current_action": "A1",
        "td_delta": 0.07437104882192358,
        "q_table": {
            "S0": {
                "A0": 20.893381042856113,
                "A1": 17.512076622192932
            },
            "S1": {
                "A0": 17.095082057430744,
                "A1": 20.617111756662965
            }
        }
    },
    {
        "episode": 179,
        "current_state": "S1",
        "current_action": "A1",
        "td_delta": -0.6806346411781057,
        "q_table": {
            "S0": {
                "A0": 20.276773431513817,
                "A1": 17.512076622192932
            },
            "S1": {
                "A0": 17.095082057430744,
                "A1": 20.64887486242273
            }
        }
    },
    {
        "episode": 180,
        "current_state": "S0",
        "current_action": "A0",
        "td_delta": -1.8699084293478556,
        "q_table": {
            "S0": {
                "A0": 20.312416067935562,
                "A1": 17.512076622192932
            },
            "S1": {
                "A0": 17.095082057430744,
                "A1": 20.524024900580546
            }
        }
    },
    {
        "episode": 181,
        "current_state": "S1",
        "current_action": "A1",
        "td_delta": 0.4747878420109899,
        "q_table": {
            "S0": {
                "A0": 20.02398409894561,
                "A1": 17.512076622192932
            },
            "S1": {
                "A0": 17.095082057430744,
                "A1": 19.9954457340912
            }
        }
    },
    {
        "episode": 182,
        "current_state": "S0",
        "current_action": "A0",
        "td_delta": -0.3144087125109216,
        "q_table": {
            "S0": {
                "A0": 20.568372702000282,
                "A1": 17.512076622192932
            },
            "S1": {
                "A0": 17.095082057430744,
                "A1": 20.415933131933837
            }
        }
    },
    {
        "episode": 183,
        "current_state": "S0",
        "current_action": "A0",
        "td_delta": 0.9463510448996075,
        "q_table": {
            "S0": {
                "A0": 20.692836355493917,
                "A1": 17.512076622192932
            },
            "S1": {
                "A0": 17.095082057430744,
                "A1": 20.816770242317666
            }
        }
    },
    {
        "episode": 184,
        "current_state": "S0",
        "current_action": "A0",
        "td_delta": -0.43472551258710723,
        "q_table": {
            "S0": {
                "A0": 20.950871370177627,
                "A1": 17.512076622192932
            },
            "S1": {
                "A0": 17.095082057430744,
                "A1": 20.807975325388032
            }
        }
    },
    {
        "episode": 185,
        "current_state": "S0",
        "current_action": "A0",
        "td_delta": 0.040964364692495536,
        "q_table": {
            "S0": {
                "A0": 20.313099169544312,
                "A1": 17.512076622192932
            },
            "S1": {
                "A0": 17.095082057430744,
                "A1": 20.3530975820477
            }
        }
    },
    {
        "episode": 186,
        "current_state": "S1",
        "current_action": "A1",
        "td_delta": 1.148682411776921,
        "q_table": {
            "S0": {
                "A0": 20.106631806431377,
                "A1": 17.512076622192932
            },
            "S1": {
                "A0": 17.095082057430744,
                "A1": 19.421977373408517
            }
        }
    },
    {
        "episode": 187,
        "current_state": "S0",
        "current_action": "A0",
        "td_delta": 0.42784132980584033,
        "q_table": {
            "S0": {
                "A0": 20.066294357104894,
                "A1": 17.512076622192932
            },
            "S1": {
                "A0": 17.095082057430744,
                "A1": 19.919041642144613
            }
        }
    },
    {
        "episode": 188,
        "current_state": "S0",
        "current_action": "A0",
        "td_delta": 0.05936082896980821,
        "q_table": {
            "S0": {
                "A0": 19.72749307839855,
                "A1": 17.512076622192932
            },
            "S1": {
                "A0": 17.095082057430744,
                "A1": 20.14723853052375
            }
        }
    },
    {
        "episode": 189,
        "current_state": "S0",
        "current_action": "A0",
        "td_delta": 0.6633380925869439,
        "q_table": {
            "S0": {
                "A0": 20.125777380244248,
                "A1": 17.512076622192932
            },
            "S1": {
                "A0": 17.095082057430744,
                "A1": 20.109954547302774
            }
        }
    },
    {
        "episode": 190,
        "current_state": "S0",
        "current_action": "A0",
        "td_delta": 1.378220273720796,
        "q_table": {
            "S0": {
                "A0": 20.6192886576667,
                "A1": 17.512076622192932
            },
            "S1": {
                "A0": 17.095082057430744,
                "A1": 20.40846528335046
            }
        }
    },
    {
        "episode": 191,
        "current_state": "S0",
        "current_action": "A0",
        "td_delta": 0.4568626933498159,
        "q_table": {
            "S0": {
                "A0": 19.95064775394569,
                "A1": 17.512076622192932
            },
            "S1": {
                "A0": 17.095082057430744,
                "A1": 19.994325556622805
            }
        }
    },
    {
        "episode": 192,
        "current_state": "S1",
        "current_action": "A1",
        "td_delta": -0.735999968209704,
        "q_table": {
            "S0": {
                "A0": 19.4318881323061,
                "A1": 17.512076622192932
            },
            "S1": {
                "A0": 17.095082057430744,
                "A1": 19.392958529464224
            }
        }
    },
    {
        "episode": 193,
        "current_state": "S1",
        "current_action": "A1",
        "td_delta": -0.2804683552204672,
        "q_table": {
            "S0": {
                "A0": 19.992035930201393,
                "A1": 17.512076622192932
            },
            "S1": {
                "A0": 17.095082057430744,
                "A1": 20.351223762879673
            }
        }
    },
    {
        "episode": 194,
        "current_state": "S1",
        "current_action": "A1",
        "td_delta": 0.2509968465301924,
        "q_table": {
            "S0": {
                "A0": 20.063373801442523,
                "A1": 17.512076622192932
            },
            "S1": {
                "A0": 17.095082057430744,
                "A1": 20.214775296421095
            }
        }
    },
    {
        "episode": 195,
        "current_state": "S1",
        "current_action": "A1",
        "td_delta": 0.24233395184035444,
        "q_table": {
            "S0": {
                "A0": 20.018086235017037,
                "A1": 17.512076622192932
            },
            "S1": {
                "A0": 17.095082057430744,
                "A1": 20.584944980859014
            }
        }
    },
    {
        "episode": 196,
        "current_state": "S1",
        "current_action": "A1",
        "td_delta": 0.24800334684501735,
        "q_table": {
            "S0": {
                "A0": 19.776400442672166,
                "A1": 17.512076622192932
            },
            "S1": {
                "A0": 17.095082057430744,
                "A1": 20.05116076623432
            }
        }
    },
    {
        "episode": 197,
        "current_state": "S0",
        "current_action": "A0",
        "td_delta": -0.2618454261008374,
        "q_table": {
            "S0": {
                "A0": 20.19892550839831,
                "A1": 17.512076622192932
            },
            "S1": {
                "A0": 17.095082057430744,
                "A1": 20.18076453814423
            }
        }
    },
    {
        "episode": 198,
        "current_state": "S0",
        "current_action": "A0",
        "td_delta": -0.4924442230242434,
        "q_table": {
            "S0": {
                "A0": 20.282652537940034,
                "A1": 17.512076622192932
            },
            "S1": {
                "A0": 17.095082057430744,
                "A1": 20.638636626344514
            }
        }
    },
    {
        "episode": 199,
        "current_state": "S1",
        "current_action": "A1",
        "td_delta": 0.056634023987939486,
        "q_table": {
            "S0": {
                "A0": 20.103766414460416,
                "A1": 17.512076622192932
            },
            "S1": {
                "A0": 17.095082057430744,
                "A1": 20.20482131251942
            }
        }
    }
]