[
    {
        "episode": 0,
        "current_state": "S1",
        "current_action": "A1",
        "td_delta": 1.7417197399964577,
        "q_table": {
            "S0": {
                "A0": 5.430067483027001,
                "A1": 3.7238708350547003
            },
            "S1": {
                "A0": 4.166012623198476,
                "A1": 5.368013454727489
            }
        }
    },
    {
        "episode": 1,
        "current_state": "S1",
        "current_action": "A0",
        "td_delta": 0.2024734805107382,
        "q_table": {
            "S0": {
                "A0": 9.063052751509902,
                "A1": 7.45100215815557
            },
            "S1": {
                "A0": 7.8583807118992475,
                "A1": 9.425851891527664
            }
        }
    },
    {
        "episode": 2,
        "current_state": "S0",
        "current_action": "A1",
        "td_delta": 2.8462429787108103,
        "q_table": {
            "S0": {
                "A0": 12.005719206682816,
                "A1": 10.854177967255806
            },
            "S1": {
                "A0": 9.742218976084501,
                "A1": 12.366737294550594
            }
        }
    },
    {
        "episode": 3,
        "current_state": "S0",
        "current_action": "A0",
        "td_delta": 0.8846116794794447,
        "q_table": {
            "S0": {
                "A0": 14.852961873153511,
                "A1": 12.853317638335657
            },
            "S1": {
                "A0": 12.964171879355813,
                "A1": 14.436577983883026
            }
        }
    },
    {
        "episode": 4,
        "current_state": "S1",
        "current_action": "A0",
        "td_delta": 1.4561664877099858,
        "q_table": {
            "S0": {
                "A0": 15.975082262665667,
                "A1": 14.535834920233771
            },
            "S1": {
                "A0": 14.528191809460115,
                "A1": 15.573295667394545
            }
        }
    },
    {
        "episode": 5,
        "current_state": "S0",
        "current_action": "A0",
        "td_delta": -0.39967803778875677,
        "q_table": {
            "S0": {
                "A0": 17.201433929622297,
                "A1": 15.597127283913869
            },
            "S1": {
                "A0": 15.437242016691041,
                "A1": 16.81411937845824
            }
        }
    },
    {
        "episode": 6,
        "current_state": "S0",
        "current_action": "A1",
        "td_delta": 2.4851812187845965,
        "q_table": {
            "S0": {
                "A0": 18.74778807417283,
                "A1": 16.60285962923048
            },
            "S1": {
                "A0": 17.24335630987319,
                "A1": 18.173224691262906
            }
        }
    },
    {
        "episode": 7,
        "current_state": "S1",
        "current_action": "A1",
        "td_delta": 0.4100664697697489,
        "q_table": {
            "S0": {
                "A0": 19.296523673704634,
                "A1": 17.721155613512522
            },
            "S1": {
                "A0": 17.7865090665805,
                "A1": 19.163448633541396
            }
        }
    },
    {
        "episode": 8,
        "current_state": "S0",
        "current_action": "A0",
        "td_delta": -1.0477371861527942,
        "q_table": {
            "S0": {
                "A0": 19.71282360732923,
                "A1": 18.2300673396447
            },
            "S1": {
                "A0": 18.530127179819047,
                "A1": 19.408024841990795
            }
        }
    },
    {
        "episode": 9,
        "current_state": "S1",
        "current_action": "A0",
        "td_delta": -0.6713688326631697,
        "q_table": {
            "S0": {
                "A0": 19.69181043558612,
                "A1": 18.474464946903513
            },
            "S1": {
                "A0": 18.84310490142436,
                "A1": 19.680667236073937
            }
        }
    },
    {
        "episode": 10,
        "current_state": "S1",
        "current_action": "A1",
        "td_delta": 0.1794533904197202,
        "q_table": {
            "S0": {
                "A0": 20.005966693101144,
                "A1": 18.474464946903513
            },
            "S1": {
                "A0": 18.84310490142436,
                "A1": 19.843861972413283
            }
        }
    },
    {
        "episode": 11,
        "current_state": "S1",
        "current_action": "A1",
        "td_delta": -0.38264125324743503,
        "q_table": {
            "S0": {
                "A0": 19.778842542532793,
                "A1": 18.474464946903513
            },
            "S1": {
                "A0": 18.84310490142436,
                "A1": 20.074668753202204
            }
        }
    },
    {
        "episode": 12,
        "current_state": "S1",
        "current_action": "A1",
        "td_delta": -2.077822946606709,
        "q_table": {
            "S0": {
                "A0": 19.921272424906483,
                "A1": 18.474464946903513
            },
            "S1": {
                "A0": 18.84310490142436,
                "A1": 19.964016608361874
            }
        }
    },
    {
        "episode": 13,
        "current_state": "S0",
        "current_action": "A0",
        "td_delta": 1.2231323122027682,
        "q_table": {
            "S0": {
                "A0": 20.535682569192602,
                "A1": 18.474464946903513
            },
            "S1": {
                "A0": 18.84310490142436,
                "A1": 20.49993420451318
            }
        }
    },
    {
        "episode": 14,
        "current_state": "S1",
        "current_action": "A1",
        "td_delta": -0.869152608421679,
        "q_table": {
            "S0": {
                "A0": 20.207482870166363,
                "A1": 18.474464946903513
            },
            "S1": {
                "A0": 18.84310490142436,
                "A1": 20.490172694729235
            }
        }
    },
    {
        "episode": 15,
        "current_state": "S1",
        "current_action": "A1",
        "td_delta": 0.13290755241585117,
        "q_table": {
            "S0": {
                "A0": 19.975958315461902,
                "A1": 17.81294520753448
            },
            "S1": {
                "A0": 18.84310490142436,
                "A1": 19.854199921083048
            }
        }
    },
    {
        "episode": 16,
        "current_state": "S0",
        "current_action": "A0",
        "td_delta": 0.34226888091129837,
        "q_table": {
            "S0": {
                "A0": 20.128248348978172,
                "A1": 17.81294520753448
            },
            "S1": {
                "A0": 18.84310490142436,
                "A1": 20.06314549415047
            }
        }
    },
    {
        "episode": 17,
        "current_state": "S1",
        "current_action": "A1",
        "td_delta": 0.5073305841604956,
        "q_table": {
            "S0": {
                "A0": 20.11775324837503,
                "A1": 17.81294520753448
            },
            "S1": {
                "A0": 18.84310490142436,
                "A1": 20.124062795793083
            }
        }
    },
    {
        "episode": 18,
        "current_state": "S1",
        "current_action": "A1",
        "td_delta": 0.004683302517413779,
        "q_table": {
            "S0": {
                "A0": 19.817983756284036,
                "A1": 17.81294520753448
            },
            "S1": {
                "A0": 18.84310490142436,
                "A1": 19.74024191538996
            }
        }
    },
    {
        "episode": 19,
        "current_state": "S0",
        "current_action": "A0",
        "td_delta": -0.9036443173583173,
        "q_table": {
            "S0": {
                "A0": 19.697088252272074,
                "A1": 17.81294520753448
            },
            "S1": {
                "A0": 18.84310490142436,
                "A1": 20.30553609627732
            }
        }
    },
    {
        "episode": 20,
        "current_state": "S1",
        "current_action": "A1",
        "td_delta": 0.15890806388251733,
        "q_table": {
            "S0": {
                "A0": 19.93692443919028,
                "A1": 17.81294520753448
            },
            "S1": {
                "A0": 18.84310490142436,
                "A1": 19.924932025776986
            }
        }
    },
    {
        "episode": 21,
        "current_state": "S1",
        "current_action": "A1",
        "td_delta": 0.4370456355797714,
        "q_table": {
            "S0": {
                "A0": 20.301859519878107,
                "A1": 17.81294520753448
            },
            "S1": {
                "A0": 18.84310490142436,
                "A1": 19.510151040868504
            }
        }
    },
    {
        "episode": 22,
        "current_state": "S0",
        "current_action": "A0",
        "td_delta": -1.5133375851299036,
        "q_table": {
            "S0": {
                "A0": 19.75817144278604,
                "A1": 17.81294520753448
            },
            "S1": {
                "A0": 18.84310490142436,
                "A1": 20.073238921700412
            }
        }
    },
    {
        "episode": 23,
        "current_state": "S1",
        "current_action": "A1",
        "td_delta": 1.3124101578628604,
        "q_table": {
            "S0": {
                "A0": 20.539771029054375,
                "A1": 17.81294520753448
            },
            "S1": {
                "A0": 18.84310490142436,
                "A1": 20.521796515072364
            }
        }
    },
    {
        "episode": 24,
        "current_state": "S0",
        "current_action": "A0",
        "td_delta": -0.4431156519107091,
        "q_table": {
            "S0": {
                "A0": 20.051143833916033,
                "A1": 17.81294520753448
            },
            "S1": {
                "A0": 18.84310490142436,
                "A1": 20.17556501805579
            }
        }
    },
    {
        "episode": 25,
        "current_state": "S1",
        "current_action": "A1",
        "td_delta": 0.39254418177437245,
        "q_table": {
            "S0": {
                "A0": 20.115378541884347,
                "A1": 17.81294520753448
            },
            "S1": {
                "A0": 18.84310490142436,
                "A1": 20.086950486098978
            }
        }
    },
    {
        "episode": 26,
        "current_state": "S1",
        "current_action": "A1",
        "td_delta": -0.8269404509447078,
        "q_table": {
            "S0": {
                "A0": 20.641920622253046,
                "A1": 17.81294520753448
            },
            "S1": {
                "A0": 18.84310490142436,
                "A1": 20.443510345877982
            }
        }
    },
    {
        "episode": 27,
        "current_state": "S1",
        "current_action": "A1",
        "td_delta": 0.032260901247671114,
        "q_table": {
            "S0": {
                "A0": 20.7263884013409,
                "A1": 17.81294520753448
            },
            "S1": {
                "A0": 18.84310490142436,
                "A1": 21.195864963083903
            }
        }
    },
    {
        "episode": 28,
        "current_state": "S1",
        "current_action": "A1",
        "td_delta": 1.0657192636349215,
        "q_table": {
            "S0": {
                "A0": 21.179138502452574,
                "A1": 17.81294520753448
            },
            "S1": {
                "A0": 18.84310490142436,
                "A1": 21.12470413093589
            }
        }
    },
    {
        "episode": 29,
        "current_state": "S1",
        "current_action": "A1",
        "td_delta": 1.0665155459862774,
        "q_table": {
            "S0": {
                "A0": 20.867453324582904,
                "A1": 17.81294520753448
            },
            "S1": {
                "A0": 18.84310490142436,
                "A1": 20.418579897736965
            }
        }
    },
    {
        "episode": 30,
        "current_state": "S0",
        "current_action": "A0",
        "td_delta": 0.007689841967792432,
        "q_table": {
            "S0": {
                "A0": 21.07613823689378,
                "A1": 17.81294520753448
            },
            "S1": {
                "A0": 18.84310490142436,
                "A1": 20.959334196294215
            }
        }
    },
    {
        "episode": 31,
        "current_state": "S0",
        "current_action": "A0",
        "td_delta": -0.004120204022612484,
        "q_table": {
            "S0": {
                "A0": 20.680728449879954,
                "A1": 17.81294520753448
            },
            "S1": {
                "A0": 18.84310490142436,
                "A1": 20.704178233621782
            }
        }
    },
    {
        "episode": 32,
        "current_state": "S1",
        "current_action": "A1",
        "td_delta": 5.166962102369485,
        "q_table": {
            "S0": {
                "A0": 20.166322920006227,
                "A1": 17.81294520753448
            },
            "S1": {
                "A0": 18.84310490142436,
                "A1": 21.230827092873067
            }
        }
    },
    {
        "episode": 33,
        "current_state": "S0",
        "current_action": "A0",
        "td_delta": -0.7293107487673431,
        "q_table": {
            "S0": {
                "A0": 20.80706766271306,
                "A1": 17.81294520753448
            },
            "S1": {
                "A0": 18.84310490142436,
                "A1": 20.995563109802724
            }
        }
    },
    {
        "episode": 34,
        "current_state": "S0",
        "current_action": "A0",
        "td_delta": -0.06886989798341148,
        "q_table": {
            "S0": {
                "A0": 19.943820970035777,
                "A1": 17.81294520753448
            },
            "S1": {
                "A0": 18.84310490142436,
                "A1": 20.365900705520303
            }
        }
    },
    {
        "episode": 35,
        "current_state": "S0",
        "current_action": "A0",
        "td_delta": 0.2384688528011516,
        "q_table": {
            "S0": {
                "A0": 20.071610742893785,
                "A1": 17.81294520753448
            },
            "S1": {
                "A0": 18.84310490142436,
                "A1": 20.452965171572025
            }
        }
    },
    {
        "episode": 36,
        "current_state": "S1",
        "current_action": "A1",
        "td_delta": -0.6212422775724846,
        "q_table": {
            "S0": {
                "A0": 20.4228538011841,
                "A1": 17.81294520753448
            },
            "S1": {
                "A0": 18.84310490142436,
                "A1": 20.453447677967596
            }
        }
    },
    {
        "episode": 37,
        "current_state": "S1",
        "current_action": "A1",
        "td_delta": -0.1674574907983839,
        "q_table": {
            "S0": {
                "A0": 20.87947649131991,
                "A1": 17.81294520753448
            },
            "S1": {
                "A0": 18.84310490142436,
                "A1": 20.532844488904004
            }
        }
    },
    {
        "episode": 38,
        "current_state": "S0",
        "current_action": "A0",
        "td_delta": 0.49438409102444325,
        "q_table": {
            "S0": {
                "A0": 20.71350908032987,
                "A1": 17.81294520753448
            },
            "S1": {
                "A0": 18.84310490142436,
                "A1": 20.3927341947243
            }
        }
    },
    {
        "episode": 39,
        "current_state": "S1",
        "current_action": "A1",
        "td_delta": -1.2585243372675592,
        "q_table": {
            "S0": {
                "A0": 20.68422903145697,
                "A1": 17.81294520753448
            },
            "S1": {
                "A0": 18.84310490142436,
                "A1": 20.257384237852076
            }
        }
    },
    {
        "episode": 40,
        "current_state": "S0",
        "current_action": "A0",
        "td_delta": 0.7088963232944536,
        "q_table": {
            "S0": {
                "A0": 20.384770085750727,
                "A1": 17.81294520753448
            },
            "S1": {
                "A0": 18.84310490142436,
                "A1": 20.526448866350812
            }
        }
    },
    {
        "episode": 41,
        "current_state": "S0",
        "current_action": "A0",
        "td_delta": -1.0825605948958348,
        "q_table": {
            "S0": {
                "A0": 19.733355839468775,
                "A1": 17.81294520753448
            },
            "S1": {
                "A0": 18.84310490142436,
                "A1": 19.46944965932106
            }
        }
    },
    {
        "episode": 42,
        "current_state": "S1",
        "current_action": "A1",
        "td_delta": -0.3257846285844188,
        "q_table": {
            "S0": {
                "A0": 20.220489876729026,
                "A1": 17.81294520753448
            },
            "S1": {
                "A0": 18.84310490142436,
                "A1": 19.9682618987821
            }
        }
    },
    {
        "episode": 43,
        "current_state": "S0",
        "current_action": "A0",
        "td_delta": 0.9034489058214916,
        "q_table": {
            "S0": {
                "A0": 20.974244837219768,
                "A1": 17.81294520753448
            },
            "S1": {
                "A0": 18.84310490142436,
                "A1": 20.90776954495457
            }
        }
    },
    {
        "episode": 44,
        "current_state": "S1",
        "current_action": "A1",
        "td_delta": -0.1684924638082812,
        "q_table": {
            "S0": {
                "A0": 21.171502469112166,
                "A1": 17.81294520753448
            },
            "S1": {
                "A0": 18.84310490142436,
                "A1": 21.195652895628402
            }
        }
    },
    {
        "episode": 45,
        "current_state": "S1",
        "current_action": "A1",
        "td_delta": -1.6259727146747807,
        "q_table": {
            "S0": {
                "A0": 20.770044720717866,
                "A1": 17.81294520753448
            },
            "S1": {
                "A0": 18.84310490142436,
                "A1": 20.666416515280336
            }
        }
    },
    {
        "episode": 46,
        "current_state": "S0",
        "current_action": "A0",
        "td_delta": 0.16782176986398767,
        "q_table": {
            "S0": {
                "A0": 20.61575253387071,
                "A1": 17.81294520753448
            },
            "S1": {
                "A0": 18.84310490142436,
                "A1": 20.389674939720333
            }
        }
    },
    {
        "episode": 47,
        "current_state": "S0",
        "current_action": "A0",
        "td_delta": -0.8627191371858167,
        "q_table": {
            "S0": {
                "A0": 20.593455967088374,
                "A1": 17.81294520753448
            },
            "S1": {
                "A0": 18.84310490142436,
                "A1": 20.361191968467935
            }
        }
    },
    {
        "episode": 48,
        "current_state": "S0",
        "current_action": "A0",
        "td_delta": 0.3428462161005825,
        "q_table": {
            "S0": {
                "A0": 20.628574791165153,
                "A1": 17.81294520753448
            },
            "S1": {
                "A0": 18.84310490142436,
                "A1": 20.54181126183964
            }
        }
    },
    {
        "episode": 49,
        "current_state": "S1",
        "current_action": "A1",
        "td_delta": -0.4824321163605454,
        "q_table": {
            "S0": {
                "A0": 21.009864492102,
                "A1": 17.81294520753448
            },
            "S1": {
                "A0": 18.84310490142436,
                "A1": 21.1586004119694
            }
        }
    },
    {
        "episode": 50,
        "current_state": "S1",
        "current_action": "A1",
        "td_delta": -1.2414540944827799,
        "q_table": {
            "S0": {
                "A0": 20.3400284705462,
                "A1": 17.81294520753448
            },
            "S1": {
                "A0": 18.84310490142436,
                "A1": 20.094778725526083
            }
        }
    },
    {
        "episode": 51,
        "current_state": "S0",
        "current_action": "A0",
        "td_delta": -0.9464090620306713,
        "q_table": {
            "S0": {
                "A0": 19.811601150009167,
                "A1": 17.81294520753448
            },
            "S1": {
                "A0": 18.84310490142436,
                "A1": 19.813669456868404
            }
        }
    },
    {
        "episode": 52,
        "current_state": "S0",
        "current_action": "A0",
        "td_delta": 0.07332043693999069,
        "q_table": {
            "S0": {
                "A0": 20.172182961354267,
                "A1": 17.81294520753448
            },
            "S1": {
                "A0": 18.84310490142436,
                "A1": 20.55235938844473
            }
        }
    },
    {
        "episode": 53,
        "current_state": "S1",
        "current_action": "A1",
        "td_delta": 0.7863691697967106,
        "q_table": {
            "S0": {
                "A0": 20.446638187749674,
                "A1": 17.81294520753448
            },
            "S1": {
                "A0": 18.84310490142436,
                "A1": 20.480491217157667
            }
        }
    },
    {
        "episode": 54,
        "current_state": "S1",
        "current_action": "A1",
        "td_delta": 0.3693329713988085,
        "q_table": {
            "S0": {
                "A0": 20.197796118892448,
                "A1": 17.81294520753448
            },
            "S1": {
                "A0": 18.84310490142436,
                "A1": 20.406222944744275
            }
        }
    },
    {
        "episode": 55,
        "current_state": "S0",
        "current_action": "A0",
        "td_delta": 0.5581302385347335,
        "q_table": {
            "S0": {
                "A0": 20.552397568506127,
                "A1": 17.81294520753448
            },
            "S1": {
                "A0": 18.84310490142436,
                "A1": 20.231730497193915
            }
        }
    },
    {
        "episode": 56,
        "current_state": "S1",
        "current_action": "A1",
        "td_delta": 1.4764874586031276,
        "q_table": {
            "S0": {
                "A0": 20.017100540231887,
                "A1": 17.81294520753448
            },
            "S1": {
                "A0": 18.84310490142436,
                "A1": 20.368517289829025
            }
        }
    },
    {
        "episode": 57,
        "current_state": "S1",
        "current_action": "A1",
        "td_delta": -1.3378532168935493,
        "q_table": {
            "S0": {
                "A0": 20.949433354219426,
                "A1": 17.81294520753448
            },
            "S1": {
                "A0": 18.84310490142436,
                "A1": 21.12239013200168
            }
        }
    },
    {
        "episode": 58,
        "current_state": "S0",
        "current_action": "A0",
        "td_delta": 0.14029771627907905,
        "q_table": {
            "S0": {
                "A0": 20.649923111497134,
                "A1": 17.81294520753448
            },
            "S1": {
                "A0": 18.84310490142436,
                "A1": 20.453777074609228
            }
        }
    },
    {
        "episode": 59,
        "current_state": "S0",
        "current_action": "A0",
        "td_delta": 0.5036011599577108,
        "q_table": {
            "S0": {
                "A0": 20.335680906075662,
                "A1": 17.81294520753448
            },
            "S1": {
                "A0": 18.84310490142436,
                "A1": 20.33921641893067
            }
        }
    },
    {
        "episode": 60,
        "current_state": "S0",
        "current_action": "A0",
        "td_delta": -0.4792495623764097,
        "q_table": {
            "S0": {
                "A0": 20.545781501720437,
                "A1": 17.81294520753448
            },
            "S1": {
                "A0": 18.84310490142436,
                "A1": 20.703325408424075
            }
        }
    },
    {
        "episode": 61,
        "current_state": "S0",
        "current_action": "A0",
        "td_delta": 0.5274327531892204,
        "q_table": {
            "S0": {
                "A0": 19.056375513426723,
                "A1": 17.81294520753448
            },
            "S1": {
                "A0": 18.84310490142436,
                "A1": 19.099565633445085
            }
        }
    },
    {
        "episode": 62,
        "current_state": "S1",
        "current_action": "A1",
        "td_delta": -0.9515898285374149,
        "q_table": {
            "S0": {
                "A0": 19.501553479716176,
                "A1": 17.81294520753448
            },
            "S1": {
                "A0": 18.73316886755638,
                "A1": 19.203498902520423
            }
        }
    },
    {
        "episode": 63,
        "current_state": "S1",
        "current_action": "A1",
        "td_delta": 0.8548256152878082,
        "q_table": {
            "S0": {
                "A0": 19.571770306753255,
                "A1": 17.81294520753448
            },
            "S1": {
                "A0": 18.73316886755638,
                "A1": 19.795244339318902
            }
        }
    },
    {
        "episode": 64,
        "current_state": "S0",
        "current_action": "A0",
        "td_delta": -0.41196087774826395,
        "q_table": {
            "S0": {
                "A0": 19.114080039140834,
                "A1": 17.81294520753448
            },
            "S1": {
                "A0": 18.053497224390643,
                "A1": 18.25212936796377
            }
        }
    },
    {
        "episode": 65,
        "current_state": "S1",
        "current_action": "A1",
        "td_delta": 0.11882954068332552,
        "q_table": {
            "S0": {
                "A0": 19.837601087714564,
                "A1": 17.81294520753448
            },
            "S1": {
                "A0": 18.053497224390643,
                "A1": 19.850433658328114
            }
        }
    },
    {
        "episode": 66,
        "current_state": "S1",
        "current_action": "A1",
        "td_delta": 0.1791554114531131,
        "q_table": {
            "S0": {
                "A0": 19.688035359367092,
                "A1": 17.81294520753448
            },
            "S1": {
                "A0": 18.053497224390643,
                "A1": 19.736435866614194
            }
        }
    },
    {
        "episode": 67,
        "current_state": "S1",
        "current_action": "A1",
        "td_delta": -0.8018741406114067,
        "q_table": {
            "S0": {
                "A0": 20.144048084685075,
                "A1": 17.81294520753448
            },
            "S1": {
                "A0": 18.053497224390643,
                "A1": 20.393108332766836
            }
        }
    },
    {
        "episode": 68,
        "current_state": "S0",
        "current_action": "A0",
        "td_delta": -0.6728388412371444,
        "q_table": {
            "S0": {
                "A0": 19.501545852635914,
                "A1": 17.81294520753448
            },
            "S1": {
                "A0": 18.053497224390643,
                "A1": 19.475703768358315
            }
        }
    },
    {
        "episode": 69,
        "current_state": "S1",
        "current_action": "A1",
        "td_delta": 0.5423876481423058,
        "q_table": {
            "S0": {
                "A0": 21.046421140143025,
                "A1": 17.81294520753448
            },
            "S1": {
                "A0": 18.053497224390643,
                "A1": 20.708544525800647
            }
        }
    },
    {
        "episode": 70,
        "current_state": "S0",
        "current_action": "A0",
        "td_delta": -0.2887084331369394,
        "q_table": {
            "S0": {
                "A0": 20.401941268055715,
                "A1": 17.81294520753448
            },
            "S1": {
                "A0": 18.053497224390643,
                "A1": 20.60241652438841
            }
        }
    },
    {
        "episode": 71,
        "current_state": "S1",
        "current_action": "A1",
        "td_delta": -2.183918885988213,
        "q_table": {
            "S0": {
                "A0": 19.742601819234196,
                "A1": 17.81294520753448
            },
            "S1": {
                "A0": 18.053497224390643,
                "A1": 19.05447629070017
            }
        }
    },
    {
        "episode": 72,
        "current_state": "S0",
        "current_action": "A0",
        "td_delta": 0.12087958245449215,
        "q_table": {
            "S0": {
                "A0": 19.91752128482624,
                "A1": 17.81294520753448
            },
            "S1": {
                "A0": 18.053497224390643,
                "A1": 20.045432710039204
            }
        }
    },
    {
        "episode": 73,
        "current_state": "S1",
        "current_action": "A1",
        "td_delta": -2.8710287893158757,
        "q_table": {
            "S0": {
                "A0": 20.320404618857264,
                "A1": 17.81294520753448
            },
            "S1": {
                "A0": 18.053497224390643,
                "A1": 20.03416029635583
            }
        }
    },
    {
        "episode": 74,
        "current_state": "S0",
        "current_action": "A0",
        "td_delta": -0.3902167185476202,
        "q_table": {
            "S0": {
                "A0": 19.810534793621457,
                "A1": 17.81294520753448
            },
            "S1": {
                "A0": 18.053497224390643,
                "A1": 20.002884349794197
            }
        }
    },
    {
        "episode": 75,
        "current_state": "S1",
        "current_action": "A1",
        "td_delta": -2.813807046651686,
        "q_table": {
            "S0": {
                "A0": 19.68941000288898,
                "A1": 17.81294520753448
            },
            "S1": {
                "A0": 18.053497224390643,
                "A1": 19.7809958695866
            }
        }
    },
    {
        "episode": 76,
        "current_state": "S1",
        "current_action": "A1",
        "td_delta": -1.9838289574631354,
        "q_table": {
            "S0": {
                "A0": 19.929026983546137,
                "A1": 17.81294520753448
            },
            "S1": {
                "A0": 18.053497224390643,
                "A1": 19.661645036908347
            }
        }
    },
    {
        "episode": 77,
        "current_state": "S0",
        "current_action": "A0",
        "td_delta": -1.6546292667795228,
        "q_table": {
            "S0": {
                "A0": 20.006561031117293,
                "A1": 17.81294520753448
            },
            "S1": {
                "A0": 18.053497224390643,
                "A1": 20.31375830537452
            }
        }
    },
    {
        "episode": 78,
        "current_state": "S0",
        "current_action": "A0",
        "td_delta": 0.14432537749810592,
        "q_table": {
            "S0": {
                "A0": 20.27934994000151,
                "A1": 17.81294520753448
            },
            "S1": {
                "A0": 18.053497224390643,
                "A1": 20.25797379861089
            }
        }
    },
    {
        "episode": 79,
        "current_state": "S1",
        "current_action": "A1",
        "td_delta": -0.9645124424285392,
        "q_table": {
            "S0": {
                "A0": 19.963622155488483,
                "A1": 17.81294520753448
            },
            "S1": {
                "A0": 18.053497224390643,
                "A1": 19.74018535004257
            }
        }
    },
    {
        "episode": 80,
        "current_state": "S1",
        "current_action": "A1",
        "td_delta": 0.9540188816052364,
        "q_table": {
            "S0": {
                "A0": 20.259028036043897,
                "A1": 17.81294520753448
            },
            "S1": {
                "A0": 18.053497224390643,
                "A1": 20.181826550994796
            }
        }
    },
    {
        "episode": 81,
        "current_state": "S0",
        "current_action": "A0",
        "td_delta": 2.1712268638805554,
        "q_table": {
            "S0": {
                "A0": 19.842919467582508,
                "A1": 17.81294520753448
            },
            "S1": {
                "A0": 18.053497224390643,
                "A1": 20.222204223520635
            }
        }
    },
    {
        "episode": 82,
        "current_state": "S0",
        "current_action": "A0",
        "td_delta": -0.7930140917752873,
        "q_table": {
            "S0": {
                "A0": 20.11214919762401,
                "A1": 17.81294520753448
            },
            "S1": {
                "A0": 18.053497224390643,
                "A1": 19.799142460029167
            }
        }
    },
    {
        "episode": 83,
        "current_state": "S1",
        "current_action": "A1",
        "td_delta": -0.27381276877751404,
        "q_table": {
            "S0": {
                "A0": 20.699089373182368,
                "A1": 17.81294520753448
            },
            "S1": {
                "A0": 18.053497224390643,
                "A1": 20.426940004763896
            }
        }
    },
    {
        "episode": 84,
        "current_state": "S0",
        "current_action": "A0",
        "td_delta": -0.41525974720888215,
        "q_table": {
            "S0": {
                "A0": 20.270357537606657,
                "A1": 17.81294520753448
            },
            "S1": {
                "A0": 18.053497224390643,
                "A1": 20.139595736798512
            }
        }
    },
    {
        "episode": 85,
        "current_state": "S1",
        "current_action": "A1",
        "td_delta": -1.0550413457615058,
        "q_table": {
            "S0": {
                "A0": 20.265849297413318,
                "A1": 17.81294520753448
            },
            "S1": {
                "A0": 18.053497224390643,
                "A1": 20.050764433857342
            }
        }
    },
    {
        "episode": 86,
        "current_state": "S0",
        "current_action": "A0",
        "td_delta": -0.9950631685993194,
        "q_table": {
            "S0": {
                "A0": 19.757440759133253,
                "A1": 17.81294520753448
            },
            "S1": {
                "A0": 18.053497224390643,
                "A1": 20.165816097619043
            }
        }
    },
    {
        "episode": 87,
        "current_state": "S0",
        "current_action": "A0",
        "td_delta": -1.1036136726345482,
        "q_table": {
            "S0": {
                "A0": 19.653318846287725,
                "A1": 17.81294520753448
            },
            "S1": {
                "A0": 18.053497224390643,
                "A1": 19.50117488435181
            }
        }
    },
    {
        "episode": 88,
        "current_state": "S1",
        "current_action": "A1",
        "td_delta": -4.071076186721026,
        "q_table": {
            "S0": {
                "A0": 20.006750633722312,
                "A1": 17.81294520753448
            },
            "S1": {
                "A0": 18.053497224390643,
                "A1": 19.782457661399004
            }
        }
    },
    {
        "episode": 89,
        "current_state": "S1",
        "current_action": "A1",
        "td_delta": -2.766084245311607,
        "q_table": {
            "S0": {
                "A0": 20.323850084858492,
                "A1": 17.81294520753448
            },
            "S1": {
                "A0": 18.053497224390643,
                "A1": 20.05261293515309
            }
        }
    },
    {
        "episode": 90,
        "current_state": "S1",
        "current_action": "A1",
        "td_delta": -0.37000532722161594,
        "q_table": {
            "S0": {
                "A0": 20.209933736613188,
                "A1": 17.81294520753448
            },
            "S1": {
                "A0": 18.053497224390643,
                "A1": 20.017687942451325
            }
        }
    },
    {
        "episode": 91,
        "current_state": "S1",
        "current_action": "A1",
        "td_delta": -0.059155082165222694,
        "q_table": {
            "S0": {
                "A0": 20.715035022486298,
                "A1": 17.81294520753448
            },
            "S1": {
                "A0": 18.053497224390643,
                "A1": 20.85814470818637
            }
        }
    },
    {
        "episode": 92,
        "current_state": "S0",
        "current_action": "A0",
        "td_delta": 0.19618483453072955,
        "q_table": {
            "S0": {
                "A0": 20.5457724524564,
                "A1": 17.81294520753448
            },
            "S1": {
                "A0": 18.053497224390643,
                "A1": 20.541209569482287
            }
        }
    },
    {
        "episode": 93,
        "current_state": "S0",
        "current_action": "A0",
        "td_delta": 0.9539476921542906,
        "q_table": {
            "S0": {
                "A0": 20.72664284083976,
                "A1": 17.81294520753448
            },
            "S1": {
                "A0": 18.053497224390643,
                "A1": 20.6025043675318
            }
        }
    },
    {
        "episode": 94,
        "current_state": "S1",
        "current_action": "A1",
        "td_delta": 1.341641096268031,
        "q_table": {
            "S0": {
                "A0": 19.75535343403269,
                "A1": 17.81294520753448
            },
            "S1": {
                "A0": 18.053497224390643,
                "A1": 20.23043404498819
            }
        }
    },
    {
        "episode": 95,
        "current_state": "S1",
        "current_action": "A1",
        "td_delta": 0.7064251854884667,
        "q_table": {
            "S0": {
                "A0": 20.087042095296155,
                "A1": 17.81294520753448
            },
            "S1": {
                "A0": 18.053497224390643,
                "A1": 20.633325788826923
            }
        }
    },
    {
        "episode": 96,
        "current_state": "S0",
        "current_action": "A0",
        "td_delta": -3.132179463240327,
        "q_table": {
            "S0": {
                "A0": 20.076783825985526,
                "A1": 17.81294520753448
            },
            "S1": {
                "A0": 18.053497224390643,
                "A1": 20.770446546743592
            }
        }
    },
    {
        "episode": 97,
        "current_state": "S1",
        "current_action": "A1",
        "td_delta": -0.3394995763086399,
        "q_table": {
            "S0": {
                "A0": 19.904385915792645,
                "A1": 17.81294520753448
            },
            "S1": {
                "A0": 18.053497224390643,
                "A1": 19.805412793891158
            }
        }
    },
    {
        "episode": 98,
        "current_state": "S0",
        "current_action": "A0",
        "td_delta": 0.1585420739206569,
        "q_table": {
            "S0": {
                "A0": 19.840979329355903,
                "A1": 17.81294520753448
            },
            "S1": {
                "A0": 18.053497224390643,
                "A1": 19.769516028760545
            }
        }
    },
    {
        "episode": 99,
        "current_state": "S1",
        "current_action": "A1",
        "td_delta": 1.4522320538128461,
        "q_table": {
            "S0": {
                "A0": 19.36993383379397,
                "A1": 17.81294520753448
            },
            "S1": {
                "A0": 18.053497224390643,
                "A1": 19.010166740983014
            }
        }
    },
    {
        "episode": 100,
        "current_state": "S1",
        "current_action": "A1",
        "td_delta": 0.3964360961393787,
        "q_table": {
            "S0": {
                "A0": 19.227885686210886,
                "A1": 17.81294520753448
            },
            "S1": {
                "A0": 18.053497224390643,
                "A1": 19.12690804306436
            }
        }
    },
    {
        "episode": 101,
        "current_state": "S0",
        "current_action": "A0",
        "td_delta": -0.6508794919281549,
        "q_table": {
            "S0": {
                "A0": 19.41199561008877,
                "A1": 17.81294520753448
            },
            "S1": {
                "A0": 18.053497224390643,
                "A1": 19.524498338693377
            }
        }
    },
    {
        "episode": 102,
        "current_state": "S1",
        "current_action": "A1",
        "td_delta": -0.4277280697274186,
        "q_table": {
            "S0": {
                "A0": 19.955904680245652,
                "A1": 17.81294520753448
            },
            "S1": {
                "A0": 18.053497224390643,
                "A1": 19.446338460301472
            }
        }
    },
    {
        "episode": 103,
        "current_state": "S0",
        "current_action": "A0",
        "td_delta": 0.1317329161028411,
        "q_table": {
            "S0": {
                "A0": 19.7247090928939,
                "A1": 17.81294520753448
            },
            "S1": {
                "A0": 18.053497224390643,
                "A1": 19.51851130487384
            }
        }
    },
    {
        "episode": 104,
        "current_state": "S1",
        "current_action": "A1",
        "td_delta": 0.9271266521897381,
        "q_table": {
            "S0": {
                "A0": 19.872937789497993,
                "A1": 17.81294520753448
            },
            "S1": {
                "A0": 18.053497224390643,
                "A1": 20.276222433321585
            }
        }
    },
    {
        "episode": 105,
        "current_state": "S1",
        "current_action": "A1",
        "td_delta": 0.9598459091226594,
        "q_table": {
            "S0": {
                "A0": 20.50862029977831,
                "A1": 17.81294520753448
            },
            "S1": {
                "A0": 18.053497224390643,
                "A1": 20.557807498590087
            }
        }
    },
    {
        "episode": 106,
        "current_state": "S1",
        "current_action": "A1",
        "td_delta": 0.6913364350387603,
        "q_table": {
            "S0": {
                "A0": 19.93912324356715,
                "A1": 17.81294520753448
            },
            "S1": {
                "A0": 18.053497224390643,
                "A1": 19.46778276167555
            }
        }
    },
    {
        "episode": 107,
        "current_state": "S1",
        "current_action": "A1",
        "td_delta": -0.008138753759368456,
        "q_table": {
            "S0": {
                "A0": 20.564727829367875,
                "A1": 17.81294520753448
            },
            "S1": {
                "A0": 18.053497224390643,
                "A1": 20.29284198881452
            }
        }
    },
    {
        "episode": 108,
        "current_state": "S0",
        "current_action": "A0",
        "td_delta": -0.43892380992629754,
        "q_table": {
            "S0": {
                "A0": 20.54109348827035,
                "A1": 17.81294520753448
            },
            "S1": {
                "A0": 18.053497224390643,
                "A1": 20.357614411901082
            }
        }
    },
    {
        "episode": 109,
        "current_state": "S0",
        "current_action": "A0",
        "td_delta": -0.04555116273240145,
        "q_table": {
            "S0": {
                "A0": 19.368631747396538,
                "A1": 17.81294520753448
            },
            "S1": {
                "A0": 18.053497224390643,
                "A1": 19.402169757708197
            }
        }
    },
    {
        "episode": 110,
        "current_state": "S1",
        "current_action": "A1",
        "td_delta": 0.592073030341993,
        "q_table": {
            "S0": {
                "A0": 18.8969251623247,
                "A1": 17.81294520753448
            },
            "S1": {
                "A0": 18.053497224390643,
                "A1": 19.140245429614303
            }
        }
    },
    {
        "episode": 111,
        "current_state": "S0",
        "current_action": "A0",
        "td_delta": -0.0342543572308891,
        "q_table": {
            "S0": {
                "A0": 19.281924506585817,
                "A1": 17.81294520753448
            },
            "S1": {
                "A0": 18.053497224390643,
                "A1": 19.074861315550002
            }
        }
    },
    {
        "episode": 112,
        "current_state": "S0",
        "current_action": "A0",
        "td_delta": 0.3798994302732197,
        "q_table": {
            "S0": {
                "A0": 19.492068790295118,
                "A1": 17.81294520753448
            },
            "S1": {
                "A0": 18.053497224390643,
                "A1": 19.432755136364797
            }
        }
    },
    {
        "episode": 113,
        "current_state": "S0",
        "current_action": "A0",
        "td_delta": -0.10327114975993368,
        "q_table": {
            "S0": {
                "A0": 20.262505992623336,
                "A1": 17.81294520753448
            },
            "S1": {
                "A0": 18.053497224390643,
                "A1": 19.829726083778915
            }
        }
    },
    {
        "episode": 114,
        "current_state": "S1",
        "current_action": "A1",
        "td_delta": 0.3550589747302233,
        "q_table": {
            "S0": {
                "A0": 19.80420893020684,
                "A1": 17.81294520753448
            },
            "S1": {
                "A0": 18.053497224390643,
                "A1": 19.62862228592896
            }
        }
    },
    {
        "episode": 115,
        "current_state": "S0",
        "current_action": "A0",
        "td_delta": -0.001118786295723595,
        "q_table": {
            "S0": {
                "A0": 20.496877544327656,
                "A1": 17.81294520753448
            },
            "S1": {
                "A0": 18.053497224390643,
                "A1": 20.40139921410561
            }
        }
    },
    {
        "episode": 116,
        "current_state": "S0",
        "current_action": "A0",
        "td_delta": -3.3081502906066476,
        "q_table": {
            "S0": {
                "A0": 20.255463544128407,
                "A1": 17.81294520753448
            },
            "S1": {
                "A0": 18.053497224390643,
                "A1": 20.42680184842492
            }
        }
    },
    {
        "episode": 117,
        "current_state": "S0",
        "current_action": "A0",
        "td_delta": -1.7115778488176865,
        "q_table": {
            "S0": {
                "A0": 19.815061913295107,
                "A1": 17.81294520753448
            },
            "S1": {
                "A0": 18.053497224390643,
                "A1": 19.489683283323117
            }
        }
    },
    {
        "episode": 118,
        "current_state": "S0",
        "current_action": "A0",
        "td_delta": 0.03815949583729861,
        "q_table": {
            "S0": {
                "A0": 19.30101332608534,
                "A1": 17.81294520753448
            },
            "S1": {
                "A0": 18.053497224390643,
                "A1": 19.363649629265453
            }
        }
    },
    {
        "episode": 119,
        "current_state": "S1",
        "current_action": "A1",
        "td_delta": 0.5257174858728888,
        "q_table": {
            "S0": {
                "A0": 19.948757723279204,
                "A1": 17.81294520753448
            },
            "S1": {
                "A0": 18.053497224390643,
                "A1": 19.750486992665685
            }
        }
    },
    {
        "episode": 120,
        "current_state": "S1",
        "current_action": "A1",
        "td_delta": 1.543970634836981,
        "q_table": {
            "S0": {
                "A0": 19.912961471980324,
                "A1": 17.81294520753448
            },
            "S1": {
                "A0": 18.053497224390643,
                "A1": 19.889956816429013
            }
        }
    },
    {
        "episode": 121,
        "current_state": "S0",
        "current_action": "A0",
        "td_delta": -0.3310064814760807,
        "q_table": {
            "S0": {
                "A0": 20.30472828618266,
                "A1": 17.81294520753448
            },
            "S1": {
                "A0": 18.053497224390643,
                "A1": 20.19295260317132
            }
        }
    },
    {
        "episode": 122,
        "current_state": "S0",
        "current_action": "A0",
        "td_delta": 1.0826825185978493,
        "q_table": {
            "S0": {
                "A0": 20.652842170306297,
                "A1": 17.81294520753448
            },
            "S1": {
                "A0": 18.053497224390643,
                "A1": 20.328897733382625
            }
        }
    },
    {
        "episode": 123,
        "current_state": "S1",
        "current_action": "A1",
        "td_delta": 5.673403262363454,
        "q_table": {
            "S0": {
                "A0": 20.642492464812605,
                "A1": 17.81294520753448
            },
            "S1": {
                "A0": 18.053497224390643,
                "A1": 21.203582639204235
            }
        }
    },
    {
        "episode": 124,
        "current_state": "S1",
        "current_action": "A1",
        "td_delta": -0.6201421815652708,
        "q_table": {
            "S0": {
                "A0": 20.454126401633992,
                "A1": 17.81294520753448
            },
            "S1": {
                "A0": 18.053497224390643,
                "A1": 20.36043458387934
            }
        }
    },
    {
        "episode": 125,
        "current_state": "S1",
        "current_action": "A1",
        "td_delta": 0.7224028921373673,
        "q_table": {
            "S0": {
                "A0": 19.74067875959013,
                "A1": 17.81294520753448
            },
            "S1": {
                "A0": 18.053497224390643,
                "A1": 19.874103821707486
            }
        }
    },
    {
        "episode": 126,
        "current_state": "S1",
        "current_action": "A1",
        "td_delta": 0.18485568945163777,
        "q_table": {
            "S0": {
                "A0": 19.873349021265984,
                "A1": 17.81294520753448
            },
            "S1": {
                "A0": 18.053497224390643,
                "A1": 19.83830993663291
            }
        }
    },
    {
        "episode": 127,
        "current_state": "S1",
        "current_action": "A1",
        "td_delta": -0.333102347907154,
        "q_table": {
            "S0": {
                "A0": 19.65421717512925,
                "A1": 17.81294520753448
            },
            "S1": {
                "A0": 18.053497224390643,
                "A1": 19.863367134732766
            }
        }
    },
    {
        "episode": 128,
        "current_state": "S1",
        "current_action": "A1",
        "td_delta": -1.0554394500764346,
        "q_table": {
            "S0": {
                "A0": 19.81259846051912,
                "A1": 17.81294520753448
            },
            "S1": {
                "A0": 18.053497224390643,
                "A1": 20.142210396535997
            }
        }
    },
    {
        "episode": 129,
        "current_state": "S1",
        "current_action": "A1",
        "td_delta": -0.46582439997117575,
        "q_table": {
            "S0": {
                "A0": 19.69169145564222,
                "A1": 17.81294520753448
            },
            "S1": {
                "A0": 18.053497224390643,
                "A1": 19.51283914805206
            }
        }
    },
    {
        "episode": 130,
        "current_state": "S0",
        "current_action": "A0",
        "td_delta": -0.5315084690150833,
        "q_table": {
            "S0": {
                "A0": 19.7161097207357,
                "A1": 17.81294520753448
            },
            "S1": {
                "A0": 18.053497224390643,
                "A1": 20.269977024024584
            }
        }
    },
    {
        "episode": 131,
        "current_state": "S1",
        "current_action": "A1",
        "td_delta": 0.4776908462752125,
        "q_table": {
            "S0": {
                "A0": 19.36270718588247,
                "A1": 17.81294520753448
            },
            "S1": {
                "A0": 18.053497224390643,
                "A1": 19.270342529646534
            }
        }
    },
    {
        "episode": 132,
        "current_state": "S0",
        "current_action": "A0",
        "td_delta": 0.324325844446534,
        "q_table": {
            "S0": {
                "A0": 19.770975738749705,
                "A1": 17.81294520753448
            },
            "S1": {
                "A0": 18.053497224390643,
                "A1": 19.868300133057318
            }
        }
    },
    {
        "episode": 133,
        "current_state": "S0",
        "current_action": "A0",
        "td_delta": -2.9584971076411044,
        "q_table": {
            "S0": {
                "A0": 19.526209482430925,
                "A1": 17.81294520753448
            },
            "S1": {
                "A0": 18.053497224390643,
                "A1": 19.890200739504365
            }
        }
    },
    {
        "episode": 134,
        "current_state": "S1",
        "current_action": "A1",
        "td_delta": -0.168674759449992,
        "q_table": {
            "S0": {
                "A0": 19.6674114003839,
                "A1": 17.81294520753448
            },
            "S1": {
                "A0": 18.053497224390643,
                "A1": 19.904706812850506
            }
        }
    },
    {
        "episode": 135,
        "current_state": "S1",
        "current_action": "A1",
        "td_delta": 0.30695199936983997,
        "q_table": {
            "S0": {
                "A0": 20.432912645753994,
                "A1": 17.81294520753448
            },
            "S1": {
                "A0": 18.053497224390643,
                "A1": 20.021436787745742
            }
        }
    },
    {
        "episode": 136,
        "current_state": "S1",
        "current_action": "A1",
        "td_delta": 0.7374991723677873,
        "q_table": {
            "S0": {
                "A0": 19.6179869080057,
                "A1": 17.81294520753448
            },
            "S1": {
                "A0": 18.053497224390643,
                "A1": 19.672947363074123
            }
        }
    },
    {
        "episode": 137,
        "current_state": "S0",
        "current_action": "A0",
        "td_delta": 0.3892822531054456,
        "q_table": {
            "S0": {
                "A0": 19.578736667419065,
                "A1": 17.81294520753448
            },
            "S1": {
                "A0": 18.053497224390643,
                "A1": 19.503355606904407
            }
        }
    },
    {
        "episode": 138,
        "current_state": "S1",
        "current_action": "A1",
        "td_delta": 0.992068739752451,
        "q_table": {
            "S0": {
                "A0": 19.845396578354325,
                "A1": 17.81294520753448
            },
            "S1": {
                "A0": 18.053497224390643,
                "A1": 19.583520026450742
            }
        }
    },
    {
        "episode": 139,
        "current_state": "S1",
        "current_action": "A1",
        "td_delta": 1.1318512293103709,
        "q_table": {
            "S0": {
                "A0": 19.76544512060812,
                "A1": 17.81294520753448
            },
            "S1": {
                "A0": 18.053497224390643,
                "A1": 19.440570699827333
            }
        }
    },
    {
        "episode": 140,
        "current_state": "S0",
        "current_action": "A0",
        "td_delta": 0.3179758390193612,
        "q_table": {
            "S0": {
                "A0": 19.27612593101582,
                "A1": 17.81294520753448
            },
            "S1": {
                "A0": 18.053497224390643,
                "A1": 19.306619907925825
            }
        }
    },
    {
        "episode": 141,
        "current_state": "S1",
        "current_action": "A1",
        "td_delta": 0.4818699947473597,
        "q_table": {
            "S0": {
                "A0": 19.453161225462203,
                "A1": 17.81294520753448
            },
            "S1": {
                "A0": 18.053497224390643,
                "A1": 19.643031622001132
            }
        }
    },
    {
        "episode": 142,
        "current_state": "S0",
        "current_action": "A0",
        "td_delta": 0.7685552191339866,
        "q_table": {
            "S0": {
                "A0": 20.238686910573573,
                "A1": 17.81294520753448
            },
            "S1": {
                "A0": 18.053497224390643,
                "A1": 19.93613752748044
            }
        }
    },
    {
        "episode": 143,
        "current_state": "S1",
        "current_action": "A1",
        "td_delta": -0.6628898743082701,
        "q_table": {
            "S0": {
                "A0": 19.73560421538175,
                "A1": 17.81294520753448
            },
            "S1": {
                "A0": 18.053497224390643,
                "A1": 20.152324335721016
            }
        }
    },
    {
        "episode": 144,
        "current_state": "S0",
        "current_action": "A0",
        "td_delta": 0.9429319350089465,
        "q_table": {
            "S0": {
                "A0": 20.28150308883361,
                "A1": 17.81294520753448
            },
            "S1": {
                "A0": 18.053497224390643,
                "A1": 20.282055982601843
            }
        }
    },
    {
        "episode": 145,
        "current_state": "S0",
        "current_action": "A0",
        "td_delta": 0.3956144367177181,
        "q_table": {
            "S0": {
                "A0": 19.859190347334813,
                "A1": 17.81294520753448
            },
            "S1": {
                "A0": 18.053497224390643,
                "A1": 19.923757341534174
            }
        }
    },
    {
        "episode": 146,
        "current_state": "S1",
        "current_action": "A1",
        "td_delta": 0.09788072331086184,
        "q_table": {
            "S0": {
                "A0": 19.350447156045814,
                "A1": 17.81294520753448
            },
            "S1": {
                "A0": 18.053497224390643,
                "A1": 19.45331958246146
            }
        }
    },
    {
        "episode": 147,
        "current_state": "S0",
        "current_action": "A0",
        "td_delta": 0.8507957883937891,
        "q_table": {
            "S0": {
                "A0": 20.61064634917097,
                "A1": 17.81294520753448
            },
            "S1": {
                "A0": 18.053497224390643,
                "A1": 20.4310798130282
            }
        }
    },
    {
        "episode": 148,
        "current_state": "S0",
        "current_action": "A0",
        "td_delta": 0.3489163153583128,
        "q_table": {
            "S0": {
                "A0": 20.492218740782995,
                "A1": 17.81294520753448
            },
            "S1": {
                "A0": 18.053497224390643,
                "A1": 20.190604532894973
            }
        }
    },
    {
        "episode": 149,
        "current_state": "S1",
        "current_action": "A1",
        "td_delta": 1.3643902292071282,
        "q_table": {
            "S0": {
                "A0": 20.520444510639393,
                "A1": 17.81294520753448
            },
            "S1": {
                "A0": 18.053497224390643,
                "A1": 20.701673768289037
            }
        }
    },
    {
        "episode": 150,
        "current_state": "S0",
        "current_action": "A0",
        "td_delta": -1.382804964227521,
        "q_table": {
            "S0": {
                "A0": 20.283156371897512,
                "A1": 17.81294520753448
            },
            "S1": {
                "A0": 18.053497224390643,
                "A1": 19.49755970454749
            }
        }
    },
    {
        "episode": 151,
        "current_state": "S1",
        "current_action": "A1",
        "td_delta": 1.7034532742069999,
        "q_table": {
            "S0": {
                "A0": 19.90356603977768,
                "A1": 17.81294520753448
            },
            "S1": {
                "A0": 18.053497224390643,
                "A1": 20.066922488013613
            }
        }
    },
    {
        "episode": 152,
        "current_state": "S0",
        "current_action": "A0",
        "td_delta": -0.14456396428684215,
        "q_table": {
            "S0": {
                "A0": 20.530887651009618,
                "A1": 17.81294520753448
            },
            "S1": {
                "A0": 18.053497224390643,
                "A1": 20.46340170905718
            }
        }
    },
    {
        "episode": 153,
        "current_state": "S0",
        "current_action": "A0",
        "td_delta": -0.4497922226067068,
        "q_table": {
            "S0": {
                "A0": 20.39386090380639,
                "A1": 17.81294520753448
            },
            "S1": {
                "A0": 18.053497224390643,
                "A1": 20.356526835754245
            }
        }
    },
    {
        "episode": 154,
        "current_state": "S0",
        "current_action": "A0",
        "td_delta": -1.787848074608739,
        "q_table": {
            "S0": {
                "A0": 20.649736049080335,
                "A1": 17.81294520753448
            },
            "S1": {
                "A0": 18.053497224390643,
                "A1": 20.689569548813857
            }
        }
    },
    {
        "episode": 155,
        "current_state": "S1",
        "current_action": "A1",
        "td_delta": 0.20070844702510726,
        "q_table": {
            "S0": {
                "A0": 20.400984676115264,
                "A1": 17.81294520753448
            },
            "S1": {
                "A0": 18.053497224390643,
                "A1": 20.082023775181142
            }
        }
    },
    {
        "episode": 156,
        "current_state": "S0",
        "current_action": "A0",
        "td_delta": -0.20878790997912589,
        "q_table": {
            "S0": {
                "A0": 20.10184248879336,
                "A1": 17.81294520753448
            },
            "S1": {
                "A0": 18.053497224390643,
                "A1": 20.256537375207404
            }
        }
    },
    {
        "episode": 157,
        "current_state": "S1",
        "current_action": "A1",
        "td_delta": -0.1993040064852849,
        "q_table": {
            "S0": {
                "A0": 19.733263141203473,
                "A1": 17.81294520753448
            },
            "S1": {
                "A0": 18.053497224390643,
                "A1": 20.132617314204317
            }
        }
    },
    {
        "episode": 158,
        "current_state": "S0",
        "current_action": "A0",
        "td_delta": -1.0687005325696681,
        "q_table": {
            "S0": {
                "A0": 20.088998704303936,
                "A1": 17.81294520753448
            },
            "S1": {
                "A0": 18.053497224390643,
                "A1": 19.74304970110137
            }
        }
    },
    {
        "episode": 159,
        "current_state": "S0",
        "current_action": "A0",
        "td_delta": -0.2945066589740257,
        "q_table": {
            "S0": {
                "A0": 20.30478404369682,
                "A1": 17.81294520753448
            },
            "S1": {
                "A0": 18.053497224390643,
                "A1": 20.10833422291133
            }
        }
    },
    {
        "episode": 160,
        "current_state": "S1",
        "current_action": "A1",
        "td_delta": -0.7932902430787081,
        "q_table": {
            "S0": {
                "A0": 20.438853256928628,
                "A1": 17.81294520753448
            },
            "S1": {
                "A0": 18.053497224390643,
                "A1": 20.3009959020066
            }
        }
    },
    {
        "episode": 161,
        "current_state": "S1",
        "current_action": "A1",
        "td_delta": 0.7936921889211952,
        "q_table": {
            "S0": {
                "A0": 20.725673108154908,
                "A1": 17.81294520753448
            },
            "S1": {
                "A0": 18.053497224390643,
                "A1": 20.74750176231034
            }
        }
    },
    {
        "episode": 162,
        "current_state": "S0",
        "current_action": "A0",
        "td_delta": -0.006208356912019042,
        "q_table": {
            "S0": {
                "A0": 19.918522990326554,
                "A1": 17.81294520753448
            },
            "S1": {
                "A0": 18.053497224390643,
                "A1": 20.09761577567304
            }
        }
    },
    {
        "episode": 163,
        "current_state": "S0",
        "current_action": "A0",
        "td_delta": 3.214928873873003,
        "q_table": {
            "S0": {
                "A0": 20.414065918657272,
                "A1": 17.81294520753448
            },
            "S1": {
                "A0": 18.053497224390643,
                "A1": 19.41491335599118
            }
        }
    },
    {
        "episode": 164,
        "current_state": "S0",
        "current_action": "A0",
        "td_delta": 0.5360692742619513,
        "q_table": {
            "S0": {
                "A0": 19.74472022389481,
                "A1": 17.81294520753448
            },
            "S1": {
                "A0": 18.053497224390643,
                "A1": 19.657893645256184
            }
        }
    },
    {
        "episode": 165,
        "current_state": "S1",
        "current_action": "A1",
        "td_delta": -0.2732101692171085,
        "q_table": {
            "S0": {
                "A0": 19.597144462130988,
                "A1": 17.81294520753448
            },
            "S1": {
                "A0": 18.053497224390643,
                "A1": 19.344022845249377
            }
        }
    },
    {
        "episode": 166,
        "current_state": "S1",
        "current_action": "A1",
        "td_delta": 0.10496297486641382,
        "q_table": {
            "S0": {
                "A0": 19.493578626432555,
                "A1": 17.81294520753448
            },
            "S1": {
                "A0": 18.053497224390643,
                "A1": 19.61792700840953
            }
        }
    },
    {
        "episode": 167,
        "current_state": "S0",
        "current_action": "A0",
        "td_delta": -0.6524777412173819,
        "q_table": {
            "S0": {
                "A0": 19.414947288052097,
                "A1": 17.81294520753448
            },
            "S1": {
                "A0": 18.053497224390643,
                "A1": 19.79474369642444
            }
        }
    },
    {
        "episode": 168,
        "current_state": "S0",
        "current_action": "A0",
        "td_delta": 0.6220053985563219,
        "q_table": {
            "S0": {
                "A0": 19.882080134292433,
                "A1": 17.81294520753448
            },
            "S1": {
                "A0": 18.053497224390643,
                "A1": 20.176584257897037
            }
        }
    },
    {
        "episode": 169,
        "current_state": "S1",
        "current_action": "A1",
        "td_delta": -0.2255628971553847,
        "q_table": {
            "S0": {
                "A0": 20.281843303853236,
                "A1": 17.81294520753448
            },
            "S1": {
                "A0": 18.053497224390643,
                "A1": 20.406297661838295
            }
        }
    },
    {
        "episode": 170,
        "current_state": "S1",
        "current_action": "A1",
        "td_delta": 0.35700298559093824,
        "q_table": {
            "S0": {
                "A0": 19.78234386328274,
                "A1": 17.81294520753448
            },
            "S1": {
                "A0": 18.053497224390643,
                "A1": 20.044880672649715
            }
        }
    },
    {
        "episode": 171,
        "current_state": "S1",
        "current_action": "A1",
        "td_delta": -0.6031767224290583,
        "q_table": {
            "S0": {
                "A0": 19.80914696609564,
                "A1": 17.81294520753448
            },
            "S1": {
                "A0": 18.053497224390643,
                "A1": 19.975831521672227
            }
        }
    },
    {
        "episode": 172,
        "current_state": "S1",
        "current_action": "A1",
        "td_delta": -0.21941867613790933,
        "q_table": {
            "S0": {
                "A0": 20.605984710860785,
                "A1": 17.81294520753448
            },
            "S1": {
                "A0": 18.053497224390643,
                "A1": 20.479881489298826
            }
        }
    },
    {
        "episode": 173,
        "current_state": "S0",
        "current_action": "A0",
        "td_delta": -0.03788064385076595,
        "q_table": {
            "S0": {
                "A0": 20.612082132808816,
                "A1": 17.81294520753448
            },
            "S1": {
                "A0": 18.053497224390643,
                "A1": 20.845234863714587
            }
        }
    },
    {
        "episode": 174,
        "current_state": "S0",
        "current_action": "A0",
        "td_delta": 0.36159249119252124,
        "q_table": {
            "S0": {
                "A0": 20.850553302524787,
                "A1": 17.81294520753448
            },
            "S1": {
                "A0": 18.053497224390643,
                "A1": 21.090938837331173
            }
        }
    },
    {
        "episode": 175,
        "current_state": "S0",
        "current_action": "A0",
        "td_delta": 0.565211224044976,
        "q_table": {
            "S0": {
                "A0": 20.965158447754003,
                "A1": 17.81294520753448
            },
            "S1": {
                "A0": 18.053497224390643,
                "A1": 21.013249472660537
            }
        }
    },
    {
        "episode": 176,
        "current_state": "S1",
        "current_action": "A1",
        "td_delta": 1.2568565382144925,
        "q_table": {
            "S0": {
                "A0": 20.19422245200118,
                "A1": 17.81294520753448
            },
            "S1": {
                "A0": 18.053497224390643,
                "A1": 20.154922861408018
            }
        }
    },
    {
        "episode": 177,
        "current_state": "S0",
        "current_action": "A0",
        "td_delta": -0.4972161155651271,
        "q_table": {
            "S0": {
                "A0": 20.199572664094756,
                "A1": 17.81294520753448
            },
            "S1": {
                "A0": 18.053497224390643,
                "A1": 20.507653763274547
            }
        }
    },
    {
        "episode": 178,
        "current_state": "S0",
        "current_action": "A0",
        "td_delta": -0.10040688614362736,
        "q_table": {
            "S0": {
                "A0": 20.52546649282189,
                "A1": 17.81294520753448
            },
            "S1": {
                "A0": 18.053497224390643,
                "A1": 20.274801690151754
            }
        }
    },
    {
        "episode": 179,
        "current_state": "S1",
        "current_action": "A1",
        "td_delta": 0.4636179457984113,
        "q_table": {
            "S0": {
                "A0": 20.313340715498967,
                "A1": 17.81294520753448
            },
            "S1": {
                "A0": 18.053497224390643,
                "A1": 20.6762564157305
            }
        }
    },
    {
        "episode": 180,
        "current_state": "S0",
        "current_action": "A0",
        "td_delta": -0.42108094591621636,
        "q_table": {
            "S0": {
                "A0": 20.323390801912605,
                "A1": 17.81294520753448
            },
            "S1": {
                "A0": 18.053497224390643,
                "A1": 20.53106944287557
            }
        }
    },
    {
        "episode": 181,
        "current_state": "S0",
        "current_action": "A0",
        "td_delta": 0.2655226548245402,
        "q_table": {
            "S0": {
                "A0": 19.78375703996852,
                "A1": 17.81294520753448
            },
            "S1": {
                "A0": 18.053497224390643,
                "A1": 20.319670510345116
            }
        }
    },
    {
        "episode": 182,
        "current_state": "S0",
        "current_action": "A0",
        "td_delta": 0.545392167233949,
        "q_table": {
            "S0": {
                "A0": 19.57262011879325,
                "A1": 17.81294520753448
            },
            "S1": {
                "A0": 18.053497224390643,
                "A1": 19.497760977004226
            }
        }
    },
    {
        "episode": 183,
        "current_state": "S1",
        "current_action": "A1",
        "td_delta": -0.024188167209906908,
        "q_table": {
            "S0": {
                "A0": 19.895527546738357,
                "A1": 17.81294520753448
            },
            "S1": {
                "A0": 18.053497224390643,
                "A1": 20.03785994655344
            }
        }
    },
    {
        "episode": 184,
        "current_state": "S1",
        "current_action": "A1",
        "td_delta": -0.049750148375412806,
        "q_table": {
            "S0": {
                "A0": 20.966902931868333,
                "A1": 17.81294520753448
            },
            "S1": {
                "A0": 18.053497224390643,
                "A1": 20.723803721219372
            }
        }
    },
    {
        "episode": 185,
        "current_state": "S1",
        "current_action": "A1",
        "td_delta": 0.8714437490126627,
        "q_table": {
            "S0": {
                "A0": 20.694395595758696,
                "A1": 17.81294520753448
            },
            "S1": {
                "A0": 18.053497224390643,
                "A1": 20.43979616607143
            }
        }
    },
    {
        "episode": 186,
        "current_state": "S1",
        "current_action": "A1",
        "td_delta": -1.6688704380470938,
        "q_table": {
            "S0": {
                "A0": 21.25832420128881,
                "A1": 17.81294520753448
            },
            "S1": {
                "A0": 18.053497224390643,
                "A1": 20.931752868402317
            }
        }
    },
    {
        "episode": 187,
        "current_state": "S1",
        "current_action": "A1",
        "td_delta": -0.1740807467339991,
        "q_table": {
            "S0": {
                "A0": 20.589149928116793,
                "A1": 17.81294520753448
            },
            "S1": {
                "A0": 18.053497224390643,
                "A1": 21.193363056365712
            }
        }
    },
    {
        "episode": 188,
        "current_state": "S0",
        "current_action": "A0",
        "td_delta": 0.4815732741116143,
        "q_table": {
            "S0": {
                "A0": 19.72224662139676,
                "A1": 17.81294520753448
            },
            "S1": {
                "A0": 18.053497224390643,
                "A1": 20.047328984552458
            }
        }
    },
    {
        "episode": 189,
        "current_state": "S1",
        "current_action": "A1",
        "td_delta": 1.0198116547237746,
        "q_table": {
            "S0": {
                "A0": 20.413821215017638,
                "A1": 17.81294520753448
            },
            "S1": {
                "A0": 18.053497224390643,
                "A1": 20.275457058234664
            }
        }
    },
    {
        "episode": 190,
        "current_state": "S1",
        "current_action": "A1",
        "td_delta": -1.967992831437833,
        "q_table": {
            "S0": {
                "A0": 20.744167579632705,
                "A1": 17.81294520753448
            },
            "S1": {
                "A0": 18.053497224390643,
                "A1": 20.605775143963484
            }
        }
    },
    {
        "episode": 191,
        "current_state": "S0",
        "current_action": "A0",
        "td_delta": 0.692003568789648,
        "q_table": {
            "S0": {
                "A0": 20.16748498696094,
                "A1": 17.81294520753448
            },
            "S1": {
                "A0": 18.053497224390643,
                "A1": 19.96673014652402
            }
        }
    },
    {
        "episode": 192,
        "current_state": "S0",
        "current_action": "A0",
        "td_delta": -0.06500771497757185,
        "q_table": {
            "S0": {
                "A0": 19.918923838954235,
                "A1": 17.81294520753448
            },
            "S1": {
                "A0": 18.053497224390643,
                "A1": 19.923039594971577
            }
        }
    },
    {
        "episode": 193,
        "current_state": "S0",
        "current_action": "A0",
        "td_delta": -0.9534294618699661,
        "q_table": {
            "S0": {
                "A0": 20.399148916165558,
                "A1": 17.81294520753448
            },
            "S1": {
                "A0": 18.053497224390643,
                "A1": 20.643528831647316
            }
        }
    },
    {
        "episode": 194,
        "current_state": "S1",
        "current_action": "A1",
        "td_delta": 0.33168207006765016,
        "q_table": {
            "S0": {
                "A0": 20.773753593758233,
                "A1": 17.81294520753448
            },
            "S1": {
                "A0": 18.053497224390643,
                "A1": 20.190210761321524
            }
        }
    },
    {
        "episode": 195,
        "current_state": "S1",
        "current_action": "A1",
        "td_delta": 0.350872667777292,
        "q_table": {
            "S0": {
                "A0": 20.344205429356794,
                "A1": 17.81294520753448
            },
            "S1": {
                "A0": 18.053497224390643,
                "A1": 19.856794649004836
            }
        }
    },
    {
        "episode": 196,
        "current_state": "S1",
        "current_action": "A1",
        "td_delta": 1.1412412563725347,
        "q_table": {
            "S0": {
                "A0": 21.10811762507995,
                "A1": 17.81294520753448
            },
            "S1": {
                "A0": 18.053497224390643,
                "A1": 20.939656454836676
            }
        }
    },
    {
        "episode": 197,
        "current_state": "S0",
        "current_action": "A0",
        "td_delta": -0.9279934903915361,
        "q_table": {
            "S0": {
                "A0": 20.997996482322158,
                "A1": 17.81294520753448
            },
            "S1": {
                "A0": 18.053497224390643,
                "A1": 21.295048387744195
            }
        }
    },
    {
        "episode": 198,
        "current_state": "S1",
        "current_action": "A1",
        "td_delta": -0.6065290473710512,
        "q_table": {
            "S0": {
                "A0": 20.250815082144427,
                "A1": 17.81294520753448
            },
            "S1": {
                "A0": 18.053497224390643,
                "A1": 20.3616687589734
            }
        }
    },
    {
        "episode": 199,
        "current_state": "S1",
        "current_action": "A1",
        "td_delta": -0.22753491651490876,
        "q_table": {
            "S0": {
                "A0": 20.141791913464672,
                "A1": 17.81294520753448
            },
            "S1": {
                "A0": 18.053497224390643,
                "A1": 19.86929387349761
            }
        }
    }
]