[
    {
        "episode": 0,
        "current_state": "S0",
        "current_action": "A0",
        "td_delta": 2.4926240097900028,
        "q_table": {
            "S0": {
                "A0": 4.710858376339473,
                "A1": 3.9896183540060837
            },
            "S1": {
                "A0": 4.153707748938915,
                "A1": 4.863928267944973
            }
        }
    },
    {
        "episode": 1,
        "current_state": "S1",
        "current_action": "A0",
        "td_delta": 0.9199300601146634,
        "q_table": {
            "S0": {
                "A0": 8.38788398838348,
                "A1": 7.060715868436124
            },
            "S1": {
                "A0": 6.885224497441936,
                "A1": 8.57682952074275
            }
        }
    },
    {
        "episode": 2,
        "current_state": "S0",
        "current_action": "A0",
        "td_delta": 0.6940463916755721,
        "q_table": {
            "S0": {
                "A0": 11.941388122411839,
                "A1": 9.830667735765854
            },
            "S1": {
                "A0": 9.528960435623702,
                "A1": 12.052725131180594
            }
        }
    },
    {
        "episode": 3,
        "current_state": "S1",
        "current_action": "A1",
        "td_delta": 0.032913789402726934,
        "q_table": {
            "S0": {
                "A0": 13.927044962732761,
                "A1": 12.50844120245517
            },
            "S1": {
                "A0": 12.414811927168877,
                "A1": 14.174302611997032
            }
        }
    },
    {
        "episode": 4,
        "current_state": "S1",
        "current_action": "A1",
        "td_delta": 1.4319964091555004,
        "q_table": {
            "S0": {
                "A0": 15.378893340888903,
                "A1": 13.892033378290286
            },
            "S1": {
                "A0": 13.427788505964136,
                "A1": 15.858579389360525
            }
        }
    },
    {
        "episode": 5,
        "current_state": "S1",
        "current_action": "A1",
        "td_delta": -0.01867229921674962,
        "q_table": {
            "S0": {
                "A0": 17.099581274403825,
                "A1": 15.280506525726201
            },
            "S1": {
                "A0": 15.063207382492568,
                "A1": 17.268679281258517
            }
        }
    },
    {
        "episode": 6,
        "current_state": "S1",
        "current_action": "A1",
        "td_delta": 1.5653940042231973,
        "q_table": {
            "S0": {
                "A0": 18.723830488302,
                "A1": 16.077675621008797
            },
            "S1": {
                "A0": 16.678981639015962,
                "A1": 18.525082618670922
            }
        }
    },
    {
        "episode": 7,
        "current_state": "S1",
        "current_action": "A0",
        "td_delta": 0.6884117210033089,
        "q_table": {
            "S0": {
                "A0": 19.195483051016623,
                "A1": 17.78313474631973
            },
            "S1": {
                "A0": 18.037891373011984,
                "A1": 19.236584091123472
            }
        }
    },
    {
        "episode": 8,
        "current_state": "S1",
        "current_action": "A1",
        "td_delta": 0.13052961743240488,
        "q_table": {
            "S0": {
                "A0": 19.185297572986265,
                "A1": 18.393931197791275
            },
            "S1": {
                "A0": 17.803815538126997,
                "A1": 19.337097127419224
            }
        }
    },
    {
        "episode": 9,
        "current_state": "S0",
        "current_action": "A0",
        "td_delta": 0.6309620344647477,
        "q_table": {
            "S0": {
                "A0": 19.322296158799006,
                "A1": 18.3444879315821
            },
            "S1": {
                "A0": 17.158342517867208,
                "A1": 19.469094830202827
            }
        }
    },
    {
        "episode": 10,
        "current_state": "S1",
        "current_action": "A1",
        "td_delta": 1.0354043230485885,
        "q_table": {
            "S0": {
                "A0": 19.71201467615599,
                "A1": 18.3444879315821
            },
            "S1": {
                "A0": 17.158342517867208,
                "A1": 19.956810791818953
            }
        }
    },
    {
        "episode": 11,
        "current_state": "S0",
        "current_action": "A0",
        "td_delta": -0.285853671572287,
        "q_table": {
            "S0": {
                "A0": 19.55781223774961,
                "A1": 18.3444879315821
            },
            "S1": {
                "A0": 17.158342517867208,
                "A1": 19.513541284816167
            }
        }
    },
    {
        "episode": 12,
        "current_state": "S0",
        "current_action": "A0",
        "td_delta": 0.8012905294888633,
        "q_table": {
            "S0": {
                "A0": 19.58069949806026,
                "A1": 18.3444879315821
            },
            "S1": {
                "A0": 17.158342517867208,
                "A1": 19.628125098505993
            }
        }
    },
    {
        "episode": 13,
        "current_state": "S0",
        "current_action": "A0",
        "td_delta": -0.08267638626229612,
        "q_table": {
            "S0": {
                "A0": 19.837347594234647,
                "A1": 18.3444879315821
            },
            "S1": {
                "A0": 17.158342517867208,
                "A1": 20.114817287331753
            }
        }
    },
    {
        "episode": 14,
        "current_state": "S0",
        "current_action": "A0",
        "td_delta": 0.12829653299184685,
        "q_table": {
            "S0": {
                "A0": 20.179462853380727,
                "A1": 18.3444879315821
            },
            "S1": {
                "A0": 17.158342517867208,
                "A1": 20.26119285225655
            }
        }
    },
    {
        "episode": 15,
        "current_state": "S1",
        "current_action": "A1",
        "td_delta": 0.5785228150968535,
        "q_table": {
            "S0": {
                "A0": 19.380981792125556,
                "A1": 18.3444879315821
            },
            "S1": {
                "A0": 17.158342517867208,
                "A1": 19.856558610541164
            }
        }
    },
    {
        "episode": 16,
        "current_state": "S0",
        "current_action": "A0",
        "td_delta": -0.07780414587340445,
        "q_table": {
            "S0": {
                "A0": 20.260751958717933,
                "A1": 18.3444879315821
            },
            "S1": {
                "A0": 17.158342517867208,
                "A1": 20.483064300479857
            }
        }
    },
    {
        "episode": 17,
        "current_state": "S0",
        "current_action": "A0",
        "td_delta": -0.3095529226433271,
        "q_table": {
            "S0": {
                "A0": 20.24297516416892,
                "A1": 18.3444879315821
            },
            "S1": {
                "A0": 17.158342517867208,
                "A1": 20.505869623224914
            }
        }
    },
    {
        "episode": 18,
        "current_state": "S1",
        "current_action": "A1",
        "td_delta": -0.37959180223446864,
        "q_table": {
            "S0": {
                "A0": 20.23744417751504,
                "A1": 18.3444879315821
            },
            "S1": {
                "A0": 17.158342517867208,
                "A1": 19.863821644774557
            }
        }
    },
    {
        "episode": 19,
        "current_state": "S1",
        "current_action": "A1",
        "td_delta": 0.619977220317363,
        "q_table": {
            "S0": {
                "A0": 20.084161689431735,
                "A1": 18.3444879315821
            },
            "S1": {
                "A0": 17.158342517867208,
                "A1": 20.240848143202935
            }
        }
    },
    {
        "episode": 20,
        "current_state": "S1",
        "current_action": "A1",
        "td_delta": 0.331884329506952,
        "q_table": {
            "S0": {
                "A0": 20.187678292988473,
                "A1": 18.3444879315821
            },
            "S1": {
                "A0": 17.158342517867208,
                "A1": 19.74431944013337
            }
        }
    },
    {
        "episode": 21,
        "current_state": "S0",
        "current_action": "A0",
        "td_delta": 0.9290356461187272,
        "q_table": {
            "S0": {
                "A0": 20.065069063424623,
                "A1": 18.3444879315821
            },
            "S1": {
                "A0": 17.158342517867208,
                "A1": 19.83116271085977
            }
        }
    },
    {
        "episode": 22,
        "current_state": "S1",
        "current_action": "A1",
        "td_delta": -0.2192985174203379,
        "q_table": {
            "S0": {
                "A0": 19.270465008750087,
                "A1": 18.3444879315821
            },
            "S1": {
                "A0": 17.158342517867208,
                "A1": 19.65238834246133
            }
        }
    },
    {
        "episode": 23,
        "current_state": "S1",
        "current_action": "A1",
        "td_delta": 0.5819526794922396,
        "q_table": {
            "S0": {
                "A0": 19.53991713509963,
                "A1": 18.3444879315821
            },
            "S1": {
                "A0": 17.158342517867208,
                "A1": 19.523240347046652
            }
        }
    },
    {
        "episode": 24,
        "current_state": "S0",
        "current_action": "A0",
        "td_delta": -2.767937387898826,
        "q_table": {
            "S0": {
                "A0": 19.668166590605022,
                "A1": 18.3444879315821
            },
            "S1": {
                "A0": 17.158342517867208,
                "A1": 19.574201599440087
            }
        }
    },
    {
        "episode": 25,
        "current_state": "S1",
        "current_action": "A1",
        "td_delta": 0.05397737596477015,
        "q_table": {
            "S0": {
                "A0": 19.13206590249732,
                "A1": 18.3444879315821
            },
            "S1": {
                "A0": 17.158342517867208,
                "A1": 20.085357553879295
            }
        }
    },
    {
        "episode": 26,
        "current_state": "S1",
        "current_action": "A1",
        "td_delta": 1.2449895163723497,
        "q_table": {
            "S0": {
                "A0": 20.72708298463459,
                "A1": 18.3444879315821
            },
            "S1": {
                "A0": 17.158342517867208,
                "A1": 20.716873512436017
            }
        }
    },
    {
        "episode": 27,
        "current_state": "S0",
        "current_action": "A0",
        "td_delta": 0.21865288822137785,
        "q_table": {
            "S0": {
                "A0": 20.60862932997354,
                "A1": 18.3444879315821
            },
            "S1": {
                "A0": 17.158342517867208,
                "A1": 20.351606723747533
            }
        }
    },
    {
        "episode": 28,
        "current_state": "S0",
        "current_action": "A0",
        "td_delta": -1.1150943332681464,
        "q_table": {
            "S0": {
                "A0": 20.57862536231567,
                "A1": 18.3444879315821
            },
            "S1": {
                "A0": 17.158342517867208,
                "A1": 20.37545840152704
            }
        }
    },
    {
        "episode": 29,
        "current_state": "S1",
        "current_action": "A1",
        "td_delta": -0.9090353153705131,
        "q_table": {
            "S0": {
                "A0": 20.140841017383867,
                "A1": 18.3444879315821
            },
            "S1": {
                "A0": 17.158342517867208,
                "A1": 20.08982198347894
            }
        }
    },
    {
        "episode": 30,
        "current_state": "S1",
        "current_action": "A1",
        "td_delta": -0.00047080511977171113,
        "q_table": {
            "S0": {
                "A0": 20.087147297154534,
                "A1": 18.3444879315821
            },
            "S1": {
                "A0": 17.158342517867208,
                "A1": 19.994424228046874
            }
        }
    },
    {
        "episode": 31,
        "current_state": "S0",
        "current_action": "A0",
        "td_delta": 0.3734829839021465,
        "q_table": {
            "S0": {
                "A0": 20.033817719368752,
                "A1": 18.3444879315821
            },
            "S1": {
                "A0": 17.158342517867208,
                "A1": 19.897339538676093
            }
        }
    },
    {
        "episode": 32,
        "current_state": "S1",
        "current_action": "A1",
        "td_delta": -0.7587454123571113,
        "q_table": {
            "S0": {
                "A0": 20.65567938317284,
                "A1": 18.3444879315821
            },
            "S1": {
                "A0": 17.158342517867208,
                "A1": 20.447815592335424
            }
        }
    },
    {
        "episode": 33,
        "current_state": "S1",
        "current_action": "A1",
        "td_delta": 0.1001761279381661,
        "q_table": {
            "S0": {
                "A0": 20.64138261488099,
                "A1": 18.3444879315821
            },
            "S1": {
                "A0": 17.158342517867208,
                "A1": 20.553587913412162
            }
        }
    },
    {
        "episode": 34,
        "current_state": "S1",
        "current_action": "A1",
        "td_delta": 1.0222187901221638,
        "q_table": {
            "S0": {
                "A0": 20.10878535644787,
                "A1": 18.3444879315821
            },
            "S1": {
                "A0": 17.158342517867208,
                "A1": 19.752408521693138
            }
        }
    },
    {
        "episode": 35,
        "current_state": "S0",
        "current_action": "A0",
        "td_delta": 0.7106771227576907,
        "q_table": {
            "S0": {
                "A0": 20.366021245356666,
                "A1": 18.3444879315821
            },
            "S1": {
                "A0": 17.158342517867208,
                "A1": 20.08327636870954
            }
        }
    },
    {
        "episode": 36,
        "current_state": "S0",
        "current_action": "A0",
        "td_delta": -0.6748686051633932,
        "q_table": {
            "S0": {
                "A0": 19.80491974430308,
                "A1": 18.3444879315821
            },
            "S1": {
                "A0": 17.158342517867208,
                "A1": 19.494530665173365
            }
        }
    },
    {
        "episode": 37,
        "current_state": "S1",
        "current_action": "A1",
        "td_delta": 0.5143813738180008,
        "q_table": {
            "S0": {
                "A0": 20.16615842056382,
                "A1": 18.3444879315821
            },
            "S1": {
                "A0": 17.158342517867208,
                "A1": 19.83848433907124
            }
        }
    },
    {
        "episode": 38,
        "current_state": "S0",
        "current_action": "A0",
        "td_delta": -0.6313798216268047,
        "q_table": {
            "S0": {
                "A0": 20.532211554654705,
                "A1": 18.3444879315821
            },
            "S1": {
                "A0": 17.158342517867208,
                "A1": 20.594036921322864
            }
        }
    },
    {
        "episode": 39,
        "current_state": "S0",
        "current_action": "A0",
        "td_delta": -1.3473043100411353,
        "q_table": {
            "S0": {
                "A0": 21.224652462858757,
                "A1": 18.3444879315821
            },
            "S1": {
                "A0": 17.158342517867208,
                "A1": 21.130959123135263
            }
        }
    },
    {
        "episode": 40,
        "current_state": "S0",
        "current_action": "A0",
        "td_delta": -0.28155048225170276,
        "q_table": {
            "S0": {
                "A0": 20.628322228412024,
                "A1": 18.3444879315821
            },
            "S1": {
                "A0": 17.158342517867208,
                "A1": 20.5310199782061
            }
        }
    },
    {
        "episode": 41,
        "current_state": "S0",
        "current_action": "A0",
        "td_delta": -0.27071881888612026,
        "q_table": {
            "S0": {
                "A0": 20.548620132428105,
                "A1": 18.3444879315821
            },
            "S1": {
                "A0": 17.158342517867208,
                "A1": 20.64180736158955
            }
        }
    },
    {
        "episode": 42,
        "current_state": "S0",
        "current_action": "A0",
        "td_delta": -0.7463583943085546,
        "q_table": {
            "S0": {
                "A0": 19.377617863888947,
                "A1": 18.3444879315821
            },
            "S1": {
                "A0": 17.158342517867208,
                "A1": 19.920590477790274
            }
        }
    },
    {
        "episode": 43,
        "current_state": "S0",
        "current_action": "A0",
        "td_delta": -1.0148521582564634,
        "q_table": {
            "S0": {
                "A0": 19.573390518214225,
                "A1": 18.3444879315821
            },
            "S1": {
                "A0": 17.158342517867208,
                "A1": 19.85409725753712
            }
        }
    },
    {
        "episode": 44,
        "current_state": "S1",
        "current_action": "A1",
        "td_delta": -1.0037153684379874,
        "q_table": {
            "S0": {
                "A0": 19.47021218727129,
                "A1": 18.3444879315821
            },
            "S1": {
                "A0": 17.158342517867208,
                "A1": 19.33379698913835
            }
        }
    },
    {
        "episode": 45,
        "current_state": "S0",
        "current_action": "A0",
        "td_delta": -0.3131002470417634,
        "q_table": {
            "S0": {
                "A0": 19.324321746278773,
                "A1": 18.3444879315821
            },
            "S1": {
                "A0": 17.158342517867208,
                "A1": 19.488233485490206
            }
        }
    },
    {
        "episode": 46,
        "current_state": "S0",
        "current_action": "A0",
        "td_delta": 0.681997204562041,
        "q_table": {
            "S0": {
                "A0": 20.248941458410236,
                "A1": 18.3444879315821
            },
            "S1": {
                "A0": 17.158342517867208,
                "A1": 20.018837068351193
            }
        }
    },
    {
        "episode": 47,
        "current_state": "S0",
        "current_action": "A0",
        "td_delta": -1.1630075818105574,
        "q_table": {
            "S0": {
                "A0": 19.414481806871958,
                "A1": 18.3444879315821
            },
            "S1": {
                "A0": 17.158342517867208,
                "A1": 19.912807043602726
            }
        }
    },
    {
        "episode": 48,
        "current_state": "S0",
        "current_action": "A0",
        "td_delta": 0.0463954602329153,
        "q_table": {
            "S0": {
                "A0": 19.976689557805045,
                "A1": 18.3444879315821
            },
            "S1": {
                "A0": 17.158342517867208,
                "A1": 19.709451946682965
            }
        }
    },
    {
        "episode": 49,
        "current_state": "S1",
        "current_action": "A1",
        "td_delta": 0.22878138406658977,
        "q_table": {
            "S0": {
                "A0": 20.673122943361523,
                "A1": 18.3444879315821
            },
            "S1": {
                "A0": 17.158342517867208,
                "A1": 20.63776001836544
            }
        }
    },
    {
        "episode": 50,
        "current_state": "S1",
        "current_action": "A1",
        "td_delta": -1.193288164544974,
        "q_table": {
            "S0": {
                "A0": 21.237345647314832,
                "A1": 18.3444879315821
            },
            "S1": {
                "A0": 17.158342517867208,
                "A1": 20.894366779673827
            }
        }
    },
    {
        "episode": 51,
        "current_state": "S0",
        "current_action": "A0",
        "td_delta": -0.666420275924029,
        "q_table": {
            "S0": {
                "A0": 21.120092681647897,
                "A1": 18.3444879315821
            },
            "S1": {
                "A0": 17.158342517867208,
                "A1": 21.27643129329825
            }
        }
    },
    {
        "episode": 52,
        "current_state": "S0",
        "current_action": "A0",
        "td_delta": 0.13778377319984259,
        "q_table": {
            "S0": {
                "A0": 21.32619169505135,
                "A1": 18.3444879315821
            },
            "S1": {
                "A0": 17.158342517867208,
                "A1": 21.125660211034678
            }
        }
    },
    {
        "episode": 53,
        "current_state": "S1",
        "current_action": "A1",
        "td_delta": -0.27721267014149475,
        "q_table": {
            "S0": {
                "A0": 21.044384618565232,
                "A1": 18.3444879315821
            },
            "S1": {
                "A0": 17.158342517867208,
                "A1": 20.709518842836054
            }
        }
    },
    {
        "episode": 54,
        "current_state": "S0",
        "current_action": "A0",
        "td_delta": 0.7632832461699977,
        "q_table": {
            "S0": {
                "A0": 20.18803476419572,
                "A1": 18.3444879315821
            },
            "S1": {
                "A0": 17.158342517867208,
                "A1": 20.4225598597208
            }
        }
    },
    {
        "episode": 55,
        "current_state": "S0",
        "current_action": "A0",
        "td_delta": -0.20560028526285734,
        "q_table": {
            "S0": {
                "A0": 20.696724336611762,
                "A1": 18.3444879315821
            },
            "S1": {
                "A0": 17.158342517867208,
                "A1": 20.189882912083547
            }
        }
    },
    {
        "episode": 56,
        "current_state": "S0",
        "current_action": "A0",
        "td_delta": 0.09250057394181255,
        "q_table": {
            "S0": {
                "A0": 20.397343867976048,
                "A1": 18.3444879315821
            },
            "S1": {
                "A0": 17.158342517867208,
                "A1": 20.68285880926635
            }
        }
    },
    {
        "episode": 57,
        "current_state": "S1",
        "current_action": "A1",
        "td_delta": 0.002384959640892248,
        "q_table": {
            "S0": {
                "A0": 20.617458452165025,
                "A1": 18.3444879315821
            },
            "S1": {
                "A0": 17.158342517867208,
                "A1": 20.32416053327172
            }
        }
    },
    {
        "episode": 58,
        "current_state": "S0",
        "current_action": "A0",
        "td_delta": -0.41790094105091313,
        "q_table": {
            "S0": {
                "A0": 20.293067498910183,
                "A1": 18.3444879315821
            },
            "S1": {
                "A0": 17.158342517867208,
                "A1": 19.675208254404847
            }
        }
    },
    {
        "episode": 59,
        "current_state": "S0",
        "current_action": "A0",
        "td_delta": -0.5838257669945399,
        "q_table": {
            "S0": {
                "A0": 20.990044291631037,
                "A1": 18.3444879315821
            },
            "S1": {
                "A0": 17.158342517867208,
                "A1": 20.630509258151058
            }
        }
    },
    {
        "episode": 60,
        "current_state": "S1",
        "current_action": "A1",
        "td_delta": -0.08824753593784607,
        "q_table": {
            "S0": {
                "A0": 20.81660732919998,
                "A1": 18.3444879315821
            },
            "S1": {
                "A0": 17.158342517867208,
                "A1": 21.177177151624043
            }
        }
    },
    {
        "episode": 61,
        "current_state": "S0",
        "current_action": "A0",
        "td_delta": -0.21321548938480106,
        "q_table": {
            "S0": {
                "A0": 20.819211880421285,
                "A1": 18.3444879315821
            },
            "S1": {
                "A0": 17.158342517867208,
                "A1": 20.955345777749958
            }
        }
    },
    {
        "episode": 62,
        "current_state": "S0",
        "current_action": "A0",
        "td_delta": -0.5023139532022292,
        "q_table": {
            "S0": {
                "A0": 19.435860420136827,
                "A1": 18.3444879315821
            },
            "S1": {
                "A0": 17.158342517867208,
                "A1": 20.09591605583869
            }
        }
    },
    {
        "episode": 63,
        "current_state": "S1",
        "current_action": "A1",
        "td_delta": 0.3809447830749413,
        "q_table": {
            "S0": {
                "A0": 20.170125348524756,
                "A1": 18.3444879315821
            },
            "S1": {
                "A0": 17.158342517867208,
                "A1": 20.54212876755807
            }
        }
    },
    {
        "episode": 64,
        "current_state": "S1",
        "current_action": "A1",
        "td_delta": 0.8979179653133507,
        "q_table": {
            "S0": {
                "A0": 19.77947494716109,
                "A1": 18.3444879315821
            },
            "S1": {
                "A0": 17.158342517867208,
                "A1": 20.136848543662964
            }
        }
    },
    {
        "episode": 65,
        "current_state": "S1",
        "current_action": "A1",
        "td_delta": -3.3354095642830224,
        "q_table": {
            "S0": {
                "A0": 20.679283803768243,
                "A1": 18.3444879315821
            },
            "S1": {
                "A0": 17.158342517867208,
                "A1": 20.32101471824614
            }
        }
    },
    {
        "episode": 66,
        "current_state": "S0",
        "current_action": "A0",
        "td_delta": -1.0106280281575515,
        "q_table": {
            "S0": {
                "A0": 20.88842245875973,
                "A1": 18.3444879315821
            },
            "S1": {
                "A0": 17.158342517867208,
                "A1": 20.777876699780716
            }
        }
    },
    {
        "episode": 67,
        "current_state": "S1",
        "current_action": "A1",
        "td_delta": -1.2388247347549495,
        "q_table": {
            "S0": {
                "A0": 20.9664619496018,
                "A1": 18.3444879315821
            },
            "S1": {
                "A0": 17.158342517867208,
                "A1": 20.67391475992108
            }
        }
    },
    {
        "episode": 68,
        "current_state": "S0",
        "current_action": "A0",
        "td_delta": 0.18298105808178988,
        "q_table": {
            "S0": {
                "A0": 20.864927465610588,
                "A1": 18.3444879315821
            },
            "S1": {
                "A0": 17.158342517867208,
                "A1": 20.591524354315776
            }
        }
    },
    {
        "episode": 69,
        "current_state": "S1",
        "current_action": "A1",
        "td_delta": 0.9191501415549475,
        "q_table": {
            "S0": {
                "A0": 20.549197971449367,
                "A1": 18.3444879315821
            },
            "S1": {
                "A0": 17.158342517867208,
                "A1": 20.595090828606033
            }
        }
    },
    {
        "episode": 70,
        "current_state": "S1",
        "current_action": "A1",
        "td_delta": 0.9141321853316953,
        "q_table": {
            "S0": {
                "A0": 20.68493292863424,
                "A1": 18.3444879315821
            },
            "S1": {
                "A0": 17.158342517867208,
                "A1": 20.96556058521621
            }
        }
    },
    {
        "episode": 71,
        "current_state": "S1",
        "current_action": "A1",
        "td_delta": -0.13207078925108462,
        "q_table": {
            "S0": {
                "A0": 20.956368521709155,
                "A1": 18.3444879315821
            },
            "S1": {
                "A0": 17.158342517867208,
                "A1": 20.450888423585724
            }
        }
    },
    {
        "episode": 72,
        "current_state": "S1",
        "current_action": "A1",
        "td_delta": 1.5937081964613498,
        "q_table": {
            "S0": {
                "A0": 20.241477095821146,
                "A1": 18.3444879315821
            },
            "S1": {
                "A0": 17.158342517867208,
                "A1": 20.32739764942382
            }
        }
    },
    {
        "episode": 73,
        "current_state": "S0",
        "current_action": "A0",
        "td_delta": 1.2831279480605602,
        "q_table": {
            "S0": {
                "A0": 20.18141440239855,
                "A1": 18.3444879315821
            },
            "S1": {
                "A0": 17.158342517867208,
                "A1": 19.974715590725612
            }
        }
    },
    {
        "episode": 74,
        "current_state": "S1",
        "current_action": "A1",
        "td_delta": 0.3334662791852949,
        "q_table": {
            "S0": {
                "A0": 20.209340321565346,
                "A1": 18.3444879315821
            },
            "S1": {
                "A0": 17.158342517867208,
                "A1": 20.485463434142044
            }
        }
    },
    {
        "episode": 75,
        "current_state": "S0",
        "current_action": "A0",
        "td_delta": 1.227221474088637,
        "q_table": {
            "S0": {
                "A0": 21.215703106522497,
                "A1": 18.3444879315821
            },
            "S1": {
                "A0": 17.158342517867208,
                "A1": 20.63898649392539
            }
        }
    },
    {
        "episode": 76,
        "current_state": "S1",
        "current_action": "A1",
        "td_delta": -2.188705836746159,
        "q_table": {
            "S0": {
                "A0": 21.039997576738163,
                "A1": 18.3444879315821
            },
            "S1": {
                "A0": 17.158342517867208,
                "A1": 20.96228859513589
            }
        }
    },
    {
        "episode": 77,
        "current_state": "S0",
        "current_action": "A0",
        "td_delta": 0.22041267223523064,
        "q_table": {
            "S0": {
                "A0": 20.607274852946766,
                "A1": 18.3444879315821
            },
            "S1": {
                "A0": 17.158342517867208,
                "A1": 20.599237274398302
            }
        }
    },
    {
        "episode": 78,
        "current_state": "S0",
        "current_action": "A0",
        "td_delta": 1.3798259431373765,
        "q_table": {
            "S0": {
                "A0": 20.586477697554574,
                "A1": 18.3444879315821
            },
            "S1": {
                "A0": 17.158342517867208,
                "A1": 20.19446108375357
            }
        }
    },
    {
        "episode": 79,
        "current_state": "S1",
        "current_action": "A1",
        "td_delta": -0.2872514369212098,
        "q_table": {
            "S0": {
                "A0": 20.7738459881414,
                "A1": 18.3444879315821
            },
            "S1": {
                "A0": 17.158342517867208,
                "A1": 21.11159249955635
            }
        }
    },
    {
        "episode": 80,
        "current_state": "S1",
        "current_action": "A1",
        "td_delta": 0.49468722970398105,
        "q_table": {
            "S0": {
                "A0": 18.99116324632545,
                "A1": 18.3444879315821
            },
            "S1": {
                "A0": 17.158342517867208,
                "A1": 18.796753337959323
            }
        }
    },
    {
        "episode": 81,
        "current_state": "S0",
        "current_action": "A0",
        "td_delta": 1.3084313038982671,
        "q_table": {
            "S0": {
                "A0": 20.100000761407145,
                "A1": 18.3444879315821
            },
            "S1": {
                "A0": 17.158342517867208,
                "A1": 19.918511668717716
            }
        }
    },
    {
        "episode": 82,
        "current_state": "S0",
        "current_action": "A0",
        "td_delta": 2.2180653706541094,
        "q_table": {
            "S0": {
                "A0": 20.515516840524327,
                "A1": 18.3444879315821
            },
            "S1": {
                "A0": 17.158342517867208,
                "A1": 20.057750962049262
            }
        }
    },
    {
        "episode": 83,
        "current_state": "S0",
        "current_action": "A0",
        "td_delta": 1.3630289894737189,
        "q_table": {
            "S0": {
                "A0": 19.789516743027246,
                "A1": 18.3444879315821
            },
            "S1": {
                "A0": 17.158342517867208,
                "A1": 20.098740330615104
            }
        }
    },
    {
        "episode": 84,
        "current_state": "S1",
        "current_action": "A1",
        "td_delta": -3.012767067203079,
        "q_table": {
            "S0": {
                "A0": 20.027386231348146,
                "A1": 18.3444879315821
            },
            "S1": {
                "A0": 17.158342517867208,
                "A1": 19.761739655310503
            }
        }
    },
    {
        "episode": 85,
        "current_state": "S1",
        "current_action": "A1",
        "td_delta": 1.9387265614245024,
        "q_table": {
            "S0": {
                "A0": 20.39432647600107,
                "A1": 18.3444879315821
            },
            "S1": {
                "A0": 17.158342517867208,
                "A1": 20.79158887511891
            }
        }
    },
    {
        "episode": 86,
        "current_state": "S1",
        "current_action": "A1",
        "td_delta": -0.5266813957634504,
        "q_table": {
            "S0": {
                "A0": 20.11793680299845,
                "A1": 18.3444879315821
            },
            "S1": {
                "A0": 17.158342517867208,
                "A1": 20.16835129088571
            }
        }
    },
    {
        "episode": 87,
        "current_state": "S0",
        "current_action": "A0",
        "td_delta": -0.8222366393897715,
        "q_table": {
            "S0": {
                "A0": 20.557439219875363,
                "A1": 18.3444879315821
            },
            "S1": {
                "A0": 17.158342517867208,
                "A1": 20.155138307138408
            }
        }
    },
    {
        "episode": 88,
        "current_state": "S1",
        "current_action": "A1",
        "td_delta": -1.0924240232801772,
        "q_table": {
            "S0": {
                "A0": 20.109186948748775,
                "A1": 18.3444879315821
            },
            "S1": {
                "A0": 17.158342517867208,
                "A1": 20.550186045826056
            }
        }
    },
    {
        "episode": 89,
        "current_state": "S1",
        "current_action": "A1",
        "td_delta": 0.2989946849234535,
        "q_table": {
            "S0": {
                "A0": 21.28841857079867,
                "A1": 18.3444879315821
            },
            "S1": {
                "A0": 17.158342517867208,
                "A1": 21.049486575287695
            }
        }
    },
    {
        "episode": 90,
        "current_state": "S1",
        "current_action": "A1",
        "td_delta": -0.6493324665586897,
        "q_table": {
            "S0": {
                "A0": 21.39203806573845,
                "A1": 18.3444879315821
            },
            "S1": {
                "A0": 17.158342517867208,
                "A1": 20.935009258931053
            }
        }
    },
    {
        "episode": 91,
        "current_state": "S0",
        "current_action": "A0",
        "td_delta": -1.019929007441597,
        "q_table": {
            "S0": {
                "A0": 20.547154963671815,
                "A1": 18.3444879315821
            },
            "S1": {
                "A0": 17.158342517867208,
                "A1": 20.501994420091794
            }
        }
    },
    {
        "episode": 92,
        "current_state": "S1",
        "current_action": "A1",
        "td_delta": 0.19706394040803588,
        "q_table": {
            "S0": {
                "A0": 20.731894424637474,
                "A1": 18.3444879315821
            },
            "S1": {
                "A0": 17.158342517867208,
                "A1": 20.576468443806494
            }
        }
    },
    {
        "episode": 93,
        "current_state": "S1",
        "current_action": "A1",
        "td_delta": 0.702773987120132,
        "q_table": {
            "S0": {
                "A0": 20.628957727434532,
                "A1": 18.3444879315821
            },
            "S1": {
                "A0": 17.158342517867208,
                "A1": 20.35258485828296
            }
        }
    },
    {
        "episode": 94,
        "current_state": "S1",
        "current_action": "A1",
        "td_delta": 0.1525425362947459,
        "q_table": {
            "S0": {
                "A0": 20.418046266613658,
                "A1": 18.3444879315821
            },
            "S1": {
                "A0": 17.158342517867208,
                "A1": 20.179680160682008
            }
        }
    },
    {
        "episode": 95,
        "current_state": "S1",
        "current_action": "A1",
        "td_delta": 0.9591780881776586,
        "q_table": {
            "S0": {
                "A0": 19.82885796495307,
                "A1": 18.3444879315821
            },
            "S1": {
                "A0": 17.158342517867208,
                "A1": 19.99739486909787
            }
        }
    },
    {
        "episode": 96,
        "current_state": "S1",
        "current_action": "A1",
        "td_delta": 0.054981885738822456,
        "q_table": {
            "S0": {
                "A0": 20.14373252280145,
                "A1": 18.3444879315821
            },
            "S1": {
                "A0": 17.158342517867208,
                "A1": 20.103596806356364
            }
        }
    },
    {
        "episode": 97,
        "current_state": "S1",
        "current_action": "A1",
        "td_delta": 1.724240673781381,
        "q_table": {
            "S0": {
                "A0": 20.145545690229813,
                "A1": 18.3444879315821
            },
            "S1": {
                "A0": 17.158342517867208,
                "A1": 20.222536749803588
            }
        }
    },
    {
        "episode": 98,
        "current_state": "S0",
        "current_action": "A0",
        "td_delta": -0.14423191796213786,
        "q_table": {
            "S0": {
                "A0": 19.97915635757852,
                "A1": 18.3444879315821
            },
            "S1": {
                "A0": 17.158342517867208,
                "A1": 19.62894964490289
            }
        }
    },
    {
        "episode": 99,
        "current_state": "S0",
        "current_action": "A0",
        "td_delta": 0.803748946450952,
        "q_table": {
            "S0": {
                "A0": 19.631068918878462,
                "A1": 18.3444879315821
            },
            "S1": {
                "A0": 17.158342517867208,
                "A1": 19.759287082982574
            }
        }
    },
    {
        "episode": 100,
        "current_state": "S0",
        "current_action": "A0",
        "td_delta": -0.6294401657727811,
        "q_table": {
            "S0": {
                "A0": 19.832340331150533,
                "A1": 18.3444879315821
            },
            "S1": {
                "A0": 17.158342517867208,
                "A1": 19.994693031035965
            }
        }
    },
    {
        "episode": 101,
        "current_state": "S1",
        "current_action": "A1",
        "td_delta": 0.9315001302778789,
        "q_table": {
            "S0": {
                "A0": 18.995661596198023,
                "A1": 18.3444879315821
            },
            "S1": {
                "A0": 17.158342517867208,
                "A1": 18.74513596432813
            }
        }
    },
    {
        "episode": 102,
        "current_state": "S0",
        "current_action": "A0",
        "td_delta": 1.073346217789645,
        "q_table": {
            "S0": {
                "A0": 19.408795824064583,
                "A1": 18.3444879315821
            },
            "S1": {
                "A0": 17.158342517867208,
                "A1": 19.649201986750292
            }
        }
    },
    {
        "episode": 103,
        "current_state": "S1",
        "current_action": "A1",
        "td_delta": 0.403836123626526,
        "q_table": {
            "S0": {
                "A0": 20.16667797694022,
                "A1": 18.3444879315821
            },
            "S1": {
                "A0": 17.158342517867208,
                "A1": 20.171887736982328
            }
        }
    },
    {
        "episode": 104,
        "current_state": "S0",
        "current_action": "A0",
        "td_delta": -0.9909626165821557,
        "q_table": {
            "S0": {
                "A0": 20.92016541634533,
                "A1": 18.3444879315821
            },
            "S1": {
                "A0": 17.158342517867208,
                "A1": 20.56762837046821
            }
        }
    },
    {
        "episode": 105,
        "current_state": "S0",
        "current_action": "A0",
        "td_delta": -0.01720985503404293,
        "q_table": {
            "S0": {
                "A0": 20.21665362483702,
                "A1": 18.3444879315821
            },
            "S1": {
                "A0": 17.158342517867208,
                "A1": 19.737762631766266
            }
        }
    },
    {
        "episode": 106,
        "current_state": "S0",
        "current_action": "A0",
        "td_delta": -0.08166628006644316,
        "q_table": {
            "S0": {
                "A0": 20.192880042657805,
                "A1": 18.3444879315821
            },
            "S1": {
                "A0": 17.158342517867208,
                "A1": 20.50090867433447
            }
        }
    },
    {
        "episode": 107,
        "current_state": "S0",
        "current_action": "A0",
        "td_delta": -0.3937663690364559,
        "q_table": {
            "S0": {
                "A0": 20.508535013234766,
                "A1": 18.3444879315821
            },
            "S1": {
                "A0": 17.158342517867208,
                "A1": 20.787194119002173
            }
        }
    },
    {
        "episode": 108,
        "current_state": "S0",
        "current_action": "A0",
        "td_delta": -0.7971133946062317,
        "q_table": {
            "S0": {
                "A0": 20.84044476542885,
                "A1": 18.3444879315821
            },
            "S1": {
                "A0": 17.158342517867208,
                "A1": 20.635433761425823
            }
        }
    },
    {
        "episode": 109,
        "current_state": "S0",
        "current_action": "A0",
        "td_delta": -0.8854375820030533,
        "q_table": {
            "S0": {
                "A0": 20.68037332411854,
                "A1": 18.3444879315821
            },
            "S1": {
                "A0": 17.158342517867208,
                "A1": 20.565735893684213
            }
        }
    },
    {
        "episode": 110,
        "current_state": "S1",
        "current_action": "A1",
        "td_delta": 0.6025566966243439,
        "q_table": {
            "S0": {
                "A0": 20.318891160694545,
                "A1": 18.3444879315821
            },
            "S1": {
                "A0": 17.158342517867208,
                "A1": 20.188521483419013
            }
        }
    },
    {
        "episode": 111,
        "current_state": "S1",
        "current_action": "A1",
        "td_delta": 0.6019677801677474,
        "q_table": {
            "S0": {
                "A0": 20.371830217028702,
                "A1": 18.3444879315821
            },
            "S1": {
                "A0": 17.158342517867208,
                "A1": 20.54454584017486
            }
        }
    },
    {
        "episode": 112,
        "current_state": "S0",
        "current_action": "A0",
        "td_delta": -0.9265091535622361,
        "q_table": {
            "S0": {
                "A0": 20.464842701214394,
                "A1": 18.3444879315821
            },
            "S1": {
                "A0": 17.158342517867208,
                "A1": 20.307949581120425
            }
        }
    },
    {
        "episode": 113,
        "current_state": "S0",
        "current_action": "A0",
        "td_delta": 0.8808941268054191,
        "q_table": {
            "S0": {
                "A0": 20.054679212861913,
                "A1": 18.3444879315821
            },
            "S1": {
                "A0": 17.158342517867208,
                "A1": 20.474330742207542
            }
        }
    },
    {
        "episode": 114,
        "current_state": "S0",
        "current_action": "A0",
        "td_delta": -2.0466352229358726,
        "q_table": {
            "S0": {
                "A0": 19.724831092831785,
                "A1": 18.3444879315821
            },
            "S1": {
                "A0": 17.158342517867208,
                "A1": 19.81387964576611
            }
        }
    },
    {
        "episode": 115,
        "current_state": "S0",
        "current_action": "A0",
        "td_delta": 0.5662131287175853,
        "q_table": {
            "S0": {
                "A0": 19.21050622105201,
                "A1": 18.3444879315821
            },
            "S1": {
                "A0": 17.158342517867208,
                "A1": 19.360250756553153
            }
        }
    },
    {
        "episode": 116,
        "current_state": "S1",
        "current_action": "A1",
        "td_delta": 1.3704157228954088,
        "q_table": {
            "S0": {
                "A0": 20.276862391840798,
                "A1": 18.3444879315821
            },
            "S1": {
                "A0": 17.158342517867208,
                "A1": 20.25533643205085
            }
        }
    },
    {
        "episode": 117,
        "current_state": "S0",
        "current_action": "A0",
        "td_delta": -0.18727581631563694,
        "q_table": {
            "S0": {
                "A0": 19.7182288115248,
                "A1": 18.3444879315821
            },
            "S1": {
                "A0": 17.158342517867208,
                "A1": 20.14733906956059
            }
        }
    },
    {
        "episode": 118,
        "current_state": "S0",
        "current_action": "A0",
        "td_delta": 0.08896420075629408,
        "q_table": {
            "S0": {
                "A0": 19.950527105116564,
                "A1": 18.3444879315821
            },
            "S1": {
                "A0": 17.158342517867208,
                "A1": 19.903255178663585
            }
        }
    },
    {
        "episode": 119,
        "current_state": "S1",
        "current_action": "A1",
        "td_delta": -0.15653995043762592,
        "q_table": {
            "S0": {
                "A0": 19.768146521109088,
                "A1": 18.3444879315821
            },
            "S1": {
                "A0": 17.158342517867208,
                "A1": 19.641983609332474
            }
        }
    },
    {
        "episode": 120,
        "current_state": "S1",
        "current_action": "A1",
        "td_delta": 0.8290742124184867,
        "q_table": {
            "S0": {
                "A0": 19.90565030749091,
                "A1": 18.3444879315821
            },
            "S1": {
                "A0": 17.158342517867208,
                "A1": 18.961022816565183
            }
        }
    },
    {
        "episode": 121,
        "current_state": "S1",
        "current_action": "A1",
        "td_delta": 0.037524965650678865,
        "q_table": {
            "S0": {
                "A0": 19.471994581876547,
                "A1": 18.3444879315821
            },
            "S1": {
                "A0": 17.158342517867208,
                "A1": 19.905283420603283
            }
        }
    },
    {
        "episode": 122,
        "current_state": "S1",
        "current_action": "A1",
        "td_delta": -0.22399298636442566,
        "q_table": {
            "S0": {
                "A0": 20.06949656630546,
                "A1": 18.3444879315821
            },
            "S1": {
                "A0": 17.158342517867208,
                "A1": 20.374610984402896
            }
        }
    },
    {
        "episode": 123,
        "current_state": "S0",
        "current_action": "A0",
        "td_delta": 0.23107925998387202,
        "q_table": {
            "S0": {
                "A0": 19.869574579252053,
                "A1": 18.3444879315821
            },
            "S1": {
                "A0": 17.158342517867208,
                "A1": 20.422827386930592
            }
        }
    },
    {
        "episode": 124,
        "current_state": "S1",
        "current_action": "A1",
        "td_delta": -0.11845235031813317,
        "q_table": {
            "S0": {
                "A0": 20.052874757862686,
                "A1": 18.3444879315821
            },
            "S1": {
                "A0": 17.158342517867208,
                "A1": 20.211903540362737
            }
        }
    },
    {
        "episode": 125,
        "current_state": "S1",
        "current_action": "A1",
        "td_delta": 0.7975403264198029,
        "q_table": {
            "S0": {
                "A0": 19.622034355222066,
                "A1": 18.3444879315821
            },
            "S1": {
                "A0": 17.158342517867208,
                "A1": 19.056939579922037
            }
        }
    },
    {
        "episode": 126,
        "current_state": "S0",
        "current_action": "A0",
        "td_delta": -0.3841770095954651,
        "q_table": {
            "S0": {
                "A0": 19.64834613253441,
                "A1": 18.3444879315821
            },
            "S1": {
                "A0": 17.158342517867208,
                "A1": 19.682234885442767
            }
        }
    },
    {
        "episode": 127,
        "current_state": "S1",
        "current_action": "A1",
        "td_delta": -1.4227480578488212,
        "q_table": {
            "S0": {
                "A0": 19.554417607477898,
                "A1": 18.3444879315821
            },
            "S1": {
                "A0": 17.158342517867208,
                "A1": 19.39073744379405
            }
        }
    },
    {
        "episode": 128,
        "current_state": "S0",
        "current_action": "A0",
        "td_delta": -0.7145850197095776,
        "q_table": {
            "S0": {
                "A0": 19.91103139252068,
                "A1": 18.3444879315821
            },
            "S1": {
                "A0": 17.158342517867208,
                "A1": 19.934168628646734
            }
        }
    },
    {
        "episode": 129,
        "current_state": "S0",
        "current_action": "A0",
        "td_delta": -0.0014125912183757805,
        "q_table": {
            "S0": {
                "A0": 19.367803923470888,
                "A1": 18.3444879315821
            },
            "S1": {
                "A0": 17.158342517867208,
                "A1": 19.46360020041594
            }
        }
    },
    {
        "episode": 130,
        "current_state": "S1",
        "current_action": "A1",
        "td_delta": -0.49144612169205715,
        "q_table": {
            "S0": {
                "A0": 19.829016516390272,
                "A1": 18.3444879315821
            },
            "S1": {
                "A0": 17.158342517867208,
                "A1": 19.6919993652741
            }
        }
    },
    {
        "episode": 131,
        "current_state": "S1",
        "current_action": "A1",
        "td_delta": 1.659629434489851,
        "q_table": {
            "S0": {
                "A0": 20.03030509230674,
                "A1": 18.3444879315821
            },
            "S1": {
                "A0": 17.158342517867208,
                "A1": 20.1071697470352
            }
        }
    },
    {
        "episode": 132,
        "current_state": "S1",
        "current_action": "A1",
        "td_delta": -2.370275697379032,
        "q_table": {
            "S0": {
                "A0": 19.869594589865688,
                "A1": 18.3444879315821
            },
            "S1": {
                "A0": 17.158342517867208,
                "A1": 20.04728420052025
            }
        }
    },
    {
        "episode": 133,
        "current_state": "S1",
        "current_action": "A1",
        "td_delta": -0.5655498717044836,
        "q_table": {
            "S0": {
                "A0": 19.540477324541154,
                "A1": 18.3444879315821
            },
            "S1": {
                "A0": 17.158342517867208,
                "A1": 19.290123960621077
            }
        }
    },
    {
        "episode": 134,
        "current_state": "S0",
        "current_action": "A0",
        "td_delta": 0.6095468206097614,
        "q_table": {
            "S0": {
                "A0": 19.516753216028082,
                "A1": 18.3444879315821
            },
            "S1": {
                "A0": 17.158342517867208,
                "A1": 19.559133983974295
            }
        }
    },
    {
        "episode": 135,
        "current_state": "S1",
        "current_action": "A1",
        "td_delta": 2.4147348176750825,
        "q_table": {
            "S0": {
                "A0": 20.4683514813931,
                "A1": 18.3444879315821
            },
            "S1": {
                "A0": 17.158342517867208,
                "A1": 20.577221513346217
            }
        }
    },
    {
        "episode": 136,
        "current_state": "S0",
        "current_action": "A0",
        "td_delta": -0.5337607188797939,
        "q_table": {
            "S0": {
                "A0": 19.633321936909976,
                "A1": 18.3444879315821
            },
            "S1": {
                "A0": 17.158342517867208,
                "A1": 19.828146762713033
            }
        }
    },
    {
        "episode": 137,
        "current_state": "S1",
        "current_action": "A1",
        "td_delta": -0.08520788310677219,
        "q_table": {
            "S0": {
                "A0": 19.26601914475569,
                "A1": 18.3444879315821
            },
            "S1": {
                "A0": 17.158342517867208,
                "A1": 19.142617379076217
            }
        }
    },
    {
        "episode": 138,
        "current_state": "S1",
        "current_action": "A1",
        "td_delta": -0.5443460481673092,
        "q_table": {
            "S0": {
                "A0": 19.706492187725853,
                "A1": 18.3444879315821
            },
            "S1": {
                "A0": 17.158342517867208,
                "A1": 19.812214294303846
            }
        }
    },
    {
        "episode": 139,
        "current_state": "S1",
        "current_action": "A1",
        "td_delta": 0.17899801255006054,
        "q_table": {
            "S0": {
                "A0": 20.33674741035673,
                "A1": 18.3444879315821
            },
            "S1": {
                "A0": 17.158342517867208,
                "A1": 20.475161495754406
            }
        }
    },
    {
        "episode": 140,
        "current_state": "S0",
        "current_action": "A0",
        "td_delta": -0.6746903240419755,
        "q_table": {
            "S0": {
                "A0": 19.96608989801556,
                "A1": 18.3444879315821
            },
            "S1": {
                "A0": 17.158342517867208,
                "A1": 19.78122320411907
            }
        }
    },
    {
        "episode": 141,
        "current_state": "S0",
        "current_action": "A0",
        "td_delta": 0.6602226809955489,
        "q_table": {
            "S0": {
                "A0": 20.968062233652486,
                "A1": 18.3444879315821
            },
            "S1": {
                "A0": 17.158342517867208,
                "A1": 21.079947712831643
            }
        }
    },
    {
        "episode": 142,
        "current_state": "S1",
        "current_action": "A1",
        "td_delta": -0.3559401317005211,
        "q_table": {
            "S0": {
                "A0": 20.58260782241854,
                "A1": 18.3444879315821
            },
            "S1": {
                "A0": 17.158342517867208,
                "A1": 21.00424940270716
            }
        }
    },
    {
        "episode": 143,
        "current_state": "S0",
        "current_action": "A0",
        "td_delta": -0.39382997647405915,
        "q_table": {
            "S0": {
                "A0": 20.435477022124896,
                "A1": 18.3444879315821
            },
            "S1": {
                "A0": 17.158342517867208,
                "A1": 20.27697491033138
            }
        }
    },
    {
        "episode": 144,
        "current_state": "S0",
        "current_action": "A0",
        "td_delta": 0.5421208038050871,
        "q_table": {
            "S0": {
                "A0": 20.176923242329643,
                "A1": 18.3444879315821
            },
            "S1": {
                "A0": 17.158342517867208,
                "A1": 19.954707241448112
            }
        }
    },
    {
        "episode": 145,
        "current_state": "S0",
        "current_action": "A0",
        "td_delta": -2.458976983797111,
        "q_table": {
            "S0": {
                "A0": 20.093514220709622,
                "A1": 18.3444879315821
            },
            "S1": {
                "A0": 17.158342517867208,
                "A1": 20.343447279213578
            }
        }
    },
    {
        "episode": 146,
        "current_state": "S0",
        "current_action": "A0",
        "td_delta": -0.5004251927902459,
        "q_table": {
            "S0": {
                "A0": 20.27698317350132,
                "A1": 18.3444879315821
            },
            "S1": {
                "A0": 17.158342517867208,
                "A1": 20.374878274433442
            }
        }
    },
    {
        "episode": 147,
        "current_state": "S0",
        "current_action": "A0",
        "td_delta": -0.20924090237735982,
        "q_table": {
            "S0": {
                "A0": 20.178902258721457,
                "A1": 18.3444879315821
            },
            "S1": {
                "A0": 17.158342517867208,
                "A1": 20.30188987175759
            }
        }
    },
    {
        "episode": 148,
        "current_state": "S1",
        "current_action": "A1",
        "td_delta": 0.7245592269742183,
        "q_table": {
            "S0": {
                "A0": 20.84541287377453,
                "A1": 18.3444879315821
            },
            "S1": {
                "A0": 17.158342517867208,
                "A1": 20.340597342120283
            }
        }
    },
    {
        "episode": 149,
        "current_state": "S1",
        "current_action": "A1",
        "td_delta": -1.0126132951697073,
        "q_table": {
            "S0": {
                "A0": 20.976014850200965,
                "A1": 18.3444879315821
            },
            "S1": {
                "A0": 17.158342517867208,
                "A1": 20.930410483833608
            }
        }
    },
    {
        "episode": 150,
        "current_state": "S1",
        "current_action": "A1",
        "td_delta": -0.41974974828538336,
        "q_table": {
            "S0": {
                "A0": 20.02828912564228,
                "A1": 18.3444879315821
            },
            "S1": {
                "A0": 17.158342517867208,
                "A1": 20.4393903195349
            }
        }
    },
    {
        "episode": 151,
        "current_state": "S1",
        "current_action": "A1",
        "td_delta": -0.4766776732733078,
        "q_table": {
            "S0": {
                "A0": 19.874391208471028,
                "A1": 18.3444879315821
            },
            "S1": {
                "A0": 17.158342517867208,
                "A1": 20.144231064569905
            }
        }
    },
    {
        "episode": 152,
        "current_state": "S0",
        "current_action": "A0",
        "td_delta": 1.0739153495507274,
        "q_table": {
            "S0": {
                "A0": 19.949536266103305,
                "A1": 18.3444879315821
            },
            "S1": {
                "A0": 17.158342517867208,
                "A1": 20.002526578554395
            }
        }
    },
    {
        "episode": 153,
        "current_state": "S1",
        "current_action": "A1",
        "td_delta": -1.0701780870198903,
        "q_table": {
            "S0": {
                "A0": 20.43769666019733,
                "A1": 18.3444879315821
            },
            "S1": {
                "A0": 17.158342517867208,
                "A1": 20.561546581496906
            }
        }
    },
    {
        "episode": 154,
        "current_state": "S0",
        "current_action": "A0",
        "td_delta": 0.058492569656262816,
        "q_table": {
            "S0": {
                "A0": 20.242617030402993,
                "A1": 18.3444879315821
            },
            "S1": {
                "A0": 17.158342517867208,
                "A1": 20.304220581849087
            }
        }
    },
    {
        "episode": 155,
        "current_state": "S1",
        "current_action": "A1",
        "td_delta": -0.03993299587761712,
        "q_table": {
            "S0": {
                "A0": 20.260499272955006,
                "A1": 18.3444879315821
            },
            "S1": {
                "A0": 17.158342517867208,
                "A1": 20.40169899694936
            }
        }
    },
    {
        "episode": 156,
        "current_state": "S0",
        "current_action": "A0",
        "td_delta": 1.7222852723141564,
        "q_table": {
            "S0": {
                "A0": 20.42890601408988,
                "A1": 18.3444879315821
            },
            "S1": {
                "A0": 17.158342517867208,
                "A1": 20.665505980064278
            }
        }
    },
    {
        "episode": 157,
        "current_state": "S0",
        "current_action": "A0",
        "td_delta": -1.068375274582845,
        "q_table": {
            "S0": {
                "A0": 19.81846221081539,
                "A1": 18.3444879315821
            },
            "S1": {
                "A0": 17.158342517867208,
                "A1": 19.699507769656478
            }
        }
    },
    {
        "episode": 158,
        "current_state": "S0",
        "current_action": "A0",
        "td_delta": 1.0129836277990272,
        "q_table": {
            "S0": {
                "A0": 20.260212310608576,
                "A1": 18.3444879315821
            },
            "S1": {
                "A0": 17.158342517867208,
                "A1": 20.161110861808556
            }
        }
    },
    {
        "episode": 159,
        "current_state": "S0",
        "current_action": "A0",
        "td_delta": 0.37698651136432915,
        "q_table": {
            "S0": {
                "A0": 19.52485220590162,
                "A1": 18.3444879315821
            },
            "S1": {
                "A0": 17.158342517867208,
                "A1": 19.866707649032797
            }
        }
    },
    {
        "episode": 160,
        "current_state": "S1",
        "current_action": "A1",
        "td_delta": -0.31113818910758795,
        "q_table": {
            "S0": {
                "A0": 20.30888955756976,
                "A1": 18.3444879315821
            },
            "S1": {
                "A0": 17.158342517867208,
                "A1": 20.065958298009615
            }
        }
    },
    {
        "episode": 161,
        "current_state": "S1",
        "current_action": "A1",
        "td_delta": 0.2166611506798759,
        "q_table": {
            "S0": {
                "A0": 20.36706557813865,
                "A1": 18.3444879315821
            },
            "S1": {
                "A0": 17.158342517867208,
                "A1": 20.482982744712896
            }
        }
    },
    {
        "episode": 162,
        "current_state": "S0",
        "current_action": "A0",
        "td_delta": 0.525557021032796,
        "q_table": {
            "S0": {
                "A0": 19.386481051574858,
                "A1": 18.3444879315821
            },
            "S1": {
                "A0": 17.158342517867208,
                "A1": 20.00848949722708
            }
        }
    },
    {
        "episode": 163,
        "current_state": "S0",
        "current_action": "A0",
        "td_delta": 0.22212244215610255,
        "q_table": {
            "S0": {
                "A0": 19.69793582950064,
                "A1": 18.3444879315821
            },
            "S1": {
                "A0": 17.158342517867208,
                "A1": 19.81126446493459
            }
        }
    },
    {
        "episode": 164,
        "current_state": "S0",
        "current_action": "A0",
        "td_delta": -3.1442487857779113,
        "q_table": {
            "S0": {
                "A0": 18.843488149201345,
                "A1": 18.3444879315821
            },
            "S1": {
                "A0": 17.158342517867208,
                "A1": 19.02295347436101
            }
        }
    },
    {
        "episode": 165,
        "current_state": "S1",
        "current_action": "A1",
        "td_delta": -0.16175550728885923,
        "q_table": {
            "S0": {
                "A0": 19.708621804287972,
                "A1": 18.3444879315821
            },
            "S1": {
                "A0": 17.158342517867208,
                "A1": 19.60222414241915
            }
        }
    },
    {
        "episode": 166,
        "current_state": "S0",
        "current_action": "A0",
        "td_delta": -0.35074557598063905,
        "q_table": {
            "S0": {
                "A0": 19.687097423581125,
                "A1": 18.3444879315821
            },
            "S1": {
                "A0": 17.158342517867208,
                "A1": 19.394830576887276
            }
        }
    },
    {
        "episode": 167,
        "current_state": "S0",
        "current_action": "A0",
        "td_delta": -0.9636064539224556,
        "q_table": {
            "S0": {
                "A0": 20.7112449140179,
                "A1": 18.3444879315821
            },
            "S1": {
                "A0": 17.158342517867208,
                "A1": 19.979425716097435
            }
        }
    },
    {
        "episode": 168,
        "current_state": "S0",
        "current_action": "A0",
        "td_delta": -0.2794707466349635,
        "q_table": {
            "S0": {
                "A0": 19.855963435544787,
                "A1": 18.3444879315821
            },
            "S1": {
                "A0": 17.158342517867208,
                "A1": 20.404610582859245
            }
        }
    },
    {
        "episode": 169,
        "current_state": "S1",
        "current_action": "A1",
        "td_delta": -0.16574713445834988,
        "q_table": {
            "S0": {
                "A0": 20.25404699935747,
                "A1": 18.3444879315821
            },
            "S1": {
                "A0": 17.158342517867208,
                "A1": 20.21422788113767
            }
        }
    },
    {
        "episode": 170,
        "current_state": "S0",
        "current_action": "A0",
        "td_delta": -0.7960486144204637,
        "q_table": {
            "S0": {
                "A0": 19.845510324882998,
                "A1": 18.3444879315821
            },
            "S1": {
                "A0": 17.158342517867208,
                "A1": 19.781236446560648
            }
        }
    },
    {
        "episode": 171,
        "current_state": "S0",
        "current_action": "A0",
        "td_delta": 1.4357666480344484,
        "q_table": {
            "S0": {
                "A0": 19.95663928445895,
                "A1": 18.3444879315821
            },
            "S1": {
                "A0": 17.158342517867208,
                "A1": 19.842671236563348
            }
        }
    },
    {
        "episode": 172,
        "current_state": "S1",
        "current_action": "A1",
        "td_delta": -1.0892502149791774,
        "q_table": {
            "S0": {
                "A0": 19.84330241343632,
                "A1": 18.3444879315821
            },
            "S1": {
                "A0": 17.158342517867208,
                "A1": 19.60542775357395
            }
        }
    },
    {
        "episode": 173,
        "current_state": "S0",
        "current_action": "A0",
        "td_delta": -0.3600296391165685,
        "q_table": {
            "S0": {
                "A0": 19.68814570644668,
                "A1": 18.3444879315821
            },
            "S1": {
                "A0": 17.158342517867208,
                "A1": 19.81239948137974
            }
        }
    },
    {
        "episode": 174,
        "current_state": "S1",
        "current_action": "A1",
        "td_delta": 0.4136680000424313,
        "q_table": {
            "S0": {
                "A0": 20.404494914378155,
                "A1": 18.3444879315821
            },
            "S1": {
                "A0": 17.158342517867208,
                "A1": 20.37492503090215
            }
        }
    },
    {
        "episode": 175,
        "current_state": "S1",
        "current_action": "A1",
        "td_delta": 5.428726171524595,
        "q_table": {
            "S0": {
                "A0": 20.568570246438444,
                "A1": 18.3444879315821
            },
            "S1": {
                "A0": 17.158342517867208,
                "A1": 20.855578011422462
            }
        }
    },
    {
        "episode": 176,
        "current_state": "S1",
        "current_action": "A1",
        "td_delta": 0.3514939997387998,
        "q_table": {
            "S0": {
                "A0": 20.468290488988263,
                "A1": 18.3444879315821
            },
            "S1": {
                "A0": 17.158342517867208,
                "A1": 20.615634182585882
            }
        }
    },
    {
        "episode": 177,
        "current_state": "S0",
        "current_action": "A0",
        "td_delta": -0.6321471071916278,
        "q_table": {
            "S0": {
                "A0": 21.131438971197095,
                "A1": 18.3444879315821
            },
            "S1": {
                "A0": 17.158342517867208,
                "A1": 20.90138672699421
            }
        }
    },
    {
        "episode": 178,
        "current_state": "S1",
        "current_action": "A1",
        "td_delta": 0.27159196981047984,
        "q_table": {
            "S0": {
                "A0": 20.96032010957277,
                "A1": 18.3444879315821
            },
            "S1": {
                "A0": 17.158342517867208,
                "A1": 20.701719008876264
            }
        }
    },
    {
        "episode": 179,
        "current_state": "S1",
        "current_action": "A1",
        "td_delta": 0.9287831805937969,
        "q_table": {
            "S0": {
                "A0": 20.839019902708326,
                "A1": 18.3444879315821
            },
            "S1": {
                "A0": 17.158342517867208,
                "A1": 20.6459679721214
            }
        }
    },
    {
        "episode": 180,
        "current_state": "S1",
        "current_action": "A1",
        "td_delta": 1.1016178706630768,
        "q_table": {
            "S0": {
                "A0": 20.709940811762824,
                "A1": 18.3444879315821
            },
            "S1": {
                "A0": 17.158342517867208,
                "A1": 20.790966684989773
            }
        }
    },
    {
        "episode": 181,
        "current_state": "S1",
        "current_action": "A1",
        "td_delta": -0.5735244718503729,
        "q_table": {
            "S0": {
                "A0": 20.08540502658895,
                "A1": 18.3444879315821
            },
            "S1": {
                "A0": 17.158342517867208,
                "A1": 20.32110578259539
            }
        }
    },
    {
        "episode": 182,
        "current_state": "S0",
        "current_action": "A0",
        "td_delta": 0.2719819946831592,
        "q_table": {
            "S0": {
                "A0": 20.283755757225986,
                "A1": 18.3444879315821
            },
            "S1": {
                "A0": 17.158342517867208,
                "A1": 20.374751623823144
            }
        }
    },
    {
        "episode": 183,
        "current_state": "S0",
        "current_action": "A0",
        "td_delta": -0.30275734141717336,
        "q_table": {
            "S0": {
                "A0": 20.23781333511799,
                "A1": 18.3444879315821
            },
            "S1": {
                "A0": 17.158342517867208,
                "A1": 20.618831388713925
            }
        }
    },
    {
        "episode": 184,
        "current_state": "S0",
        "current_action": "A0",
        "td_delta": 0.0608424081717871,
        "q_table": {
            "S0": {
                "A0": 20.152551470596382,
                "A1": 18.3444879315821
            },
            "S1": {
                "A0": 17.158342517867208,
                "A1": 20.689630948834434
            }
        }
    },
    {
        "episode": 185,
        "current_state": "S0",
        "current_action": "A0",
        "td_delta": -0.3587271589547072,
        "q_table": {
            "S0": {
                "A0": 20.452214763651575,
                "A1": 18.3444879315821
            },
            "S1": {
                "A0": 17.158342517867208,
                "A1": 20.37220893470754
            }
        }
    },
    {
        "episode": 186,
        "current_state": "S1",
        "current_action": "A1",
        "td_delta": 1.1607274839522042,
        "q_table": {
            "S0": {
                "A0": 20.58609463805349,
                "A1": 18.3444879315821
            },
            "S1": {
                "A0": 17.158342517867208,
                "A1": 20.524481454691156
            }
        }
    },
    {
        "episode": 187,
        "current_state": "S0",
        "current_action": "A0",
        "td_delta": 0.8092537238055293,
        "q_table": {
            "S0": {
                "A0": 20.402809713364142,
                "A1": 18.3444879315821
            },
            "S1": {
                "A0": 17.158342517867208,
                "A1": 20.221949620876796
            }
        }
    },
    {
        "episode": 188,
        "current_state": "S0",
        "current_action": "A0",
        "td_delta": -0.7668000865840909,
        "q_table": {
            "S0": {
                "A0": 20.993886634913324,
                "A1": 18.3444879315821
            },
            "S1": {
                "A0": 17.158342517867208,
                "A1": 20.042476414430716
            }
        }
    },
    {
        "episode": 189,
        "current_state": "S1",
        "current_action": "A1",
        "td_delta": -1.4937644704255462,
        "q_table": {
            "S0": {
                "A0": 20.247684429030677,
                "A1": 18.3444879315821
            },
            "S1": {
                "A0": 17.158342517867208,
                "A1": 20.3594569795106
            }
        }
    },
    {
        "episode": 190,
        "current_state": "S1",
        "current_action": "A1",
        "td_delta": 0.6117612233596965,
        "q_table": {
            "S0": {
                "A0": 20.080945365124574,
                "A1": 18.3444879315821
            },
            "S1": {
                "A0": 17.158342517867208,
                "A1": 20.198114078739025
            }
        }
    },
    {
        "episode": 191,
        "current_state": "S0",
        "current_action": "A0",
        "td_delta": 0.581005486288575,
        "q_table": {
            "S0": {
                "A0": 20.317052792627077,
                "A1": 18.3444879315821
            },
            "S1": {
                "A0": 17.158342517867208,
                "A1": 20.25249431920755
            }
        }
    },
    {
        "episode": 192,
        "current_state": "S1",
        "current_action": "A1",
        "td_delta": -0.27432140582412146,
        "q_table": {
            "S0": {
                "A0": 20.3338917893813,
                "A1": 18.3444879315821
            },
            "S1": {
                "A0": 17.158342517867208,
                "A1": 20.2167161276588
            }
        }
    },
    {
        "episode": 193,
        "current_state": "S0",
        "current_action": "A0",
        "td_delta": -0.2956872511044075,
        "q_table": {
            "S0": {
                "A0": 20.032532654118473,
                "A1": 18.3444879315821
            },
            "S1": {
                "A0": 17.158342517867208,
                "A1": 19.95574217347167
            }
        }
    },
    {
        "episode": 194,
        "current_state": "S1",
        "current_action": "A1",
        "td_delta": 0.16377030833888995,
        "q_table": {
            "S0": {
                "A0": 19.927429003780478,
                "A1": 18.3444879315821
            },
            "S1": {
                "A0": 17.158342517867208,
                "A1": 19.91201011389743
            }
        }
    },
    {
        "episode": 195,
        "current_state": "S1",
        "current_action": "A1",
        "td_delta": 0.2559101722086794,
        "q_table": {
            "S0": {
                "A0": 19.537491341922642,
                "A1": 18.3444879315821
            },
            "S1": {
                "A0": 17.158342517867208,
                "A1": 19.52098906574257
            }
        }
    },
    {
        "episode": 196,
        "current_state": "S0",
        "current_action": "A0",
        "td_delta": -1.1209548225206127,
        "q_table": {
            "S0": {
                "A0": 20.08089342424842,
                "A1": 18.3444879315821
            },
            "S1": {
                "A0": 17.158342517867208,
                "A1": 20.10676076108874
            }
        }
    },
    {
        "episode": 197,
        "current_state": "S0",
        "current_action": "A0",
        "td_delta": -0.29499403039390515,
        "q_table": {
            "S0": {
                "A0": 19.937634371525295,
                "A1": 18.3444879315821
            },
            "S1": {
                "A0": 17.158342517867208,
                "A1": 20.02526669574531
            }
        }
    },
    {
        "episode": 198,
        "current_state": "S0",
        "current_action": "A0",
        "td_delta": 0.1801470253721824,
        "q_table": {
            "S0": {
                "A0": 20.39768002881538,
                "A1": 18.3444879315821
            },
            "S1": {
                "A0": 17.158342517867208,
                "A1": 20.806708020172962
            }
        }
    },
    {
        "episode": 199,
        "current_state": "S0",
        "current_action": "A0",
        "td_delta": 0.9467767839536982,
        "q_table": {
            "S0": {
                "A0": 20.600689758858387,
                "A1": 18.3444879315821
            },
            "S1": {
                "A0": 17.158342517867208,
                "A1": 20.450760621814187
            }
        }
    }
]