[
    {
        "episode": 0,
        "current_state": "S1",
        "current_action": "A1",
        "td_delta": 0.652404724788564,
        "q_table": {
            "S0": {
                "A0": 5.184374440401727,
                "A1": 3.419347889266184
            },
            "S1": {
                "A0": 2.988839137305474,
                "A1": 5.148857704593209
            }
        }
    },
    {
        "episode": 1,
        "current_state": "S0",
        "current_action": "A0",
        "td_delta": 2.029815823962391,
        "q_table": {
            "S0": {
                "A0": 8.887834285270747,
                "A1": 7.947787235978542
            },
            "S1": {
                "A0": 8.269457167356425,
                "A1": 9.153302517596554
            }
        }
    },
    {
        "episode": 2,
        "current_state": "S1",
        "current_action": "A1",
        "td_delta": -0.21986111347770354,
        "q_table": {
            "S0": {
                "A0": 12.214092054346759,
                "A1": 10.729045530264612
            },
            "S1": {
                "A0": 10.604300152858002,
                "A1": 12.286464552042018
            }
        }
    },
    {
        "episode": 3,
        "current_state": "S0",
        "current_action": "A1",
        "td_delta": 1.5083446783098449,
        "q_table": {
            "S0": {
                "A0": 14.606776334535072,
                "A1": 13.30715913418886
            },
            "S1": {
                "A0": 12.549806432583837,
                "A1": 14.8164323096308
            }
        }
    },
    {
        "episode": 4,
        "current_state": "S0",
        "current_action": "A0",
        "td_delta": 0.10977073331477172,
        "q_table": {
            "S0": {
                "A0": 16.165111554715484,
                "A1": 14.43582443868279
            },
            "S1": {
                "A0": 14.314526415045421,
                "A1": 16.20568162077642
            }
        }
    },
    {
        "episode": 5,
        "current_state": "S1",
        "current_action": "A1",
        "td_delta": 1.3241209112542016,
        "q_table": {
            "S0": {
                "A0": 17.759382574316383,
                "A1": 15.861414501546378
            },
            "S1": {
                "A0": 15.554222306288546,
                "A1": 17.512611452755962
            }
        }
    },
    {
        "episode": 6,
        "current_state": "S0",
        "current_action": "A1",
        "td_delta": 1.2275039219285269,
        "q_table": {
            "S0": {
                "A0": 18.0587511140144,
                "A1": 16.670973015877287
            },
            "S1": {
                "A0": 16.805061519483267,
                "A1": 18.374746622584333
            }
        }
    },
    {
        "episode": 7,
        "current_state": "S1",
        "current_action": "A1",
        "td_delta": 1.319482175895363,
        "q_table": {
            "S0": {
                "A0": 17.906704455743373,
                "A1": 16.741639486129905
            },
            "S1": {
                "A0": 17.43110051728681,
                "A1": 18.359821998635894
            }
        }
    },
    {
        "episode": 8,
        "current_state": "S0",
        "current_action": "A0",
        "td_delta": -0.7919437046887126,
        "q_table": {
            "S0": {
                "A0": 18.885447510949177,
                "A1": 17.513771216888795
            },
            "S1": {
                "A0": 17.673435369885404,
                "A1": 19.107498641921485
            }
        }
    },
    {
        "episode": 9,
        "current_state": "S1",
        "current_action": "A1",
        "td_delta": 1.5348347800135862,
        "q_table": {
            "S0": {
                "A0": 19.404684753308732,
                "A1": 17.799685816968452
            },
            "S1": {
                "A0": 18.251061846595775,
                "A1": 19.48823457296563
            }
        }
    },
    {
        "episode": 10,
        "current_state": "S0",
        "current_action": "A0",
        "td_delta": 0.15216009248092277,
        "q_table": {
            "S0": {
                "A0": 19.989620144415504,
                "A1": 17.799685816968452
            },
            "S1": {
                "A0": 18.251061846595775,
                "A1": 19.904935405164817
            }
        }
    },
    {
        "episode": 11,
        "current_state": "S0",
        "current_action": "A0",
        "td_delta": -1.4021341186690428,
        "q_table": {
            "S0": {
                "A0": 19.46507815800608,
                "A1": 17.799685816968452
            },
            "S1": {
                "A0": 18.251061846595775,
                "A1": 19.349818153559937
            }
        }
    },
    {
        "episode": 12,
        "current_state": "S1",
        "current_action": "A1",
        "td_delta": 0.9860150764036391,
        "q_table": {
            "S0": {
                "A0": 19.515342618309486,
                "A1": 17.799685816968452
            },
            "S1": {
                "A0": 18.251061846595775,
                "A1": 19.330079991715262
            }
        }
    },
    {
        "episode": 13,
        "current_state": "S1",
        "current_action": "A1",
        "td_delta": 1.5552595109797487,
        "q_table": {
            "S0": {
                "A0": 19.82591740853546,
                "A1": 17.799685816968452
            },
            "S1": {
                "A0": 18.251061846595775,
                "A1": 20.14565432130052
            }
        }
    },
    {
        "episode": 14,
        "current_state": "S0",
        "current_action": "A0",
        "td_delta": -0.9219549599196206,
        "q_table": {
            "S0": {
                "A0": 20.86737669320427,
                "A1": 17.799685816968452
            },
            "S1": {
                "A0": 18.251061846595775,
                "A1": 20.617430748947573
            }
        }
    },
    {
        "episode": 15,
        "current_state": "S1",
        "current_action": "A1",
        "td_delta": -2.809312124662611,
        "q_table": {
            "S0": {
                "A0": 21.36657038258574,
                "A1": 17.799685816968452
            },
            "S1": {
                "A0": 18.251061846595775,
                "A1": 21.471208757523517
            }
        }
    },
    {
        "episode": 16,
        "current_state": "S0",
        "current_action": "A0",
        "td_delta": -0.5728933336474284,
        "q_table": {
            "S0": {
                "A0": 20.7146394349986,
                "A1": 17.799685816968452
            },
            "S1": {
                "A0": 18.251061846595775,
                "A1": 20.64097302190657
            }
        }
    },
    {
        "episode": 17,
        "current_state": "S1",
        "current_action": "A1",
        "td_delta": -0.18742666028593646,
        "q_table": {
            "S0": {
                "A0": 20.507363102503568,
                "A1": 17.799685816968452
            },
            "S1": {
                "A0": 18.251061846595775,
                "A1": 20.378026236830756
            }
        }
    },
    {
        "episode": 18,
        "current_state": "S1",
        "current_action": "A1",
        "td_delta": -0.5452436260661209,
        "q_table": {
            "S0": {
                "A0": 21.125642464770422,
                "A1": 17.799685816968452
            },
            "S1": {
                "A0": 18.251061846595775,
                "A1": 21.088834468752886
            }
        }
    },
    {
        "episode": 19,
        "current_state": "S1",
        "current_action": "A1",
        "td_delta": -0.654579158099331,
        "q_table": {
            "S0": {
                "A0": 20.16096070685309,
                "A1": 17.799685816968452
            },
            "S1": {
                "A0": 18.251061846595775,
                "A1": 20.338022966457178
            }
        }
    },
    {
        "episode": 20,
        "current_state": "S1",
        "current_action": "A1",
        "td_delta": 0.9089468008549204,
        "q_table": {
            "S0": {
                "A0": 20.166489159119525,
                "A1": 17.799685816968452
            },
            "S1": {
                "A0": 18.251061846595775,
                "A1": 20.567908340438144
            }
        }
    },
    {
        "episode": 21,
        "current_state": "S0",
        "current_action": "A0",
        "td_delta": 0.8349492283843354,
        "q_table": {
            "S0": {
                "A0": 20.262356258995073,
                "A1": 17.799685816968452
            },
            "S1": {
                "A0": 18.251061846595775,
                "A1": 20.334645391449556
            }
        }
    },
    {
        "episode": 22,
        "current_state": "S1",
        "current_action": "A1",
        "td_delta": -0.7901925353855894,
        "q_table": {
            "S0": {
                "A0": 20.639783345033074,
                "A1": 17.799685816968452
            },
            "S1": {
                "A0": 18.251061846595775,
                "A1": 20.378043783376796
            }
        }
    },
    {
        "episode": 23,
        "current_state": "S0",
        "current_action": "A0",
        "td_delta": 0.21397755354629666,
        "q_table": {
            "S0": {
                "A0": 21.37392822989165,
                "A1": 17.799685816968452
            },
            "S1": {
                "A0": 18.251061846595775,
                "A1": 21.188981878753353
            }
        }
    },
    {
        "episode": 24,
        "current_state": "S0",
        "current_action": "A0",
        "td_delta": 1.5278140182693996,
        "q_table": {
            "S0": {
                "A0": 20.458799061659114,
                "A1": 17.799685816968452
            },
            "S1": {
                "A0": 18.251061846595775,
                "A1": 20.23645805011286
            }
        }
    },
    {
        "episode": 25,
        "current_state": "S1",
        "current_action": "A1",
        "td_delta": -0.31233023714416674,
        "q_table": {
            "S0": {
                "A0": 20.827135951223063,
                "A1": 17.799685816968452
            },
            "S1": {
                "A0": 18.251061846595775,
                "A1": 20.78665157772725
            }
        }
    },
    {
        "episode": 26,
        "current_state": "S1",
        "current_action": "A1",
        "td_delta": -1.3717624944866138,
        "q_table": {
            "S0": {
                "A0": 19.59112679408235,
                "A1": 17.799685816968452
            },
            "S1": {
                "A0": 18.251061846595775,
                "A1": 19.990287969712067
            }
        }
    },
    {
        "episode": 27,
        "current_state": "S1",
        "current_action": "A1",
        "td_delta": 0.13979216190657695,
        "q_table": {
            "S0": {
                "A0": 20.15161200017916,
                "A1": 17.799685816968452
            },
            "S1": {
                "A0": 18.251061846595775,
                "A1": 20.30719347712491
            }
        }
    },
    {
        "episode": 28,
        "current_state": "S0",
        "current_action": "A0",
        "td_delta": -0.03203937241202226,
        "q_table": {
            "S0": {
                "A0": 20.29546218797928,
                "A1": 17.799685816968452
            },
            "S1": {
                "A0": 18.251061846595775,
                "A1": 19.96146708312051
            }
        }
    },
    {
        "episode": 29,
        "current_state": "S1",
        "current_action": "A1",
        "td_delta": 0.033908248227433546,
        "q_table": {
            "S0": {
                "A0": 20.28396718141562,
                "A1": 17.799685816968452
            },
            "S1": {
                "A0": 18.251061846595775,
                "A1": 20.09356909254841
            }
        }
    },
    {
        "episode": 30,
        "current_state": "S1",
        "current_action": "A1",
        "td_delta": 0.5893552307310017,
        "q_table": {
            "S0": {
                "A0": 20.033355992563788,
                "A1": 17.799685816968452
            },
            "S1": {
                "A0": 18.251061846595775,
                "A1": 19.85968902576309
            }
        }
    },
    {
        "episode": 31,
        "current_state": "S1",
        "current_action": "A1",
        "td_delta": 0.5988615759858966,
        "q_table": {
            "S0": {
                "A0": 20.588752434044743,
                "A1": 17.799685816968452
            },
            "S1": {
                "A0": 18.251061846595775,
                "A1": 20.303631489252965
            }
        }
    },
    {
        "episode": 32,
        "current_state": "S0",
        "current_action": "A0",
        "td_delta": 0.19490338191879886,
        "q_table": {
            "S0": {
                "A0": 20.30860890662892,
                "A1": 17.799685816968452
            },
            "S1": {
                "A0": 18.251061846595775,
                "A1": 20.278438177062043
            }
        }
    },
    {
        "episode": 33,
        "current_state": "S1",
        "current_action": "A1",
        "td_delta": 0.9562399228985967,
        "q_table": {
            "S0": {
                "A0": 19.801927993974164,
                "A1": 17.799685816968452
            },
            "S1": {
                "A0": 18.251061846595775,
                "A1": 20.10456652396801
            }
        }
    },
    {
        "episode": 34,
        "current_state": "S1",
        "current_action": "A1",
        "td_delta": 0.9785356916814898,
        "q_table": {
            "S0": {
                "A0": 20.245387005311006,
                "A1": 17.799685816968452
            },
            "S1": {
                "A0": 18.251061846595775,
                "A1": 20.241813507266563
            }
        }
    },
    {
        "episode": 35,
        "current_state": "S0",
        "current_action": "A0",
        "td_delta": 2.072177699680644,
        "q_table": {
            "S0": {
                "A0": 20.826627863161615,
                "A1": 17.799685816968452
            },
            "S1": {
                "A0": 18.251061846595775,
                "A1": 20.422187959316727
            }
        }
    },
    {
        "episode": 36,
        "current_state": "S1",
        "current_action": "A1",
        "td_delta": -0.11646671094236183,
        "q_table": {
            "S0": {
                "A0": 19.942523781176273,
                "A1": 17.799685816968452
            },
            "S1": {
                "A0": 18.251061846595775,
                "A1": 20.269939607906775
            }
        }
    },
    {
        "episode": 37,
        "current_state": "S0",
        "current_action": "A0",
        "td_delta": 0.09256787184802207,
        "q_table": {
            "S0": {
                "A0": 20.39337119870461,
                "A1": 17.799685816968452
            },
            "S1": {
                "A0": 18.251061846595775,
                "A1": 20.358620336198364
            }
        }
    },
    {
        "episode": 38,
        "current_state": "S1",
        "current_action": "A1",
        "td_delta": -1.3398915420023485,
        "q_table": {
            "S0": {
                "A0": 20.445462106178823,
                "A1": 17.799685816968452
            },
            "S1": {
                "A0": 18.251061846595775,
                "A1": 20.60816228582326
            }
        }
    },
    {
        "episode": 39,
        "current_state": "S1",
        "current_action": "A1",
        "td_delta": -0.272642436099396,
        "q_table": {
            "S0": {
                "A0": 19.982151645274996,
                "A1": 17.799685816968452
            },
            "S1": {
                "A0": 18.251061846595775,
                "A1": 20.159775147236957
            }
        }
    },
    {
        "episode": 40,
        "current_state": "S1",
        "current_action": "A1",
        "td_delta": -0.6992751887729085,
        "q_table": {
            "S0": {
                "A0": 20.594830604242635,
                "A1": 17.799685816968452
            },
            "S1": {
                "A0": 18.251061846595775,
                "A1": 20.307154158851812
            }
        }
    },
    {
        "episode": 41,
        "current_state": "S1",
        "current_action": "A1",
        "td_delta": 0.7286935785025896,
        "q_table": {
            "S0": {
                "A0": 19.985947491451334,
                "A1": 17.799685816968452
            },
            "S1": {
                "A0": 18.251061846595775,
                "A1": 20.24790306065387
            }
        }
    },
    {
        "episode": 42,
        "current_state": "S1",
        "current_action": "A1",
        "td_delta": 0.7211553647557594,
        "q_table": {
            "S0": {
                "A0": 20.85235524063571,
                "A1": 17.799685816968452
            },
            "S1": {
                "A0": 18.251061846595775,
                "A1": 20.930498731291955
            }
        }
    },
    {
        "episode": 43,
        "current_state": "S1",
        "current_action": "A1",
        "td_delta": 0.14691736396940414,
        "q_table": {
            "S0": {
                "A0": 20.191678525812474,
                "A1": 17.799685816968452
            },
            "S1": {
                "A0": 18.251061846595775,
                "A1": 20.317698076702907
            }
        }
    },
    {
        "episode": 44,
        "current_state": "S1",
        "current_action": "A1",
        "td_delta": -0.7513888020772583,
        "q_table": {
            "S0": {
                "A0": 19.923480244131227,
                "A1": 17.799685816968452
            },
            "S1": {
                "A0": 18.251061846595775,
                "A1": 20.036837500587637
            }
        }
    },
    {
        "episode": 45,
        "current_state": "S0",
        "current_action": "A0",
        "td_delta": 1.4648786690716271,
        "q_table": {
            "S0": {
                "A0": 19.55698274429896,
                "A1": 17.799685816968452
            },
            "S1": {
                "A0": 18.251061846595775,
                "A1": 20.09925097051492
            }
        }
    },
    {
        "episode": 46,
        "current_state": "S0",
        "current_action": "A0",
        "td_delta": -0.2375439093944962,
        "q_table": {
            "S0": {
                "A0": 20.287286108047187,
                "A1": 17.799685816968452
            },
            "S1": {
                "A0": 18.251061846595775,
                "A1": 20.416110258435708
            }
        }
    },
    {
        "episode": 47,
        "current_state": "S1",
        "current_action": "A1",
        "td_delta": -1.0805411100910334,
        "q_table": {
            "S0": {
                "A0": 19.981184131116322,
                "A1": 17.799685816968452
            },
            "S1": {
                "A0": 18.251061846595775,
                "A1": 19.814474639901242
            }
        }
    },
    {
        "episode": 48,
        "current_state": "S1",
        "current_action": "A1",
        "td_delta": 0.2988035797760311,
        "q_table": {
            "S0": {
                "A0": 20.04320986791395,
                "A1": 17.799685816968452
            },
            "S1": {
                "A0": 18.251061846595775,
                "A1": 20.19453028021732
            }
        }
    },
    {
        "episode": 49,
        "current_state": "S0",
        "current_action": "A0",
        "td_delta": 0.14079433854753276,
        "q_table": {
            "S0": {
                "A0": 19.779395647362175,
                "A1": 17.799685816968452
            },
            "S1": {
                "A0": 18.251061846595775,
                "A1": 19.791070915616615
            }
        }
    },
    {
        "episode": 50,
        "current_state": "S0",
        "current_action": "A0",
        "td_delta": 1.4495820213210138,
        "q_table": {
            "S0": {
                "A0": 20.109459428921976,
                "A1": 17.799685816968452
            },
            "S1": {
                "A0": 18.251061846595775,
                "A1": 19.838706367150703
            }
        }
    },
    {
        "episode": 51,
        "current_state": "S0",
        "current_action": "A0",
        "td_delta": -0.07108257703723808,
        "q_table": {
            "S0": {
                "A0": 20.364221991696315,
                "A1": 17.799685816968452
            },
            "S1": {
                "A0": 18.251061846595775,
                "A1": 20.176130469291998
            }
        }
    },
    {
        "episode": 52,
        "current_state": "S1",
        "current_action": "A1",
        "td_delta": 0.20936872142758034,
        "q_table": {
            "S0": {
                "A0": 21.284320836614043,
                "A1": 17.799685816968452
            },
            "S1": {
                "A0": 18.251061846595775,
                "A1": 20.906807991667815
            }
        }
    },
    {
        "episode": 53,
        "current_state": "S1",
        "current_action": "A1",
        "td_delta": -0.6350425436309166,
        "q_table": {
            "S0": {
                "A0": 20.51325209145816,
                "A1": 17.799685816968452
            },
            "S1": {
                "A0": 18.251061846595775,
                "A1": 20.51008001558017
            }
        }
    },
    {
        "episode": 54,
        "current_state": "S1",
        "current_action": "A1",
        "td_delta": 0.333216618511166,
        "q_table": {
            "S0": {
                "A0": 19.608031903917354,
                "A1": 17.799685816968452
            },
            "S1": {
                "A0": 18.251061846595775,
                "A1": 19.771560330865565
            }
        }
    },
    {
        "episode": 55,
        "current_state": "S0",
        "current_action": "A0",
        "td_delta": 0.34284894298320623,
        "q_table": {
            "S0": {
                "A0": 20.68671577446626,
                "A1": 17.799685816968452
            },
            "S1": {
                "A0": 18.251061846595775,
                "A1": 20.550600724935116
            }
        }
    },
    {
        "episode": 56,
        "current_state": "S0",
        "current_action": "A0",
        "td_delta": 0.3477623801836103,
        "q_table": {
            "S0": {
                "A0": 20.216804686182265,
                "A1": 17.799685816968452
            },
            "S1": {
                "A0": 18.251061846595775,
                "A1": 20.03375564961019
            }
        }
    },
    {
        "episode": 57,
        "current_state": "S0",
        "current_action": "A0",
        "td_delta": -0.7092370236233378,
        "q_table": {
            "S0": {
                "A0": 20.244462965304866,
                "A1": 17.799685816968452
            },
            "S1": {
                "A0": 18.251061846595775,
                "A1": 20.3658519967154
            }
        }
    },
    {
        "episode": 58,
        "current_state": "S0",
        "current_action": "A0",
        "td_delta": 0.004634964652908025,
        "q_table": {
            "S0": {
                "A0": 20.679166029936226,
                "A1": 17.799685816968452
            },
            "S1": {
                "A0": 18.251061846595775,
                "A1": 20.648571002719315
            }
        }
    },
    {
        "episode": 59,
        "current_state": "S1",
        "current_action": "A1",
        "td_delta": -0.025592583726691487,
        "q_table": {
            "S0": {
                "A0": 20.978221847475904,
                "A1": 17.799685816968452
            },
            "S1": {
                "A0": 18.251061846595775,
                "A1": 21.120198779082337
            }
        }
    },
    {
        "episode": 60,
        "current_state": "S1",
        "current_action": "A1",
        "td_delta": -0.815749550973841,
        "q_table": {
            "S0": {
                "A0": 20.78766368223866,
                "A1": 17.799685816968452
            },
            "S1": {
                "A0": 18.251061846595775,
                "A1": 20.744109686891253
            }
        }
    },
    {
        "episode": 61,
        "current_state": "S1",
        "current_action": "A1",
        "td_delta": -0.10940229133020551,
        "q_table": {
            "S0": {
                "A0": 20.00932824402868,
                "A1": 17.799685816968452
            },
            "S1": {
                "A0": 18.251061846595775,
                "A1": 19.774090425822997
            }
        }
    },
    {
        "episode": 62,
        "current_state": "S1",
        "current_action": "A1",
        "td_delta": 0.8371851071071212,
        "q_table": {
            "S0": {
                "A0": 19.54803015622399,
                "A1": 17.799685816968452
            },
            "S1": {
                "A0": 18.251061846595775,
                "A1": 19.32574457820518
            }
        }
    },
    {
        "episode": 63,
        "current_state": "S1",
        "current_action": "A1",
        "td_delta": 0.21152542051273215,
        "q_table": {
            "S0": {
                "A0": 19.8007157617849,
                "A1": 17.799685816968452
            },
            "S1": {
                "A0": 18.251061846595775,
                "A1": 19.91770399414495
            }
        }
    },
    {
        "episode": 64,
        "current_state": "S0",
        "current_action": "A0",
        "td_delta": 0.2746363194094563,
        "q_table": {
            "S0": {
                "A0": 20.433886767846413,
                "A1": 17.799685816968452
            },
            "S1": {
                "A0": 18.251061846595775,
                "A1": 20.22151213531973
            }
        }
    },
    {
        "episode": 65,
        "current_state": "S1",
        "current_action": "A1",
        "td_delta": 0.82386953558931,
        "q_table": {
            "S0": {
                "A0": 20.75960606559765,
                "A1": 17.799685816968452
            },
            "S1": {
                "A0": 18.251061846595775,
                "A1": 20.65693569900751
            }
        }
    },
    {
        "episode": 66,
        "current_state": "S0",
        "current_action": "A0",
        "td_delta": -0.5768477307519255,
        "q_table": {
            "S0": {
                "A0": 20.62831025825669,
                "A1": 17.799685816968452
            },
            "S1": {
                "A0": 18.251061846595775,
                "A1": 20.494165538422173
            }
        }
    },
    {
        "episode": 67,
        "current_state": "S0",
        "current_action": "A0",
        "td_delta": -0.12676849368688892,
        "q_table": {
            "S0": {
                "A0": 20.078836257500214,
                "A1": 17.799685816968452
            },
            "S1": {
                "A0": 18.251061846595775,
                "A1": 19.96585670733532
            }
        }
    },
    {
        "episode": 68,
        "current_state": "S0",
        "current_action": "A0",
        "td_delta": 0.8020362632869187,
        "q_table": {
            "S0": {
                "A0": 19.686746057925447,
                "A1": 17.799685816968452
            },
            "S1": {
                "A0": 18.251061846595775,
                "A1": 19.982937589870748
            }
        }
    },
    {
        "episode": 69,
        "current_state": "S0",
        "current_action": "A0",
        "td_delta": 0.5914249103661753,
        "q_table": {
            "S0": {
                "A0": 19.570892486102398,
                "A1": 17.799685816968452
            },
            "S1": {
                "A0": 18.251061846595775,
                "A1": 18.911184604924397
            }
        }
    },
    {
        "episode": 70,
        "current_state": "S0",
        "current_action": "A0",
        "td_delta": 2.654589997368511,
        "q_table": {
            "S0": {
                "A0": 19.714203569682347,
                "A1": 17.799685816968452
            },
            "S1": {
                "A0": 18.251061846595775,
                "A1": 19.92678105368223
            }
        }
    },
    {
        "episode": 71,
        "current_state": "S1",
        "current_action": "A1",
        "td_delta": -1.292960882373734,
        "q_table": {
            "S0": {
                "A0": 20.145035484582618,
                "A1": 17.799685816968452
            },
            "S1": {
                "A0": 18.251061846595775,
                "A1": 20.242918343260715
            }
        }
    },
    {
        "episode": 72,
        "current_state": "S0",
        "current_action": "A0",
        "td_delta": -0.40672881976255226,
        "q_table": {
            "S0": {
                "A0": 19.228828045649283,
                "A1": 17.799685816968452
            },
            "S1": {
                "A0": 18.251061846595775,
                "A1": 19.824316724308986
            }
        }
    },
    {
        "episode": 73,
        "current_state": "S0",
        "current_action": "A0",
        "td_delta": 0.6795109542052238,
        "q_table": {
            "S0": {
                "A0": 19.704970195743662,
                "A1": 17.799685816968452
            },
            "S1": {
                "A0": 18.251061846595775,
                "A1": 19.6463863939204
            }
        }
    },
    {
        "episode": 74,
        "current_state": "S0",
        "current_action": "A0",
        "td_delta": -1.6930145422728202,
        "q_table": {
            "S0": {
                "A0": 19.21124208850093,
                "A1": 17.799685816968452
            },
            "S1": {
                "A0": 18.251061846595775,
                "A1": 19.57029197464888
            }
        }
    },
    {
        "episode": 75,
        "current_state": "S0",
        "current_action": "A0",
        "td_delta": 1.441136583033387,
        "q_table": {
            "S0": {
                "A0": 19.92635778760982,
                "A1": 17.799685816968452
            },
            "S1": {
                "A0": 18.251061846595775,
                "A1": 19.758233908155404
            }
        }
    },
    {
        "episode": 76,
        "current_state": "S1",
        "current_action": "A1",
        "td_delta": 0.45800062842036837,
        "q_table": {
            "S0": {
                "A0": 19.977922786010264,
                "A1": 17.799685816968452
            },
            "S1": {
                "A0": 18.251061846595775,
                "A1": 19.992829954830906
            }
        }
    },
    {
        "episode": 77,
        "current_state": "S0",
        "current_action": "A0",
        "td_delta": 0.03372910039065857,
        "q_table": {
            "S0": {
                "A0": 19.4209699861325,
                "A1": 17.799685816968452
            },
            "S1": {
                "A0": 18.251061846595775,
                "A1": 19.510492894742583
            }
        }
    },
    {
        "episode": 78,
        "current_state": "S1",
        "current_action": "A1",
        "td_delta": 1.5876553474707116,
        "q_table": {
            "S0": {
                "A0": 19.383948683913005,
                "A1": 17.799685816968452
            },
            "S1": {
                "A0": 18.251061846595775,
                "A1": 19.165922102798067
            }
        }
    },
    {
        "episode": 79,
        "current_state": "S1",
        "current_action": "A1",
        "td_delta": -0.01947700959856391,
        "q_table": {
            "S0": {
                "A0": 20.3419534312513,
                "A1": 17.799685816968452
            },
            "S1": {
                "A0": 18.251061846595775,
                "A1": 20.02485584876488
            }
        }
    },
    {
        "episode": 80,
        "current_state": "S1",
        "current_action": "A1",
        "td_delta": -0.4368845309136873,
        "q_table": {
            "S0": {
                "A0": 20.144813476461387,
                "A1": 17.799685816968452
            },
            "S1": {
                "A0": 18.251061846595775,
                "A1": 20.250120048637566
            }
        }
    },
    {
        "episode": 81,
        "current_state": "S1",
        "current_action": "A1",
        "td_delta": 1.9509426994717067,
        "q_table": {
            "S0": {
                "A0": 20.194616671466097,
                "A1": 17.799685816968452
            },
            "S1": {
                "A0": 18.251061846595775,
                "A1": 20.360787292794953
            }
        }
    },
    {
        "episode": 82,
        "current_state": "S0",
        "current_action": "A0",
        "td_delta": -1.0141253367487835,
        "q_table": {
            "S0": {
                "A0": 20.20380631381295,
                "A1": 17.799685816968452
            },
            "S1": {
                "A0": 18.251061846595775,
                "A1": 20.263967976040938
            }
        }
    },
    {
        "episode": 83,
        "current_state": "S0",
        "current_action": "A0",
        "td_delta": 0.864487465550436,
        "q_table": {
            "S0": {
                "A0": 20.21599834795727,
                "A1": 17.799685816968452
            },
            "S1": {
                "A0": 18.251061846595775,
                "A1": 20.51598505772518
            }
        }
    },
    {
        "episode": 84,
        "current_state": "S1",
        "current_action": "A1",
        "td_delta": -0.9874870540157019,
        "q_table": {
            "S0": {
                "A0": 20.54963505267179,
                "A1": 17.799685816968452
            },
            "S1": {
                "A0": 18.251061846595775,
                "A1": 20.525703177018745
            }
        }
    },
    {
        "episode": 85,
        "current_state": "S0",
        "current_action": "A0",
        "td_delta": -0.917875682553003,
        "q_table": {
            "S0": {
                "A0": 20.565808957274715,
                "A1": 17.799685816968452
            },
            "S1": {
                "A0": 18.251061846595775,
                "A1": 21.326526336908334
            }
        }
    },
    {
        "episode": 86,
        "current_state": "S0",
        "current_action": "A0",
        "td_delta": 0.5266803661108241,
        "q_table": {
            "S0": {
                "A0": 20.48007365832125,
                "A1": 17.799685816968452
            },
            "S1": {
                "A0": 18.251061846595775,
                "A1": 20.429001905356657
            }
        }
    },
    {
        "episode": 87,
        "current_state": "S0",
        "current_action": "A0",
        "td_delta": -0.4201421322629493,
        "q_table": {
            "S0": {
                "A0": 20.552826324706782,
                "A1": 17.799685816968452
            },
            "S1": {
                "A0": 18.251061846595775,
                "A1": 20.577436605189032
            }
        }
    },
    {
        "episode": 88,
        "current_state": "S1",
        "current_action": "A1",
        "td_delta": -2.9104730649716686,
        "q_table": {
            "S0": {
                "A0": 20.709863588172652,
                "A1": 17.799685816968452
            },
            "S1": {
                "A0": 18.251061846595775,
                "A1": 20.522664336829887
            }
        }
    },
    {
        "episode": 89,
        "current_state": "S1",
        "current_action": "A1",
        "td_delta": -0.18774845417391361,
        "q_table": {
            "S0": {
                "A0": 21.292269287701124,
                "A1": 17.799685816968452
            },
            "S1": {
                "A0": 18.251061846595775,
                "A1": 21.136499191687534
            }
        }
    },
    {
        "episode": 90,
        "current_state": "S0",
        "current_action": "A0",
        "td_delta": -0.9228578918877979,
        "q_table": {
            "S0": {
                "A0": 20.743685985366135,
                "A1": 17.799685816968452
            },
            "S1": {
                "A0": 18.251061846595775,
                "A1": 20.70557705296346
            }
        }
    },
    {
        "episode": 91,
        "current_state": "S0",
        "current_action": "A0",
        "td_delta": -1.0796254021417013,
        "q_table": {
            "S0": {
                "A0": 20.6053042852707,
                "A1": 17.799685816968452
            },
            "S1": {
                "A0": 18.251061846595775,
                "A1": 20.869478723714636
            }
        }
    },
    {
        "episode": 92,
        "current_state": "S1",
        "current_action": "A1",
        "td_delta": 0.02471886528006806,
        "q_table": {
            "S0": {
                "A0": 20.658107517222625,
                "A1": 17.799685816968452
            },
            "S1": {
                "A0": 18.251061846595775,
                "A1": 20.240288093727354
            }
        }
    },
    {
        "episode": 93,
        "current_state": "S0",
        "current_action": "A0",
        "td_delta": -0.5747971129691294,
        "q_table": {
            "S0": {
                "A0": 20.207076078394387,
                "A1": 17.799685816968452
            },
            "S1": {
                "A0": 18.251061846595775,
                "A1": 20.116214474082582
            }
        }
    },
    {
        "episode": 94,
        "current_state": "S0",
        "current_action": "A0",
        "td_delta": 0.20921793401244315,
        "q_table": {
            "S0": {
                "A0": 19.648265183276813,
                "A1": 17.799685816968452
            },
            "S1": {
                "A0": 18.251061846595775,
                "A1": 19.71088702602531
            }
        }
    },
    {
        "episode": 95,
        "current_state": "S1",
        "current_action": "A1",
        "td_delta": -1.0542107122738784,
        "q_table": {
            "S0": {
                "A0": 20.5248191818169,
                "A1": 17.799685816968452
            },
            "S1": {
                "A0": 18.251061846595775,
                "A1": 20.3525135966817
            }
        }
    },
    {
        "episode": 96,
        "current_state": "S1",
        "current_action": "A1",
        "td_delta": 0.21971687061971323,
        "q_table": {
            "S0": {
                "A0": 20.372976832618114,
                "A1": 17.799685816968452
            },
            "S1": {
                "A0": 18.251061846595775,
                "A1": 20.36829787579856
            }
        }
    },
    {
        "episode": 97,
        "current_state": "S1",
        "current_action": "A1",
        "td_delta": -1.1422079382609667,
        "q_table": {
            "S0": {
                "A0": 20.31357823320655,
                "A1": 17.799685816968452
            },
            "S1": {
                "A0": 18.251061846595775,
                "A1": 20.25791692878356
            }
        }
    },
    {
        "episode": 98,
        "current_state": "S1",
        "current_action": "A1",
        "td_delta": 0.6869697380356534,
        "q_table": {
            "S0": {
                "A0": 20.612473919093098,
                "A1": 17.799685816968452
            },
            "S1": {
                "A0": 18.251061846595775,
                "A1": 20.651492128951702
            }
        }
    },
    {
        "episode": 99,
        "current_state": "S0",
        "current_action": "A0",
        "td_delta": -0.0421278274271053,
        "q_table": {
            "S0": {
                "A0": 19.91852773168784,
                "A1": 17.799685816968452
            },
            "S1": {
                "A0": 18.251061846595775,
                "A1": 19.928019881114935
            }
        }
    },
    {
        "episode": 100,
        "current_state": "S0",
        "current_action": "A0",
        "td_delta": 0.33507970995845326,
        "q_table": {
            "S0": {
                "A0": 19.6697468514113,
                "A1": 17.799685816968452
            },
            "S1": {
                "A0": 18.251061846595775,
                "A1": 19.779815098403546
            }
        }
    },
    {
        "episode": 101,
        "current_state": "S1",
        "current_action": "A1",
        "td_delta": -0.04766126431806228,
        "q_table": {
            "S0": {
                "A0": 19.955273841118338,
                "A1": 17.799685816968452
            },
            "S1": {
                "A0": 18.251061846595775,
                "A1": 19.95065341989276
            }
        }
    },
    {
        "episode": 102,
        "current_state": "S0",
        "current_action": "A0",
        "td_delta": -1.611595275509913,
        "q_table": {
            "S0": {
                "A0": 20.004686730761147,
                "A1": 17.799685816968452
            },
            "S1": {
                "A0": 18.251061846595775,
                "A1": 19.838060763113585
            }
        }
    },
    {
        "episode": 103,
        "current_state": "S0",
        "current_action": "A0",
        "td_delta": 1.4122537944354363,
        "q_table": {
            "S0": {
                "A0": 19.93422776713101,
                "A1": 17.799685816968452
            },
            "S1": {
                "A0": 18.251061846595775,
                "A1": 20.460587484581
            }
        }
    },
    {
        "episode": 104,
        "current_state": "S0",
        "current_action": "A0",
        "td_delta": -0.5673882007074234,
        "q_table": {
            "S0": {
                "A0": 20.32993574700348,
                "A1": 17.799685816968452
            },
            "S1": {
                "A0": 18.251061846595775,
                "A1": 20.31053611808879
            }
        }
    },
    {
        "episode": 105,
        "current_state": "S1",
        "current_action": "A1",
        "td_delta": -0.22484272087615764,
        "q_table": {
            "S0": {
                "A0": 20.34045593801253,
                "A1": 17.799685816968452
            },
            "S1": {
                "A0": 18.251061846595775,
                "A1": 20.246044496673978
            }
        }
    },
    {
        "episode": 106,
        "current_state": "S1",
        "current_action": "A1",
        "td_delta": -0.15218882114032795,
        "q_table": {
            "S0": {
                "A0": 20.26602813333735,
                "A1": 17.799685816968452
            },
            "S1": {
                "A0": 18.251061846595775,
                "A1": 20.23148076102991
            }
        }
    },
    {
        "episode": 107,
        "current_state": "S1",
        "current_action": "A1",
        "td_delta": -0.34364897982401743,
        "q_table": {
            "S0": {
                "A0": 20.10121194304414,
                "A1": 17.799685816968452
            },
            "S1": {
                "A0": 18.251061846595775,
                "A1": 20.518073694581343
            }
        }
    },
    {
        "episode": 108,
        "current_state": "S0",
        "current_action": "A0",
        "td_delta": -0.04518141904146944,
        "q_table": {
            "S0": {
                "A0": 19.685196498510567,
                "A1": 17.799685816968452
            },
            "S1": {
                "A0": 18.251061846595775,
                "A1": 19.890155129035374
            }
        }
    },
    {
        "episode": 109,
        "current_state": "S0",
        "current_action": "A0",
        "td_delta": 0.28259414491337864,
        "q_table": {
            "S0": {
                "A0": 19.619821931645923,
                "A1": 17.799685816968452
            },
            "S1": {
                "A0": 18.251061846595775,
                "A1": 19.825201440075517
            }
        }
    },
    {
        "episode": 110,
        "current_state": "S1",
        "current_action": "A1",
        "td_delta": 0.06266761796832299,
        "q_table": {
            "S0": {
                "A0": 19.973031884924705,
                "A1": 17.799685816968452
            },
            "S1": {
                "A0": 18.251061846595775,
                "A1": 19.601436158260746
            }
        }
    },
    {
        "episode": 111,
        "current_state": "S1",
        "current_action": "A1",
        "td_delta": -0.8549156596147327,
        "q_table": {
            "S0": {
                "A0": 20.035746755289473,
                "A1": 17.799685816968452
            },
            "S1": {
                "A0": 18.251061846595775,
                "A1": 20.105974546413787
            }
        }
    },
    {
        "episode": 112,
        "current_state": "S0",
        "current_action": "A0",
        "td_delta": -0.49057935820421505,
        "q_table": {
            "S0": {
                "A0": 19.90073543622172,
                "A1": 17.799685816968452
            },
            "S1": {
                "A0": 18.251061846595775,
                "A1": 19.792462496254483
            }
        }
    },
    {
        "episode": 113,
        "current_state": "S1",
        "current_action": "A1",
        "td_delta": -0.8053072900704805,
        "q_table": {
            "S0": {
                "A0": 20.549477437817153,
                "A1": 17.799685816968452
            },
            "S1": {
                "A0": 18.251061846595775,
                "A1": 20.39856239009887
            }
        }
    },
    {
        "episode": 114,
        "current_state": "S1",
        "current_action": "A1",
        "td_delta": -0.11603698448508126,
        "q_table": {
            "S0": {
                "A0": 20.539899362727276,
                "A1": 17.799685816968452
            },
            "S1": {
                "A0": 18.251061846595775,
                "A1": 20.581578046402317
            }
        }
    },
    {
        "episode": 115,
        "current_state": "S1",
        "current_action": "A1",
        "td_delta": -0.27241397835152625,
        "q_table": {
            "S0": {
                "A0": 20.296361362449527,
                "A1": 17.799685816968452
            },
            "S1": {
                "A0": 18.251061846595775,
                "A1": 20.167615102720948
            }
        }
    },
    {
        "episode": 116,
        "current_state": "S1",
        "current_action": "A1",
        "td_delta": 3.5203682542186456,
        "q_table": {
            "S0": {
                "A0": 19.92170691071054,
                "A1": 17.799685816968452
            },
            "S1": {
                "A0": 18.251061846595775,
                "A1": 20.214714212842708
            }
        }
    },
    {
        "episode": 117,
        "current_state": "S1",
        "current_action": "A1",
        "td_delta": -2.1300771895763795,
        "q_table": {
            "S0": {
                "A0": 20.00292323563362,
                "A1": 17.799685816968452
            },
            "S1": {
                "A0": 18.251061846595775,
                "A1": 19.656168644689
            }
        }
    },
    {
        "episode": 118,
        "current_state": "S1",
        "current_action": "A1",
        "td_delta": 0.879145343137111,
        "q_table": {
            "S0": {
                "A0": 20.43338177511411,
                "A1": 17.799685816968452
            },
            "S1": {
                "A0": 18.251061846595775,
                "A1": 20.5059235747793
            }
        }
    },
    {
        "episode": 119,
        "current_state": "S0",
        "current_action": "A0",
        "td_delta": -0.2725488637210205,
        "q_table": {
            "S0": {
                "A0": 20.390913769139825,
                "A1": 17.799685816968452
            },
            "S1": {
                "A0": 18.251061846595775,
                "A1": 20.12595481532323
            }
        }
    },
    {
        "episode": 120,
        "current_state": "S1",
        "current_action": "A1",
        "td_delta": -0.032168900377413934,
        "q_table": {
            "S0": {
                "A0": 20.422431234018063,
                "A1": 17.799685816968452
            },
            "S1": {
                "A0": 18.251061846595775,
                "A1": 20.488201880955927
            }
        }
    },
    {
        "episode": 121,
        "current_state": "S1",
        "current_action": "A1",
        "td_delta": 1.3381235840952712,
        "q_table": {
            "S0": {
                "A0": 20.61990692089084,
                "A1": 17.799685816968452
            },
            "S1": {
                "A0": 18.251061846595775,
                "A1": 20.232052380116016
            }
        }
    },
    {
        "episode": 122,
        "current_state": "S1",
        "current_action": "A1",
        "td_delta": 0.19182607773052496,
        "q_table": {
            "S0": {
                "A0": 20.701355758854408,
                "A1": 17.799685816968452
            },
            "S1": {
                "A0": 18.251061846595775,
                "A1": 20.503881657011497
            }
        }
    },
    {
        "episode": 123,
        "current_state": "S1",
        "current_action": "A1",
        "td_delta": -0.29488738422429606,
        "q_table": {
            "S0": {
                "A0": 20.674019071389523,
                "A1": 17.799685816968452
            },
            "S1": {
                "A0": 18.251061846595775,
                "A1": 20.42297711305244
            }
        }
    },
    {
        "episode": 124,
        "current_state": "S0",
        "current_action": "A0",
        "td_delta": 2.072215576709322,
        "q_table": {
            "S0": {
                "A0": 20.32264772904123,
                "A1": 17.799685816968452
            },
            "S1": {
                "A0": 18.251061846595775,
                "A1": 20.109608593421797
            }
        }
    },
    {
        "episode": 125,
        "current_state": "S1",
        "current_action": "A1",
        "td_delta": 1.6075727662217218,
        "q_table": {
            "S0": {
                "A0": 19.843222886052267,
                "A1": 17.799685816968452
            },
            "S1": {
                "A0": 18.251061846595775,
                "A1": 19.86343204984749
            }
        }
    },
    {
        "episode": 126,
        "current_state": "S1",
        "current_action": "A1",
        "td_delta": -0.03507036781070383,
        "q_table": {
            "S0": {
                "A0": 20.645996392259278,
                "A1": 17.799685816968452
            },
            "S1": {
                "A0": 18.251061846595775,
                "A1": 20.929358902062983
            }
        }
    },
    {
        "episode": 127,
        "current_state": "S1",
        "current_action": "A1",
        "td_delta": -0.17177834901518452,
        "q_table": {
            "S0": {
                "A0": 20.886473273454403,
                "A1": 17.799685816968452
            },
            "S1": {
                "A0": 18.251061846595775,
                "A1": 21.138732593222628
            }
        }
    },
    {
        "episode": 128,
        "current_state": "S1",
        "current_action": "A1",
        "td_delta": 0.2660435549705511,
        "q_table": {
            "S0": {
                "A0": 19.949682986050345,
                "A1": 17.799685816968452
            },
            "S1": {
                "A0": 18.251061846595775,
                "A1": 19.76926840579155
            }
        }
    },
    {
        "episode": 129,
        "current_state": "S0",
        "current_action": "A0",
        "td_delta": 0.08911601938560665,
        "q_table": {
            "S0": {
                "A0": 19.911446956903653,
                "A1": 17.799685816968452
            },
            "S1": {
                "A0": 18.251061846595775,
                "A1": 20.357854430389665
            }
        }
    },
    {
        "episode": 130,
        "current_state": "S0",
        "current_action": "A0",
        "td_delta": -0.259036071729863,
        "q_table": {
            "S0": {
                "A0": 20.60313943012565,
                "A1": 17.799685816968452
            },
            "S1": {
                "A0": 18.251061846595775,
                "A1": 20.77245857218614
            }
        }
    },
    {
        "episode": 131,
        "current_state": "S0",
        "current_action": "A0",
        "td_delta": 0.547078841678978,
        "q_table": {
            "S0": {
                "A0": 20.93174246737812,
                "A1": 17.799685816968452
            },
            "S1": {
                "A0": 18.251061846595775,
                "A1": 20.699506462103372
            }
        }
    },
    {
        "episode": 132,
        "current_state": "S0",
        "current_action": "A0",
        "td_delta": 0.8735506576517409,
        "q_table": {
            "S0": {
                "A0": 20.816707159881812,
                "A1": 17.799685816968452
            },
            "S1": {
                "A0": 18.251061846595775,
                "A1": 20.428374339742643
            }
        }
    },
    {
        "episode": 133,
        "current_state": "S0",
        "current_action": "A0",
        "td_delta": 1.2793444557135025,
        "q_table": {
            "S0": {
                "A0": 20.65798687771366,
                "A1": 17.799685816968452
            },
            "S1": {
                "A0": 18.251061846595775,
                "A1": 20.527538236506462
            }
        }
    },
    {
        "episode": 134,
        "current_state": "S0",
        "current_action": "A0",
        "td_delta": 0.5979249489215057,
        "q_table": {
            "S0": {
                "A0": 20.72365584080571,
                "A1": 17.799685816968452
            },
            "S1": {
                "A0": 18.251061846595775,
                "A1": 20.80134985426118
            }
        }
    },
    {
        "episode": 135,
        "current_state": "S0",
        "current_action": "A0",
        "td_delta": 0.18220629589663773,
        "q_table": {
            "S0": {
                "A0": 19.858252225373224,
                "A1": 17.799685816968452
            },
            "S1": {
                "A0": 18.251061846595775,
                "A1": 20.107018860755776
            }
        }
    },
    {
        "episode": 136,
        "current_state": "S0",
        "current_action": "A0",
        "td_delta": -1.1707494941432124,
        "q_table": {
            "S0": {
                "A0": 19.22993701931806,
                "A1": 17.799685816968452
            },
            "S1": {
                "A0": 18.251061846595775,
                "A1": 18.886282012876855
            }
        }
    },
    {
        "episode": 137,
        "current_state": "S1",
        "current_action": "A1",
        "td_delta": -0.21139376010914646,
        "q_table": {
            "S0": {
                "A0": 19.35158441101107,
                "A1": 17.799685816968452
            },
            "S1": {
                "A0": 18.251061846595775,
                "A1": 19.869769121008197
            }
        }
    },
    {
        "episode": 138,
        "current_state": "S1",
        "current_action": "A1",
        "td_delta": 0.145840219395172,
        "q_table": {
            "S0": {
                "A0": 19.65795904402649,
                "A1": 17.799685816968452
            },
            "S1": {
                "A0": 18.251061846595775,
                "A1": 20.134454095168188
            }
        }
    },
    {
        "episode": 139,
        "current_state": "S0",
        "current_action": "A0",
        "td_delta": -0.2467006594813128,
        "q_table": {
            "S0": {
                "A0": 20.974534008865003,
                "A1": 17.799685816968452
            },
            "S1": {
                "A0": 18.251061846595775,
                "A1": 20.839389106549643
            }
        }
    },
    {
        "episode": 140,
        "current_state": "S1",
        "current_action": "A1",
        "td_delta": -0.8456542510905898,
        "q_table": {
            "S0": {
                "A0": 21.096687485816858,
                "A1": 17.799685816968452
            },
            "S1": {
                "A0": 18.251061846595775,
                "A1": 21.040223309216703
            }
        }
    },
    {
        "episode": 141,
        "current_state": "S1",
        "current_action": "A1",
        "td_delta": -0.034092462623760866,
        "q_table": {
            "S0": {
                "A0": 20.516705122329476,
                "A1": 17.799685816968452
            },
            "S1": {
                "A0": 18.251061846595775,
                "A1": 20.339816940457915
            }
        }
    },
    {
        "episode": 142,
        "current_state": "S0",
        "current_action": "A0",
        "td_delta": -0.6950764713837181,
        "q_table": {
            "S0": {
                "A0": 21.140374381238832,
                "A1": 17.799685816968452
            },
            "S1": {
                "A0": 18.251061846595775,
                "A1": 20.878804278881653
            }
        }
    },
    {
        "episode": 143,
        "current_state": "S1",
        "current_action": "A1",
        "td_delta": -0.21463797712931054,
        "q_table": {
            "S0": {
                "A0": 20.525078052814564,
                "A1": 17.799685816968452
            },
            "S1": {
                "A0": 18.251061846595775,
                "A1": 21.06739356094949
            }
        }
    },
    {
        "episode": 144,
        "current_state": "S1",
        "current_action": "A1",
        "td_delta": -1.416232026405698,
        "q_table": {
            "S0": {
                "A0": 20.27973882279329,
                "A1": 17.799685816968452
            },
            "S1": {
                "A0": 18.251061846595775,
                "A1": 20.167322544279088
            }
        }
    },
    {
        "episode": 145,
        "current_state": "S1",
        "current_action": "A1",
        "td_delta": -1.688335151362967,
        "q_table": {
            "S0": {
                "A0": 19.84576959626713,
                "A1": 17.799685816968452
            },
            "S1": {
                "A0": 18.251061846595775,
                "A1": 20.05213868986709
            }
        }
    },
    {
        "episode": 146,
        "current_state": "S1",
        "current_action": "A1",
        "td_delta": 0.09498137395976869,
        "q_table": {
            "S0": {
                "A0": 20.210380847352535,
                "A1": 17.799685816968452
            },
            "S1": {
                "A0": 18.251061846595775,
                "A1": 20.14644107605349
            }
        }
    },
    {
        "episode": 147,
        "current_state": "S1",
        "current_action": "A1",
        "td_delta": -0.4886784416817598,
        "q_table": {
            "S0": {
                "A0": 20.4004358888257,
                "A1": 17.799685816968452
            },
            "S1": {
                "A0": 18.251061846595775,
                "A1": 20.569433666456717
            }
        }
    },
    {
        "episode": 148,
        "current_state": "S0",
        "current_action": "A0",
        "td_delta": 4.6440462893895,
        "q_table": {
            "S0": {
                "A0": 20.681259882612405,
                "A1": 17.799685816968452
            },
            "S1": {
                "A0": 18.251061846595775,
                "A1": 20.65437362340328
            }
        }
    },
    {
        "episode": 149,
        "current_state": "S1",
        "current_action": "A1",
        "td_delta": -0.4222724036349028,
        "q_table": {
            "S0": {
                "A0": 20.36205883893213,
                "A1": 17.799685816968452
            },
            "S1": {
                "A0": 18.251061846595775,
                "A1": 20.705898118310326
            }
        }
    },
    {
        "episode": 150,
        "current_state": "S1",
        "current_action": "A1",
        "td_delta": 0.3747761202012114,
        "q_table": {
            "S0": {
                "A0": 20.046229456709398,
                "A1": 17.799685816968452
            },
            "S1": {
                "A0": 18.251061846595775,
                "A1": 19.70588001885737
            }
        }
    },
    {
        "episode": 151,
        "current_state": "S0",
        "current_action": "A0",
        "td_delta": -0.5033081637870254,
        "q_table": {
            "S0": {
                "A0": 20.066930404728623,
                "A1": 17.799685816968452
            },
            "S1": {
                "A0": 18.251061846595775,
                "A1": 19.651765841467004
            }
        }
    },
    {
        "episode": 152,
        "current_state": "S0",
        "current_action": "A0",
        "td_delta": 0.43506697417202034,
        "q_table": {
            "S0": {
                "A0": 20.875256195697006,
                "A1": 17.799685816968452
            },
            "S1": {
                "A0": 18.251061846595775,
                "A1": 20.760218510216657
            }
        }
    },
    {
        "episode": 153,
        "current_state": "S0",
        "current_action": "A0",
        "td_delta": 0.7731680080452037,
        "q_table": {
            "S0": {
                "A0": 20.723431163315308,
                "A1": 17.799685816968452
            },
            "S1": {
                "A0": 18.251061846595775,
                "A1": 21.186946656173323
            }
        }
    },
    {
        "episode": 154,
        "current_state": "S1",
        "current_action": "A1",
        "td_delta": 0.8707922678736608,
        "q_table": {
            "S0": {
                "A0": 21.054744272776855,
                "A1": 17.799685816968452
            },
            "S1": {
                "A0": 18.251061846595775,
                "A1": 20.837187485412876
            }
        }
    },
    {
        "episode": 155,
        "current_state": "S1",
        "current_action": "A1",
        "td_delta": -0.2747460075369119,
        "q_table": {
            "S0": {
                "A0": 20.205064873029553,
                "A1": 17.799685816968452
            },
            "S1": {
                "A0": 18.251061846595775,
                "A1": 20.075121107509815
            }
        }
    },
    {
        "episode": 156,
        "current_state": "S0",
        "current_action": "A0",
        "td_delta": 0.16441887041077763,
        "q_table": {
            "S0": {
                "A0": 20.58298618279506,
                "A1": 17.799685816968452
            },
            "S1": {
                "A0": 18.251061846595775,
                "A1": 20.88653928462751
            }
        }
    },
    {
        "episode": 157,
        "current_state": "S1",
        "current_action": "A1",
        "td_delta": -1.7454282877853728,
        "q_table": {
            "S0": {
                "A0": 20.20012675918716,
                "A1": 17.799685816968452
            },
            "S1": {
                "A0": 18.251061846595775,
                "A1": 20.230405569075195
            }
        }
    },
    {
        "episode": 158,
        "current_state": "S0",
        "current_action": "A0",
        "td_delta": -0.8623964974620826,
        "q_table": {
            "S0": {
                "A0": 19.758099418570836,
                "A1": 17.799685816968452
            },
            "S1": {
                "A0": 18.251061846595775,
                "A1": 19.8725320553944
            }
        }
    },
    {
        "episode": 159,
        "current_state": "S1",
        "current_action": "A1",
        "td_delta": 0.3814081522593362,
        "q_table": {
            "S0": {
                "A0": 19.82581885726981,
                "A1": 17.799685816968452
            },
            "S1": {
                "A0": 18.251061846595775,
                "A1": 20.008927341509427
            }
        }
    },
    {
        "episode": 160,
        "current_state": "S1",
        "current_action": "A1",
        "td_delta": 0.126211863327228,
        "q_table": {
            "S0": {
                "A0": 20.148566440151527,
                "A1": 17.799685816968452
            },
            "S1": {
                "A0": 18.251061846595775,
                "A1": 19.980696687141872
            }
        }
    },
    {
        "episode": 161,
        "current_state": "S1",
        "current_action": "A1",
        "td_delta": -0.714698417616642,
        "q_table": {
            "S0": {
                "A0": 19.858007849137433,
                "A1": 17.799685816968452
            },
            "S1": {
                "A0": 18.251061846595775,
                "A1": 19.90416772440477
            }
        }
    },
    {
        "episode": 162,
        "current_state": "S1",
        "current_action": "A1",
        "td_delta": 0.012489190880351941,
        "q_table": {
            "S0": {
                "A0": 20.35322200739037,
                "A1": 17.799685816968452
            },
            "S1": {
                "A0": 18.251061846595775,
                "A1": 20.255945180284527
            }
        }
    },
    {
        "episode": 163,
        "current_state": "S1",
        "current_action": "A1",
        "td_delta": 0.6246637490077376,
        "q_table": {
            "S0": {
                "A0": 20.06724516705917,
                "A1": 17.799685816968452
            },
            "S1": {
                "A0": 18.251061846595775,
                "A1": 20.13648178524629
            }
        }
    },
    {
        "episode": 164,
        "current_state": "S0",
        "current_action": "A0",
        "td_delta": -2.999572576785834,
        "q_table": {
            "S0": {
                "A0": 19.691053415082692,
                "A1": 17.799685816968452
            },
            "S1": {
                "A0": 18.251061846595775,
                "A1": 19.500171299972713
            }
        }
    },
    {
        "episode": 165,
        "current_state": "S1",
        "current_action": "A1",
        "td_delta": 0.1622350377564281,
        "q_table": {
            "S0": {
                "A0": 18.269481763047796,
                "A1": 17.799685816968452
            },
            "S1": {
                "A0": 17.667587370150116,
                "A1": 17.851035923762232
            }
        }
    },
    {
        "episode": 166,
        "current_state": "S0",
        "current_action": "A0",
        "td_delta": -1.2595683229738235,
        "q_table": {
            "S0": {
                "A0": 19.40846823465003,
                "A1": 17.799685816968452
            },
            "S1": {
                "A0": 17.667587370150116,
                "A1": 19.292383309970656
            }
        }
    },
    {
        "episode": 167,
        "current_state": "S1",
        "current_action": "A1",
        "td_delta": -0.6070060782620885,
        "q_table": {
            "S0": {
                "A0": 19.63309309746476,
                "A1": 17.799685816968452
            },
            "S1": {
                "A0": 17.667587370150116,
                "A1": 19.596767518154163
            }
        }
    },
    {
        "episode": 168,
        "current_state": "S1",
        "current_action": "A1",
        "td_delta": 0.48495680550235676,
        "q_table": {
            "S0": {
                "A0": 19.83363164680193,
                "A1": 17.799685816968452
            },
            "S1": {
                "A0": 17.667587370150116,
                "A1": 20.035283944169617
            }
        }
    },
    {
        "episode": 169,
        "current_state": "S0",
        "current_action": "A0",
        "td_delta": 0.3837010767811364,
        "q_table": {
            "S0": {
                "A0": 20.213623719866753,
                "A1": 17.799685816968452
            },
            "S1": {
                "A0": 17.667587370150116,
                "A1": 20.06549437563249
            }
        }
    },
    {
        "episode": 170,
        "current_state": "S1",
        "current_action": "A1",
        "td_delta": -0.6754275065766926,
        "q_table": {
            "S0": {
                "A0": 19.749624604999205,
                "A1": 17.799685816968452
            },
            "S1": {
                "A0": 17.667587370150116,
                "A1": 19.838416581418308
            }
        }
    },
    {
        "episode": 171,
        "current_state": "S1",
        "current_action": "A1",
        "td_delta": -0.01131846263419689,
        "q_table": {
            "S0": {
                "A0": 20.374563308827103,
                "A1": 17.799685816968452
            },
            "S1": {
                "A0": 17.667587370150116,
                "A1": 20.33265212231517
            }
        }
    },
    {
        "episode": 172,
        "current_state": "S1",
        "current_action": "A1",
        "td_delta": -0.20806059999965498,
        "q_table": {
            "S0": {
                "A0": 20.706543604159428,
                "A1": 17.799685816968452
            },
            "S1": {
                "A0": 17.667587370150116,
                "A1": 20.43843485974317
            }
        }
    },
    {
        "episode": 173,
        "current_state": "S0",
        "current_action": "A0",
        "td_delta": -0.9847466176717248,
        "q_table": {
            "S0": {
                "A0": 20.021314214950056,
                "A1": 17.799685816968452
            },
            "S1": {
                "A0": 17.667587370150116,
                "A1": 19.898095247387612
            }
        }
    },
    {
        "episode": 174,
        "current_state": "S1",
        "current_action": "A1",
        "td_delta": -0.3324853372867409,
        "q_table": {
            "S0": {
                "A0": 20.128513296522822,
                "A1": 17.799685816968452
            },
            "S1": {
                "A0": 17.667587370150116,
                "A1": 19.948746561428607
            }
        }
    },
    {
        "episode": 175,
        "current_state": "S0",
        "current_action": "A0",
        "td_delta": -0.17939852332070316,
        "q_table": {
            "S0": {
                "A0": 20.06737373138232,
                "A1": 17.799685816968452
            },
            "S1": {
                "A0": 17.667587370150116,
                "A1": 20.0316917171041
            }
        }
    },
    {
        "episode": 176,
        "current_state": "S0",
        "current_action": "A0",
        "td_delta": -0.022261680950691698,
        "q_table": {
            "S0": {
                "A0": 20.223334693176543,
                "A1": 17.799685816968452
            },
            "S1": {
                "A0": 17.667587370150116,
                "A1": 20.392505085912134
            }
        }
    },
    {
        "episode": 177,
        "current_state": "S1",
        "current_action": "A1",
        "td_delta": -1.388855623288574,
        "q_table": {
            "S0": {
                "A0": 20.38405450480521,
                "A1": 17.799685816968452
            },
            "S1": {
                "A0": 17.667587370150116,
                "A1": 20.331625378284407
            }
        }
    },
    {
        "episode": 178,
        "current_state": "S0",
        "current_action": "A0",
        "td_delta": -0.9534713797638794,
        "q_table": {
            "S0": {
                "A0": 20.02250705966241,
                "A1": 17.799685816968452
            },
            "S1": {
                "A0": 17.667587370150116,
                "A1": 20.15922388929976
            }
        }
    },
    {
        "episode": 179,
        "current_state": "S0",
        "current_action": "A0",
        "td_delta": -1.2602077855685572,
        "q_table": {
            "S0": {
                "A0": 20.435872002660012,
                "A1": 17.799685816968452
            },
            "S1": {
                "A0": 17.667587370150116,
                "A1": 20.14436485738701
            }
        }
    },
    {
        "episode": 180,
        "current_state": "S1",
        "current_action": "A1",
        "td_delta": -0.10363152695055078,
        "q_table": {
            "S0": {
                "A0": 20.204090204308116,
                "A1": 17.799685816968452
            },
            "S1": {
                "A0": 17.667587370150116,
                "A1": 20.31631282681044
            }
        }
    },
    {
        "episode": 181,
        "current_state": "S0",
        "current_action": "A0",
        "td_delta": 2.1387537877291223,
        "q_table": {
            "S0": {
                "A0": 20.21664245478055,
                "A1": 17.799685816968452
            },
            "S1": {
                "A0": 17.667587370150116,
                "A1": 20.432631763040845
            }
        }
    },
    {
        "episode": 182,
        "current_state": "S1",
        "current_action": "A1",
        "td_delta": 0.6993055637605146,
        "q_table": {
            "S0": {
                "A0": 20.594361633353454,
                "A1": 17.799685816968452
            },
            "S1": {
                "A0": 17.667587370150116,
                "A1": 20.249568621633646
            }
        }
    },
    {
        "episode": 183,
        "current_state": "S1",
        "current_action": "A1",
        "td_delta": -0.6193664259950786,
        "q_table": {
            "S0": {
                "A0": 20.653475369403015,
                "A1": 17.799685816968452
            },
            "S1": {
                "A0": 17.667587370150116,
                "A1": 20.723843577351285
            }
        }
    },
    {
        "episode": 184,
        "current_state": "S1",
        "current_action": "A1",
        "td_delta": -0.42890755853733964,
        "q_table": {
            "S0": {
                "A0": 20.115505688233053,
                "A1": 17.799685816968452
            },
            "S1": {
                "A0": 17.667587370150116,
                "A1": 20.405612009519654
            }
        }
    },
    {
        "episode": 185,
        "current_state": "S0",
        "current_action": "A0",
        "td_delta": -0.6647237689341345,
        "q_table": {
            "S0": {
                "A0": 19.911264421287513,
                "A1": 17.799685816968452
            },
            "S1": {
                "A0": 17.667587370150116,
                "A1": 19.845288704718655
            }
        }
    },
    {
        "episode": 186,
        "current_state": "S1",
        "current_action": "A1",
        "td_delta": 1.0232705763851904,
        "q_table": {
            "S0": {
                "A0": 19.60216570731098,
                "A1": 17.799685816968452
            },
            "S1": {
                "A0": 17.667587370150116,
                "A1": 19.80929502483321
            }
        }
    },
    {
        "episode": 187,
        "current_state": "S1",
        "current_action": "A1",
        "td_delta": 0.7632735175979235,
        "q_table": {
            "S0": {
                "A0": 20.31052179629262,
                "A1": 17.799685816968452
            },
            "S1": {
                "A0": 17.667587370150116,
                "A1": 19.74117290382523
            }
        }
    },
    {
        "episode": 188,
        "current_state": "S0",
        "current_action": "A0",
        "td_delta": 1.2999925960183418,
        "q_table": {
            "S0": {
                "A0": 19.662676519418415,
                "A1": 17.799685816968452
            },
            "S1": {
                "A0": 17.667587370150116,
                "A1": 19.262653937981142
            }
        }
    },
    {
        "episode": 189,
        "current_state": "S0",
        "current_action": "A0",
        "td_delta": 0.8086753418342632,
        "q_table": {
            "S0": {
                "A0": 20.62056228584079,
                "A1": 17.799685816968452
            },
            "S1": {
                "A0": 17.667587370150116,
                "A1": 20.35558449125662
            }
        }
    },
    {
        "episode": 190,
        "current_state": "S1",
        "current_action": "A1",
        "td_delta": 0.6550035930863203,
        "q_table": {
            "S0": {
                "A0": 20.31653862181168,
                "A1": 17.799685816968452
            },
            "S1": {
                "A0": 17.667587370150116,
                "A1": 20.717993965852827
            }
        }
    },
    {
        "episode": 191,
        "current_state": "S0",
        "current_action": "A0",
        "td_delta": 0.5036400834343269,
        "q_table": {
            "S0": {
                "A0": 20.027384205460546,
                "A1": 17.799685816968452
            },
            "S1": {
                "A0": 17.667587370150116,
                "A1": 19.93279935839049
            }
        }
    },
    {
        "episode": 192,
        "current_state": "S0",
        "current_action": "A0",
        "td_delta": -0.2760007512030107,
        "q_table": {
            "S0": {
                "A0": 20.006790920600782,
                "A1": 17.799685816968452
            },
            "S1": {
                "A0": 17.667587370150116,
                "A1": 19.806482356131188
            }
        }
    },
    {
        "episode": 193,
        "current_state": "S0",
        "current_action": "A0",
        "td_delta": -0.5834490550975637,
        "q_table": {
            "S0": {
                "A0": 20.397498287075244,
                "A1": 17.799685816968452
            },
            "S1": {
                "A0": 17.667587370150116,
                "A1": 20.155039948319374
            }
        }
    },
    {
        "episode": 194,
        "current_state": "S1",
        "current_action": "A1",
        "td_delta": -0.9908888809239649,
        "q_table": {
            "S0": {
                "A0": 20.395177498088497,
                "A1": 17.799685816968452
            },
            "S1": {
                "A0": 17.667587370150116,
                "A1": 20.538323059111217
            }
        }
    },
    {
        "episode": 195,
        "current_state": "S0",
        "current_action": "A0",
        "td_delta": 0.03847786905147288,
        "q_table": {
            "S0": {
                "A0": 20.45581083623863,
                "A1": 17.799685816968452
            },
            "S1": {
                "A0": 17.667587370150116,
                "A1": 20.97831307709439
            }
        }
    },
    {
        "episode": 196,
        "current_state": "S0",
        "current_action": "A0",
        "td_delta": -0.4405373503422041,
        "q_table": {
            "S0": {
                "A0": 20.993375598403194,
                "A1": 17.799685816968452
            },
            "S1": {
                "A0": 17.667587370150116,
                "A1": 21.089158516772457
            }
        }
    },
    {
        "episode": 197,
        "current_state": "S1",
        "current_action": "A1",
        "td_delta": 0.7660235849909363,
        "q_table": {
            "S0": {
                "A0": 21.083440486905804,
                "A1": 17.799685816968452
            },
            "S1": {
                "A0": 17.667587370150116,
                "A1": 20.466312796723383
            }
        }
    },
    {
        "episode": 198,
        "current_state": "S0",
        "current_action": "A0",
        "td_delta": 1.2114791721467348,
        "q_table": {
            "S0": {
                "A0": 20.853656407328966,
                "A1": 17.799685816968452
            },
            "S1": {
                "A0": 17.667587370150116,
                "A1": 20.774509390290028
            }
        }
    },
    {
        "episode": 199,
        "current_state": "S0",
        "current_action": "A0",
        "td_delta": -0.1526682677155442,
        "q_table": {
            "S0": {
                "A0": 20.62424383506953,
                "A1": 17.799685816968452
            },
            "S1": {
                "A0": 17.667587370150116,
                "A1": 20.531534645695046
            }
        }
    }
]