[
    {
        "episode": 0,
        "current_state": "S1",
        "current_action": "A1",
        "td_delta": 2.5847514100232862,
        "q_table": {
            "S0": {
                "A0": 9.846573079233435,
                "A1": 5.454544344679005
            },
            "S1": {
                "A0": 7.198589844987146,
                "A1": 8.007775674924789
            }
        }
    },
    {
        "episode": 1,
        "current_state": "S1",
        "current_action": "A1",
        "td_delta": 2.634254620872982,
        "q_table": {
            "S0": {
                "A0": 12.315042858490669,
                "A1": 10.507929732120388
            },
            "S1": {
                "A0": 11.518255528039933,
                "A1": 10.287056951902647
            }
        }
    },
    {
        "episode": 2,
        "current_state": "S0",
        "current_action": "A1",
        "td_delta": 23.145783329052932,
        "q_table": {
            "S0": {
                "A0": 14.261719449429142,
                "A1": 17.73634148059261
            },
            "S1": {
                "A0": 15.063070904966107,
                "A1": 16.090341941576483
            }
        }
    },
    {
        "episode": 3,
        "current_state": "S1",
        "current_action": "A1",
        "td_delta": 0.2039511037028312,
        "q_table": {
            "S0": {
                "A0": 19.019329388253286,
                "A1": 6.886600549116603
            },
            "S1": {
                "A0": 15.911227947037034,
                "A1": 18.871355353667216
            }
        }
    },
    {
        "episode": 4,
        "current_state": "S1",
        "current_action": "A0",
        "td_delta": 2.725662502280265,
        "q_table": {
            "S0": {
                "A0": 16.60615097328523,
                "A1": 14.867808557770182
            },
            "S1": {
                "A0": 16.524011834132953,
                "A1": 17.413365080265123
            }
        }
    },
    {
        "episode": 5,
        "current_state": "S1",
        "current_action": "A1",
        "td_delta": 0.4897708901695239,
        "q_table": {
            "S0": {
                "A0": 11.795034632856998,
                "A1": 14.137681272781556
            },
            "S1": {
                "A0": 9.523489535793708,
                "A1": 14.258471386037808
            }
        }
    },
    {
        "episode": 6,
        "current_state": "S1",
        "current_action": "A1",
        "td_delta": -1.4101606878148019,
        "q_table": {
            "S0": {
                "A0": 11.463833321754343,
                "A1": 14.249325714114773
            },
            "S1": {
                "A0": 13.797029628793755,
                "A1": 16.4699370891234
            }
        }
    },
    {
        "episode": 7,
        "current_state": "S0",
        "current_action": "A1",
        "td_delta": -1.9421858941912618,
        "q_table": {
            "S0": {
                "A0": 14.022607642393055,
                "A1": 14.12494169833284
            },
            "S1": {
                "A0": 14.386425858526053,
                "A1": 14.952267297942264
            }
        }
    },
    {
        "episode": 8,
        "current_state": "S0",
        "current_action": "A1",
        "td_delta": 0.378276777073733,
        "q_table": {
            "S0": {
                "A0": 13.598120243442642,
                "A1": 14.660539913272235
            },
            "S1": {
                "A0": 14.912477539240692,
                "A1": 15.54292566614798
            }
        }
    },
    {
        "episode": 9,
        "current_state": "S0",
        "current_action": "A0",
        "td_delta": -0.24604114591669202,
        "q_table": {
            "S0": {
                "A0": 19.163096776961456,
                "A1": 18.391861734504776
            },
            "S1": {
                "A0": 15.934255876794063,
                "A1": 18.643291884860567
            }
        }
    },
    {
        "episode": 10,
        "current_state": "S1",
        "current_action": "A1",
        "td_delta": -0.3050603599931172,
        "q_table": {
            "S0": {
                "A0": 22.354807372007162,
                "A1": 18.391861734504776
            },
            "S1": {
                "A0": 15.934255876794063,
                "A1": 22.015977179282352
            }
        }
    },
    {
        "episode": 11,
        "current_state": "S1",
        "current_action": "A1",
        "td_delta": -1.6178338309592029,
        "q_table": {
            "S0": {
                "A0": 27.60336858949597,
                "A1": 18.391861734504776
            },
            "S1": {
                "A0": 15.934255876794063,
                "A1": 27.254818585937
            }
        }
    },
    {
        "episode": 12,
        "current_state": "S1",
        "current_action": "A1",
        "td_delta": -0.9001374914184623,
        "q_table": {
            "S0": {
                "A0": 25.50887659939338,
                "A1": 18.391861734504776
            },
            "S1": {
                "A0": 15.934255876794063,
                "A1": 26.76509203086703
            }
        }
    },
    {
        "episode": 13,
        "current_state": "S1",
        "current_action": "A1",
        "td_delta": 20.782484423317214,
        "q_table": {
            "S0": {
                "A0": 37.363413002054514,
                "A1": 18.391861734504776
            },
            "S1": {
                "A0": 15.934255876794063,
                "A1": 35.306762959153716
            }
        }
    },
    {
        "episode": 14,
        "current_state": "S0",
        "current_action": "A0",
        "td_delta": 13.517182420190647,
        "q_table": {
            "S0": {
                "A0": 27.300409180163506,
                "A1": 18.391861734504776
            },
            "S1": {
                "A0": 15.934255876794063,
                "A1": 25.998159164172147
            }
        }
    },
    {
        "episode": 15,
        "current_state": "S1",
        "current_action": "A1",
        "td_delta": 1.469430426118734,
        "q_table": {
            "S0": {
                "A0": 42.09453429310594,
                "A1": 18.391861734504776
            },
            "S1": {
                "A0": 15.934255876794063,
                "A1": 37.83257142896457
            }
        }
    },
    {
        "episode": 16,
        "current_state": "S0",
        "current_action": "A0",
        "td_delta": 0.7998184459183619,
        "q_table": {
            "S0": {
                "A0": 34.773056947179036,
                "A1": 18.391861734504776
            },
            "S1": {
                "A0": 15.934255876794063,
                "A1": 33.1072944644615
            }
        }
    },
    {
        "episode": 17,
        "current_state": "S1",
        "current_action": "A1",
        "td_delta": -7.393947851277542,
        "q_table": {
            "S0": {
                "A0": 19.77606824697678,
                "A1": 18.391861734504776
            },
            "S1": {
                "A0": 15.934255876794063,
                "A1": 24.953761693739725
            }
        }
    },
    {
        "episode": 18,
        "current_state": "S1",
        "current_action": "A1",
        "td_delta": 10.745922853650143,
        "q_table": {
            "S0": {
                "A0": 22.955339962323986,
                "A1": 18.391861734504776
            },
            "S1": {
                "A0": 15.934255876794063,
                "A1": 24.403998089208145
            }
        }
    },
    {
        "episode": 19,
        "current_state": "S0",
        "current_action": "A1",
        "td_delta": 7.4950674241994015,
        "q_table": {
            "S0": {
                "A0": 17.592510455493095,
                "A1": 18.873086744307102
            },
            "S1": {
                "A0": 15.934255876794063,
                "A1": 26.760043875402374
            }
        }
    },
    {
        "episode": 20,
        "current_state": "S1",
        "current_action": "A1",
        "td_delta": 1.3358195184819088,
        "q_table": {
            "S0": {
                "A0": 17.592510455493095,
                "A1": 24.720283333274097
            },
            "S1": {
                "A0": 15.934255876794063,
                "A1": 21.5018284016041
            }
        }
    },
    {
        "episode": 21,
        "current_state": "S1",
        "current_action": "A1",
        "td_delta": 4.9522974658261525,
        "q_table": {
            "S0": {
                "A0": 17.592510455493095,
                "A1": 28.227754649045472
            },
            "S1": {
                "A0": 15.934255876794063,
                "A1": 28.404930538434808
            }
        }
    },
    {
        "episode": 22,
        "current_state": "S0",
        "current_action": "A0",
        "td_delta": -0.33239115698508215,
        "q_table": {
            "S0": {
                "A0": 18.15192080957706,
                "A1": 17.272424879120813
            },
            "S1": {
                "A0": 18.205367880805383,
                "A1": 12.838687813282963
            }
        }
    },
    {
        "episode": 23,
        "current_state": "S1",
        "current_action": "A0",
        "td_delta": -3.3503387035939625,
        "q_table": {
            "S0": {
                "A0": 26.598226028598916,
                "A1": 17.272424879120813
            },
            "S1": {
                "A0": 25.417549992653548,
                "A1": 12.838687813282963
            }
        }
    },
    {
        "episode": 24,
        "current_state": "S0",
        "current_action": "A0",
        "td_delta": 0.66815548237782,
        "q_table": {
            "S0": {
                "A0": 23.212684232081592,
                "A1": 17.272424879120813
            },
            "S1": {
                "A0": 21.303528392099526,
                "A1": 12.838687813282963
            }
        }
    },
    {
        "episode": 25,
        "current_state": "S1",
        "current_action": "A0",
        "td_delta": 2.6305080310777846,
        "q_table": {
            "S0": {
                "A0": 20.261691686425472,
                "A1": 17.272424879120813
            },
            "S1": {
                "A0": 17.027127442542128,
                "A1": 12.838687813282963
            }
        }
    },
    {
        "episode": 26,
        "current_state": "S0",
        "current_action": "A1",
        "td_delta": -1.5308158017792408,
        "q_table": {
            "S0": {
                "A0": 16.4788215443328,
                "A1": 18.911480008228942
            },
            "S1": {
                "A0": 18.557484733283676,
                "A1": 12.838687813282963
            }
        }
    },
    {
        "episode": 27,
        "current_state": "S1",
        "current_action": "A0",
        "td_delta": 3.38126727323022,
        "q_table": {
            "S0": {
                "A0": -0.19170898970973083,
                "A1": -62.53159159176896
            },
            "S1": {
                "A0": 7.012441202796984,
                "A1": 3.9468281021760347
            }
        }
    },
    {
        "episode": 28,
        "current_state": "S1",
        "current_action": "A1",
        "td_delta": 2.73274654820265,
        "q_table": {
            "S0": {
                "A0": -28.29150743885598,
                "A1": -62.53159159176896
            },
            "S1": {
                "A0": -7.679435020811086,
                "A1": -7.2867916821501675
            }
        }
    },
    {
        "episode": 29,
        "current_state": "S0",
        "current_action": "A0",
        "td_delta": 1.308121662705354,
        "q_table": {
            "S0": {
                "A0": -3.2455290468533664,
                "A1": -62.53159159176896
            },
            "S1": {
                "A0": -3.9324842662698347,
                "A1": -14.815956644215252
            }
        }
    },
    {
        "episode": 30,
        "current_state": "S1",
        "current_action": "A0",
        "td_delta": 6.117801021057165,
        "q_table": {
            "S0": {
                "A0": 4.664480148420777,
                "A1": -62.53159159176896
            },
            "S1": {
                "A0": 4.095126460421083,
                "A1": -14.815956644215252
            }
        }
    },
    {
        "episode": 31,
        "current_state": "S1",
        "current_action": "A0",
        "td_delta": -1.6048708456381688,
        "q_table": {
            "S0": {
                "A0": 0.2987131343255223,
                "A1": -62.53159159176896
            },
            "S1": {
                "A0": 3.15769966225845,
                "A1": -14.815956644215252
            }
        }
    },
    {
        "episode": 32,
        "current_state": "S1",
        "current_action": "A0",
        "td_delta": -0.31198020037867025,
        "q_table": {
            "S0": {
                "A0": 16.17876039051228,
                "A1": -62.53159159176896
            },
            "S1": {
                "A0": 15.585183636323201,
                "A1": -14.815956644215252
            }
        }
    },
    {
        "episode": 33,
        "current_state": "S0",
        "current_action": "A0",
        "td_delta": -0.0005317021657837984,
        "q_table": {
            "S0": {
                "A0": 14.465299426277806,
                "A1": -62.53159159176896
            },
            "S1": {
                "A0": 13.644588225249233,
                "A1": -14.815956644215252
            }
        }
    },
    {
        "episode": 34,
        "current_state": "S0",
        "current_action": "A0",
        "td_delta": -0.5167910718055513,
        "q_table": {
            "S0": {
                "A0": 10.245498425953016,
                "A1": -62.53159159176896
            },
            "S1": {
                "A0": 10.867812627277107,
                "A1": -14.815956644215252
            }
        }
    },
    {
        "episode": 35,
        "current_state": "S1",
        "current_action": "A0",
        "td_delta": -0.7970815098318536,
        "q_table": {
            "S0": {
                "A0": 12.150621621509625,
                "A1": -62.53159159176896
            },
            "S1": {
                "A0": 11.847945571419066,
                "A1": -14.815956644215252
            }
        }
    },
    {
        "episode": 36,
        "current_state": "S1",
        "current_action": "A0",
        "td_delta": 21.997264081324175,
        "q_table": {
            "S0": {
                "A0": 24.666122189514518,
                "A1": -62.53159159176896
            },
            "S1": {
                "A0": 24.62975147452148,
                "A1": -14.815956644215252
            }
        }
    },
    {
        "episode": 37,
        "current_state": "S0",
        "current_action": "A0",
        "td_delta": -1.4603854016012328,
        "q_table": {
            "S0": {
                "A0": 20.136619842949024,
                "A1": -62.53159159176896
            },
            "S1": {
                "A0": 19.047253581973006,
                "A1": -14.815956644215252
            }
        }
    },
    {
        "episode": 38,
        "current_state": "S0",
        "current_action": "A0",
        "td_delta": -2.5088287516852823,
        "q_table": {
            "S0": {
                "A0": 18.37608048999751,
                "A1": -62.53159159176896
            },
            "S1": {
                "A0": 10.30129223483883,
                "A1": -14.815956644215252
            }
        }
    },
    {
        "episode": 39,
        "current_state": "S0",
        "current_action": "A0",
        "td_delta": -3.972583726293334,
        "q_table": {
            "S0": {
                "A0": 9.558401004527958,
                "A1": -62.53159159176896
            },
            "S1": {
                "A0": 4.1448058985961715,
                "A1": -14.815956644215252
            }
        }
    },
    {
        "episode": 40,
        "current_state": "S1",
        "current_action": "A0",
        "td_delta": -0.04982810586494324,
        "q_table": {
            "S0": {
                "A0": 23.27555131781471,
                "A1": -62.53159159176896
            },
            "S1": {
                "A0": 21.72141009747898,
                "A1": -14.815956644215252
            }
        }
    },
    {
        "episode": 41,
        "current_state": "S1",
        "current_action": "A0",
        "td_delta": -4.181942890879473,
        "q_table": {
            "S0": {
                "A0": 14.61814218422894,
                "A1": -62.53159159176896
            },
            "S1": {
                "A0": 14.255126268820627,
                "A1": -14.815956644215252
            }
        }
    },
    {
        "episode": 42,
        "current_state": "S1",
        "current_action": "A0",
        "td_delta": 3.95074152736089,
        "q_table": {
            "S0": {
                "A0": 14.881826296560522,
                "A1": -62.53159159176896
            },
            "S1": {
                "A0": 15.581078579598241,
                "A1": -14.815956644215252
            }
        }
    },
    {
        "episode": 43,
        "current_state": "S1",
        "current_action": "A0",
        "td_delta": 0.42941686706077853,
        "q_table": {
            "S0": {
                "A0": 13.902432551354929,
                "A1": -62.53159159176896
            },
            "S1": {
                "A0": 14.873462094241317,
                "A1": -14.815956644215252
            }
        }
    },
    {
        "episode": 44,
        "current_state": "S0",
        "current_action": "A0",
        "td_delta": 2.372151022270815,
        "q_table": {
            "S0": {
                "A0": 7.279839075904605,
                "A1": -62.53159159176896
            },
            "S1": {
                "A0": 8.522922509101212,
                "A1": -14.815956644215252
            }
        }
    },
    {
        "episode": 45,
        "current_state": "S1",
        "current_action": "A0",
        "td_delta": -3.2574928125414884,
        "q_table": {
            "S0": {
                "A0": 14.994974417734422,
                "A1": -62.53159159176896
            },
            "S1": {
                "A0": 10.612122925935656,
                "A1": -14.815956644215252
            }
        }
    },
    {
        "episode": 46,
        "current_state": "S1",
        "current_action": "A1",
        "td_delta": 3.000662851798115,
        "q_table": {
            "S0": {
                "A0": 4.6033348489396575,
                "A1": -62.53159159176896
            },
            "S1": {
                "A0": -23.904337317500797,
                "A1": 1.1189503197588044
            }
        }
    },
    {
        "episode": 47,
        "current_state": "S0",
        "current_action": "A0",
        "td_delta": 5.783315828993536,
        "q_table": {
            "S0": {
                "A0": 1.394665723820411,
                "A1": -62.53159159176896
            },
            "S1": {
                "A0": -23.904337317500797,
                "A1": 2.125250248477565
            }
        }
    },
    {
        "episode": 48,
        "current_state": "S0",
        "current_action": "A0",
        "td_delta": 6.715233028874017,
        "q_table": {
            "S0": {
                "A0": 9.88108698032628,
                "A1": -62.53159159176896
            },
            "S1": {
                "A0": -23.904337317500797,
                "A1": 13.334747032754874
            }
        }
    },
    {
        "episode": 49,
        "current_state": "S0",
        "current_action": "A0",
        "td_delta": 5.9902243496037855,
        "q_table": {
            "S0": {
                "A0": 19.342692096531398,
                "A1": -62.53159159176896
            },
            "S1": {
                "A0": -23.904337317500797,
                "A1": 22.046171483790612
            }
        }
    },
    {
        "episode": 50,
        "current_state": "S1",
        "current_action": "A1",
        "td_delta": -3.0713031906119,
        "q_table": {
            "S0": {
                "A0": 42.737096603255424,
                "A1": -62.53159159176896
            },
            "S1": {
                "A0": -23.904337317500797,
                "A1": 42.85169226810144
            }
        }
    },
    {
        "episode": 51,
        "current_state": "S1",
        "current_action": "A1",
        "td_delta": -5.866552415506298,
        "q_table": {
            "S0": {
                "A0": 29.309877384091582,
                "A1": -62.53159159176896
            },
            "S1": {
                "A0": -23.904337317500797,
                "A1": 30.468686466849256
            }
        }
    },
    {
        "episode": 52,
        "current_state": "S0",
        "current_action": "A0",
        "td_delta": -10.161526374279251,
        "q_table": {
            "S0": {
                "A0": 29.238840235468295,
                "A1": -62.53159159176896
            },
            "S1": {
                "A0": -23.904337317500797,
                "A1": 30.314356936885495
            }
        }
    },
    {
        "episode": 53,
        "current_state": "S0",
        "current_action": "A0",
        "td_delta": -1.8197458189229998,
        "q_table": {
            "S0": {
                "A0": 26.197077790539872,
                "A1": -62.53159159176896
            },
            "S1": {
                "A0": -23.904337317500797,
                "A1": 25.65358933264912
            }
        }
    },
    {
        "episode": 54,
        "current_state": "S1",
        "current_action": "A1",
        "td_delta": 4.934126273099594,
        "q_table": {
            "S0": {
                "A0": 24.300024948430497,
                "A1": -62.53159159176896
            },
            "S1": {
                "A0": -23.904337317500797,
                "A1": 24.076365311988845
            }
        }
    },
    {
        "episode": 55,
        "current_state": "S0",
        "current_action": "A0",
        "td_delta": 0.9181306292732181,
        "q_table": {
            "S0": {
                "A0": 23.369402888166142,
                "A1": -62.53159159176896
            },
            "S1": {
                "A0": -23.904337317500797,
                "A1": 22.796412192662807
            }
        }
    },
    {
        "episode": 56,
        "current_state": "S0",
        "current_action": "A0",
        "td_delta": 1.3684963944825803,
        "q_table": {
            "S0": {
                "A0": 21.159168690451928,
                "A1": -62.53159159176896
            },
            "S1": {
                "A0": -23.904337317500797,
                "A1": 20.804401291804894
            }
        }
    },
    {
        "episode": 57,
        "current_state": "S0",
        "current_action": "A0",
        "td_delta": -0.6604783743838532,
        "q_table": {
            "S0": {
                "A0": 27.45343037405855,
                "A1": -62.53159159176896
            },
            "S1": {
                "A0": -23.904337317500797,
                "A1": 26.051136098080548
            }
        }
    },
    {
        "episode": 58,
        "current_state": "S1",
        "current_action": "A1",
        "td_delta": -0.07351556632720957,
        "q_table": {
            "S0": {
                "A0": 25.104649415364207,
                "A1": -62.53159159176896
            },
            "S1": {
                "A0": -23.904337317500797,
                "A1": 23.412111084432325
            }
        }
    },
    {
        "episode": 59,
        "current_state": "S0",
        "current_action": "A0",
        "td_delta": -2.6298203291688225,
        "q_table": {
            "S0": {
                "A0": 29.620970576567874,
                "A1": -62.53159159176896
            },
            "S1": {
                "A0": -23.904337317500797,
                "A1": 30.35004923195522
            }
        }
    },
    {
        "episode": 60,
        "current_state": "S0",
        "current_action": "A0",
        "td_delta": -0.4254790414100249,
        "q_table": {
            "S0": {
                "A0": 29.010718271401565,
                "A1": -62.53159159176896
            },
            "S1": {
                "A0": -23.904337317500797,
                "A1": 28.541178784688874
            }
        }
    },
    {
        "episode": 61,
        "current_state": "S1",
        "current_action": "A1",
        "td_delta": 0.4112188562561272,
        "q_table": {
            "S0": {
                "A0": 19.116883819625883,
                "A1": -62.53159159176896
            },
            "S1": {
                "A0": -23.904337317500797,
                "A1": 18.536150898515462
            }
        }
    },
    {
        "episode": 62,
        "current_state": "S1",
        "current_action": "A1",
        "td_delta": 0.66409396349734,
        "q_table": {
            "S0": {
                "A0": 18.881608109635465,
                "A1": -62.53159159176896
            },
            "S1": {
                "A0": -23.904337317500797,
                "A1": 19.964424323448323
            }
        }
    },
    {
        "episode": 63,
        "current_state": "S1",
        "current_action": "A1",
        "td_delta": -3.6372628820983266,
        "q_table": {
            "S0": {
                "A0": 17.694183569483528,
                "A1": -62.53159159176896
            },
            "S1": {
                "A0": -23.904337317500797,
                "A1": 20.03785087839615
            }
        }
    },
    {
        "episode": 64,
        "current_state": "S1",
        "current_action": "A1",
        "td_delta": 77.6086103124631,
        "q_table": {
            "S0": {
                "A0": 146.78825990972945,
                "A1": -62.53159159176896
            },
            "S1": {
                "A0": -23.904337317500797,
                "A1": 63.37911188806136
            }
        }
    },
    {
        "episode": 65,
        "current_state": "S1",
        "current_action": "A1",
        "td_delta": -4.9150577021617465,
        "q_table": {
            "S0": {
                "A0": 70.79650557383142,
                "A1": -62.53159159176896
            },
            "S1": {
                "A0": -23.904337317500797,
                "A1": 67.01537873400916
            }
        }
    },
    {
        "episode": 66,
        "current_state": "S0",
        "current_action": "A0",
        "td_delta": -3.854898648336885,
        "q_table": {
            "S0": {
                "A0": 49.073010813928185,
                "A1": -62.53159159176896
            },
            "S1": {
                "A0": -23.904337317500797,
                "A1": 49.047965426985215
            }
        }
    },
    {
        "episode": 67,
        "current_state": "S0",
        "current_action": "A0",
        "td_delta": -0.8421186361966164,
        "q_table": {
            "S0": {
                "A0": 36.19756160877121,
                "A1": -62.53159159176896
            },
            "S1": {
                "A0": -23.904337317500797,
                "A1": 35.927411661666234
            }
        }
    },
    {
        "episode": 68,
        "current_state": "S1",
        "current_action": "A1",
        "td_delta": -2.032113400394362,
        "q_table": {
            "S0": {
                "A0": 30.31301777728395,
                "A1": -62.53159159176896
            },
            "S1": {
                "A0": -23.904337317500797,
                "A1": 31.164486922644983
            }
        }
    },
    {
        "episode": 69,
        "current_state": "S1",
        "current_action": "A1",
        "td_delta": 1.9639592053149215,
        "q_table": {
            "S0": {
                "A0": 30.244869452040813,
                "A1": -62.53159159176896
            },
            "S1": {
                "A0": -23.904337317500797,
                "A1": 30.45012994265806
            }
        }
    },
    {
        "episode": 70,
        "current_state": "S0",
        "current_action": "A0",
        "td_delta": -0.7921315145081635,
        "q_table": {
            "S0": {
                "A0": 26.509684108672342,
                "A1": -62.53159159176896
            },
            "S1": {
                "A0": -23.904337317500797,
                "A1": 33.97946160166949
            }
        }
    },
    {
        "episode": 71,
        "current_state": "S0",
        "current_action": "A0",
        "td_delta": -1.7739121555107822,
        "q_table": {
            "S0": {
                "A0": 26.298548228471315,
                "A1": -62.53159159176896
            },
            "S1": {
                "A0": -23.904337317500797,
                "A1": 26.828955680427235
            }
        }
    },
    {
        "episode": 72,
        "current_state": "S0",
        "current_action": "A0",
        "td_delta": 1.781763957163971,
        "q_table": {
            "S0": {
                "A0": 23.855497035646707,
                "A1": -62.53159159176896
            },
            "S1": {
                "A0": -23.904337317500797,
                "A1": 26.692809014129676
            }
        }
    },
    {
        "episode": 73,
        "current_state": "S1",
        "current_action": "A1",
        "td_delta": -4.513696987453461,
        "q_table": {
            "S0": {
                "A0": 24.004595018421,
                "A1": -62.53159159176896
            },
            "S1": {
                "A0": -23.904337317500797,
                "A1": 27.59834629696781
            }
        }
    },
    {
        "episode": 74,
        "current_state": "S1",
        "current_action": "A1",
        "td_delta": 5.118220185760734,
        "q_table": {
            "S0": {
                "A0": 25.930623042763393,
                "A1": -62.53159159176896
            },
            "S1": {
                "A0": -23.904337317500797,
                "A1": 24.472577972986414
            }
        }
    },
    {
        "episode": 75,
        "current_state": "S0",
        "current_action": "A0",
        "td_delta": 0.036829619634772826,
        "q_table": {
            "S0": {
                "A0": 17.780425882961893,
                "A1": -62.53159159176896
            },
            "S1": {
                "A0": -23.904337317500797,
                "A1": 18.54400302240051
            }
        }
    },
    {
        "episode": 76,
        "current_state": "S1",
        "current_action": "A1",
        "td_delta": -7.011327345116204,
        "q_table": {
            "S0": {
                "A0": 11.796390042421027,
                "A1": -62.53159159176896
            },
            "S1": {
                "A0": -23.904337317500797,
                "A1": 14.699581486909633
            }
        }
    },
    {
        "episode": 77,
        "current_state": "S0",
        "current_action": "A0",
        "td_delta": -1.189909561002601,
        "q_table": {
            "S0": {
                "A0": 18.239302829172733,
                "A1": -62.53159159176896
            },
            "S1": {
                "A0": -23.904337317500797,
                "A1": 19.68703256232245
            }
        }
    },
    {
        "episode": 78,
        "current_state": "S1",
        "current_action": "A1",
        "td_delta": 1.7968109749645862,
        "q_table": {
            "S0": {
                "A0": 15.911336184725254,
                "A1": -62.53159159176896
            },
            "S1": {
                "A0": -23.904337317500797,
                "A1": 14.877495229276857
            }
        }
    },
    {
        "episode": 79,
        "current_state": "S1",
        "current_action": "A1",
        "td_delta": 5.0451690034774295,
        "q_table": {
            "S0": {
                "A0": 15.453729930993491,
                "A1": -62.53159159176896
            },
            "S1": {
                "A0": -23.904337317500797,
                "A1": 16.091706640247367
            }
        }
    },
    {
        "episode": 80,
        "current_state": "S1",
        "current_action": "A1",
        "td_delta": -3.717963014622022,
        "q_table": {
            "S0": {
                "A0": 30.801796258973102,
                "A1": -62.53159159176896
            },
            "S1": {
                "A0": -23.904337317500797,
                "A1": 31.704754809002598
            }
        }
    },
    {
        "episode": 81,
        "current_state": "S1",
        "current_action": "A1",
        "td_delta": -1.1436390128172569,
        "q_table": {
            "S0": {
                "A0": 25.129061039253106,
                "A1": -62.53159159176896
            },
            "S1": {
                "A0": -23.904337317500797,
                "A1": 26.215529970550783
            }
        }
    },
    {
        "episode": 82,
        "current_state": "S0",
        "current_action": "A0",
        "td_delta": 1.858033762058806,
        "q_table": {
            "S0": {
                "A0": 19.710487758760458,
                "A1": -62.53159159176896
            },
            "S1": {
                "A0": -23.904337317500797,
                "A1": 19.1697321944264
            }
        }
    },
    {
        "episode": 83,
        "current_state": "S1",
        "current_action": "A1",
        "td_delta": -3.06123935344516,
        "q_table": {
            "S0": {
                "A0": 22.52917705284813,
                "A1": -62.53159159176896
            },
            "S1": {
                "A0": -23.904337317500797,
                "A1": 20.374073201722833
            }
        }
    },
    {
        "episode": 84,
        "current_state": "S1",
        "current_action": "A1",
        "td_delta": -0.10039925830647434,
        "q_table": {
            "S0": {
                "A0": 28.536788518339268,
                "A1": -62.53159159176896
            },
            "S1": {
                "A0": -23.904337317500797,
                "A1": 35.02082259211125
            }
        }
    },
    {
        "episode": 85,
        "current_state": "S0",
        "current_action": "A0",
        "td_delta": -4.699410891860548,
        "q_table": {
            "S0": {
                "A0": 21.00131398109521,
                "A1": -62.53159159176896
            },
            "S1": {
                "A0": -23.904337317500797,
                "A1": 22.78563649395045
            }
        }
    },
    {
        "episode": 86,
        "current_state": "S0",
        "current_action": "A0",
        "td_delta": 11.151932764366595,
        "q_table": {
            "S0": {
                "A0": 21.875576493302184,
                "A1": -62.53159159176896
            },
            "S1": {
                "A0": -23.904337317500797,
                "A1": 20.513215166276332
            }
        }
    },
    {
        "episode": 87,
        "current_state": "S1",
        "current_action": "A1",
        "td_delta": -2.909277981202873,
        "q_table": {
            "S0": {
                "A0": 26.874127834265373,
                "A1": -62.53159159176896
            },
            "S1": {
                "A0": -23.904337317500797,
                "A1": 27.653429790778116
            }
        }
    },
    {
        "episode": 88,
        "current_state": "S0",
        "current_action": "A0",
        "td_delta": -9.89348481474423,
        "q_table": {
            "S0": {
                "A0": 23.401689412335347,
                "A1": -62.53159159176896
            },
            "S1": {
                "A0": -23.904337317500797,
                "A1": 23.750978291728362
            }
        }
    },
    {
        "episode": 89,
        "current_state": "S1",
        "current_action": "A1",
        "td_delta": 0.007325583569556926,
        "q_table": {
            "S0": {
                "A0": 28.468113261750894,
                "A1": -62.53159159176896
            },
            "S1": {
                "A0": -23.904337317500797,
                "A1": 28.715235996617416
            }
        }
    },
    {
        "episode": 90,
        "current_state": "S1",
        "current_action": "A1",
        "td_delta": 0.9865870153501888,
        "q_table": {
            "S0": {
                "A0": 32.27422942375985,
                "A1": -62.53159159176896
            },
            "S1": {
                "A0": -23.904337317500797,
                "A1": 31.02828906482751
            }
        }
    },
    {
        "episode": 91,
        "current_state": "S1",
        "current_action": "A1",
        "td_delta": 2.846646674911682,
        "q_table": {
            "S0": {
                "A0": 30.45315345776831,
                "A1": -62.53159159176896
            },
            "S1": {
                "A0": -23.904337317500797,
                "A1": 29.78503906424442
            }
        }
    },
    {
        "episode": 92,
        "current_state": "S1",
        "current_action": "A1",
        "td_delta": -1.6290863512645544,
        "q_table": {
            "S0": {
                "A0": 27.409323806331294,
                "A1": -62.53159159176896
            },
            "S1": {
                "A0": -23.904337317500797,
                "A1": 27.883270734250836
            }
        }
    },
    {
        "episode": 93,
        "current_state": "S0",
        "current_action": "A0",
        "td_delta": -1.4946591771302842,
        "q_table": {
            "S0": {
                "A0": 24.280395127894778,
                "A1": -62.53159159176896
            },
            "S1": {
                "A0": -23.904337317500797,
                "A1": 28.036356011492803
            }
        }
    },
    {
        "episode": 94,
        "current_state": "S1",
        "current_action": "A1",
        "td_delta": 3.5573059249057977,
        "q_table": {
            "S0": {
                "A0": 21.9931755186689,
                "A1": -62.53159159176896
            },
            "S1": {
                "A0": -23.904337317500797,
                "A1": 20.212293628492095
            }
        }
    },
    {
        "episode": 95,
        "current_state": "S1",
        "current_action": "A1",
        "td_delta": -1.0626832912387485,
        "q_table": {
            "S0": {
                "A0": 17.858795460721876,
                "A1": -62.53159159176896
            },
            "S1": {
                "A0": -23.904337317500797,
                "A1": 17.701340745148556
            }
        }
    },
    {
        "episode": 96,
        "current_state": "S0",
        "current_action": "A0",
        "td_delta": 2.9239795833476094,
        "q_table": {
            "S0": {
                "A0": 19.006110760810998,
                "A1": -62.53159159176896
            },
            "S1": {
                "A0": -23.904337317500797,
                "A1": 18.922757177363533
            }
        }
    },
    {
        "episode": 97,
        "current_state": "S1",
        "current_action": "A1",
        "td_delta": -5.627590259117449,
        "q_table": {
            "S0": {
                "A0": 15.556159452766288,
                "A1": -62.53159159176896
            },
            "S1": {
                "A0": -23.904337317500797,
                "A1": 17.35493249881027
            }
        }
    },
    {
        "episode": 98,
        "current_state": "S0",
        "current_action": "A0",
        "td_delta": 3.892928576697148,
        "q_table": {
            "S0": {
                "A0": 15.155112793546353,
                "A1": -62.53159159176896
            },
            "S1": {
                "A0": -23.904337317500797,
                "A1": 12.428295036856515
            }
        }
    },
    {
        "episode": 99,
        "current_state": "S1",
        "current_action": "A1",
        "td_delta": 0.06248307810038867,
        "q_table": {
            "S0": {
                "A0": 14.596390357206982,
                "A1": -62.53159159176896
            },
            "S1": {
                "A0": -23.904337317500797,
                "A1": 19.21307459923459
            }
        }
    },
    {
        "episode": 100,
        "current_state": "S1",
        "current_action": "A1",
        "td_delta": 0.9858882288531206,
        "q_table": {
            "S0": {
                "A0": 19.670344649020276,
                "A1": -62.53159159176896
            },
            "S1": {
                "A0": -23.904337317500797,
                "A1": 19.33160675520732
            }
        }
    },
    {
        "episode": 101,
        "current_state": "S1",
        "current_action": "A1",
        "td_delta": -50.055849918420186,
        "q_table": {
            "S0": {
                "A0": 15.711052208075461,
                "A1": -62.53159159176896
            },
            "S1": {
                "A0": -23.904337317500797,
                "A1": 11.571979501716173
            }
        }
    },
    {
        "episode": 102,
        "current_state": "S0",
        "current_action": "A0",
        "td_delta": 1.131782663696594,
        "q_table": {
            "S0": {
                "A0": 18.868191251399093,
                "A1": -62.53159159176896
            },
            "S1": {
                "A0": -23.904337317500797,
                "A1": 16.309253345243885
            }
        }
    },
    {
        "episode": 103,
        "current_state": "S1",
        "current_action": "A1",
        "td_delta": -2.444104032134174,
        "q_table": {
            "S0": {
                "A0": 20.45912580850193,
                "A1": -62.53159159176896
            },
            "S1": {
                "A0": -23.904337317500797,
                "A1": 22.47849554685221
            }
        }
    },
    {
        "episode": 104,
        "current_state": "S0",
        "current_action": "A0",
        "td_delta": 1.2953622491206467,
        "q_table": {
            "S0": {
                "A0": 18.99891586608539,
                "A1": -62.53159159176896
            },
            "S1": {
                "A0": -23.904337317500797,
                "A1": 18.38651198651215
            }
        }
    },
    {
        "episode": 105,
        "current_state": "S0",
        "current_action": "A0",
        "td_delta": -10.84489921080571,
        "q_table": {
            "S0": {
                "A0": 21.592266107467815,
                "A1": -62.53159159176896
            },
            "S1": {
                "A0": -23.904337317500797,
                "A1": 10.901475864154474
            }
        }
    },
    {
        "episode": 106,
        "current_state": "S1",
        "current_action": "A1",
        "td_delta": 0.3478049468147333,
        "q_table": {
            "S0": {
                "A0": 21.51244611298168,
                "A1": -62.53159159176896
            },
            "S1": {
                "A0": -23.904337317500797,
                "A1": 22.082085611833186
            }
        }
    },
    {
        "episode": 107,
        "current_state": "S1",
        "current_action": "A1",
        "td_delta": -2.1608052047276516,
        "q_table": {
            "S0": {
                "A0": 21.89503477917316,
                "A1": -62.53159159176896
            },
            "S1": {
                "A0": -23.904337317500797,
                "A1": 22.208364952002864
            }
        }
    },
    {
        "episode": 108,
        "current_state": "S0",
        "current_action": "A0",
        "td_delta": -1.6643134208497337,
        "q_table": {
            "S0": {
                "A0": 26.33961936776694,
                "A1": -62.53159159176896
            },
            "S1": {
                "A0": -23.904337317500797,
                "A1": 31.146918669871432
            }
        }
    },
    {
        "episode": 109,
        "current_state": "S1",
        "current_action": "A1",
        "td_delta": 0.19996621836519424,
        "q_table": {
            "S0": {
                "A0": 27.032286664481564,
                "A1": -62.53159159176896
            },
            "S1": {
                "A0": -23.904337317500797,
                "A1": 23.824342247761518
            }
        }
    },
    {
        "episode": 110,
        "current_state": "S1",
        "current_action": "A1",
        "td_delta": -2.7068540673070096,
        "q_table": {
            "S0": {
                "A0": 27.241283858490387,
                "A1": -62.53159159176896
            },
            "S1": {
                "A0": -23.904337317500797,
                "A1": 27.455428719325923
            }
        }
    },
    {
        "episode": 111,
        "current_state": "S1",
        "current_action": "A1",
        "td_delta": 15.80761505101043,
        "q_table": {
            "S0": {
                "A0": 21.187098863769492,
                "A1": -62.53159159176896
            },
            "S1": {
                "A0": -23.904337317500797,
                "A1": 23.564182929985925
            }
        }
    },
    {
        "episode": 112,
        "current_state": "S1",
        "current_action": "A0",
        "td_delta": 2.325951359365197,
        "q_table": {
            "S0": {
                "A0": 3.4860934243026565,
                "A1": -62.53159159176896
            },
            "S1": {
                "A0": 1.8298452086374164,
                "A1": -26.292732459184354
            }
        }
    },
    {
        "episode": 113,
        "current_state": "S0",
        "current_action": "A0",
        "td_delta": 1.7536079791121049,
        "q_table": {
            "S0": {
                "A0": 7.5907412765309585,
                "A1": -62.53159159176896
            },
            "S1": {
                "A0": 6.455023930817029,
                "A1": -26.292732459184354
            }
        }
    },
    {
        "episode": 114,
        "current_state": "S1",
        "current_action": "A0",
        "td_delta": 0.17542242811544462,
        "q_table": {
            "S0": {
                "A0": 9.071391664952248,
                "A1": -62.53159159176896
            },
            "S1": {
                "A0": 9.060732851702026,
                "A1": -26.292732459184354
            }
        }
    },
    {
        "episode": 115,
        "current_state": "S0",
        "current_action": "A0",
        "td_delta": -0.9442561503045237,
        "q_table": {
            "S0": {
                "A0": 14.448563788957358,
                "A1": -62.53159159176896
            },
            "S1": {
                "A0": 12.363732080980087,
                "A1": -26.292732459184354
            }
        }
    },
    {
        "episode": 116,
        "current_state": "S0",
        "current_action": "A0",
        "td_delta": 0.16906633914203795,
        "q_table": {
            "S0": {
                "A0": 13.646907706240992,
                "A1": -62.53159159176896
            },
            "S1": {
                "A0": 13.191011405720865,
                "A1": -26.292732459184354
            }
        }
    },
    {
        "episode": 117,
        "current_state": "S1",
        "current_action": "A0",
        "td_delta": -2.2832340779798344,
        "q_table": {
            "S0": {
                "A0": 18.626902498602256,
                "A1": -62.53159159176896
            },
            "S1": {
                "A0": 16.85279059607203,
                "A1": -26.292732459184354
            }
        }
    },
    {
        "episode": 118,
        "current_state": "S0",
        "current_action": "A0",
        "td_delta": 0.620931048570224,
        "q_table": {
            "S0": {
                "A0": 14.691520296905226,
                "A1": -62.53159159176896
            },
            "S1": {
                "A0": 15.603231877979955,
                "A1": -26.292732459184354
            }
        }
    },
    {
        "episode": 119,
        "current_state": "S1",
        "current_action": "A0",
        "td_delta": -4.202613329091498,
        "q_table": {
            "S0": {
                "A0": 12.699491341424478,
                "A1": -62.53159159176896
            },
            "S1": {
                "A0": 14.745265064898462,
                "A1": -26.292732459184354
            }
        }
    },
    {
        "episode": 120,
        "current_state": "S1",
        "current_action": "A0",
        "td_delta": -17.463711488952384,
        "q_table": {
            "S0": {
                "A0": 12.082797779129788,
                "A1": -62.53159159176896
            },
            "S1": {
                "A0": 27.485285583286927,
                "A1": -26.292732459184354
            }
        }
    },
    {
        "episode": 121,
        "current_state": "S1",
        "current_action": "A0",
        "td_delta": -821.919996055264,
        "q_table": {
            "S0": {
                "A0": 16.960468874404455,
                "A1": -62.53159159176896
            },
            "S1": {
                "A0": -66.07682044664315,
                "A1": -26.292732459184354
            }
        }
    },
    {
        "episode": 122,
        "current_state": "S0",
        "current_action": "A0",
        "td_delta": 3.2353241298692312,
        "q_table": {
            "S0": {
                "A0": -1.8515971043633366,
                "A1": -62.53159159176896
            },
            "S1": {
                "A0": -66.07682044664315,
                "A1": -1.5160836927297991
            }
        }
    },
    {
        "episode": 123,
        "current_state": "S0",
        "current_action": "A0",
        "td_delta": 549.0387472899882,
        "q_table": {
            "S0": {
                "A0": 67.980676115745,
                "A1": -62.53159159176896
            },
            "S1": {
                "A0": -66.07682044664315,
                "A1": 14.087838238940536
            }
        }
    },
    {
        "episode": 124,
        "current_state": "S0",
        "current_action": "A0",
        "td_delta": -1.693128646102835,
        "q_table": {
            "S0": {
                "A0": 35.10096874199782,
                "A1": -62.53159159176896
            },
            "S1": {
                "A0": -66.07682044664315,
                "A1": 35.21095012567487
            }
        }
    },
    {
        "episode": 125,
        "current_state": "S0",
        "current_action": "A0",
        "td_delta": 2.799539831465985,
        "q_table": {
            "S0": {
                "A0": 33.916638397279534,
                "A1": -62.53159159176896
            },
            "S1": {
                "A0": -66.07682044664315,
                "A1": 34.49917211070158
            }
        }
    },
    {
        "episode": 126,
        "current_state": "S1",
        "current_action": "A1",
        "td_delta": -2.2756609338064315,
        "q_table": {
            "S0": {
                "A0": 31.482498657172254,
                "A1": -62.53159159176896
            },
            "S1": {
                "A0": -66.07682044664315,
                "A1": 32.799309721201965
            }
        }
    },
    {
        "episode": 127,
        "current_state": "S1",
        "current_action": "A1",
        "td_delta": 78.32402705195864,
        "q_table": {
            "S0": {
                "A0": 28.73220934865794,
                "A1": -62.53159159176896
            },
            "S1": {
                "A0": -66.07682044664315,
                "A1": 36.1524379597291
            }
        }
    },
    {
        "episode": 128,
        "current_state": "S1",
        "current_action": "A1",
        "td_delta": -1.0695403395833267,
        "q_table": {
            "S0": {
                "A0": 26.779890276413216,
                "A1": -62.53159159176896
            },
            "S1": {
                "A0": -66.07682044664315,
                "A1": 27.144577187013205
            }
        }
    },
    {
        "episode": 129,
        "current_state": "S1",
        "current_action": "A1",
        "td_delta": 4.862265736575592,
        "q_table": {
            "S0": {
                "A0": 18.49412822852181,
                "A1": -62.53159159176896
            },
            "S1": {
                "A0": -66.07682044664315,
                "A1": 15.132917409157066
            }
        }
    },
    {
        "episode": 130,
        "current_state": "S0",
        "current_action": "A0",
        "td_delta": -8.899451360953876,
        "q_table": {
            "S0": {
                "A0": 18.11182280821336,
                "A1": -62.53159159176896
            },
            "S1": {
                "A0": -66.07682044664315,
                "A1": 18.98992790483489
            }
        }
    },
    {
        "episode": 131,
        "current_state": "S1",
        "current_action": "A1",
        "td_delta": -2.5587205795698296,
        "q_table": {
            "S0": {
                "A0": 25.961924890495386,
                "A1": -62.53159159176896
            },
            "S1": {
                "A0": -66.07682044664315,
                "A1": 27.878843266469648
            }
        }
    },
    {
        "episode": 132,
        "current_state": "S1",
        "current_action": "A1",
        "td_delta": -18.437851821221784,
        "q_table": {
            "S0": {
                "A0": 73.50858179113378,
                "A1": -62.53159159176896
            },
            "S1": {
                "A0": -66.07682044664315,
                "A1": 86.89124696811825
            }
        }
    },
    {
        "episode": 133,
        "current_state": "S0",
        "current_action": "A0",
        "td_delta": -3.206685541496846,
        "q_table": {
            "S0": {
                "A0": 56.912776104436105,
                "A1": -62.53159159176896
            },
            "S1": {
                "A0": -66.07682044664315,
                "A1": 57.18534390507857
            }
        }
    },
    {
        "episode": 134,
        "current_state": "S0",
        "current_action": "A0",
        "td_delta": -0.015618028869624823,
        "q_table": {
            "S0": {
                "A0": 47.01931057087595,
                "A1": -62.53159159176896
            },
            "S1": {
                "A0": -66.07682044664315,
                "A1": 43.85024391876838
            }
        }
    },
    {
        "episode": 135,
        "current_state": "S1",
        "current_action": "A1",
        "td_delta": -1.12764308736012,
        "q_table": {
            "S0": {
                "A0": 37.66340950305097,
                "A1": -62.53159159176896
            },
            "S1": {
                "A0": -66.07682044664315,
                "A1": 37.01141512520669
            }
        }
    },
    {
        "episode": 136,
        "current_state": "S0",
        "current_action": "A0",
        "td_delta": 1.8805833561589829,
        "q_table": {
            "S0": {
                "A0": 28.593827269674218,
                "A1": -62.53159159176896
            },
            "S1": {
                "A0": -66.07682044664315,
                "A1": 29.993165551629257
            }
        }
    },
    {
        "episode": 137,
        "current_state": "S0",
        "current_action": "A0",
        "td_delta": 6.638996266293841,
        "q_table": {
            "S0": {
                "A0": 27.076108112897018,
                "A1": -62.53159159176896
            },
            "S1": {
                "A0": -66.07682044664315,
                "A1": 25.663288423205266
            }
        }
    },
    {
        "episode": 138,
        "current_state": "S0",
        "current_action": "A0",
        "td_delta": -0.019562466613827212,
        "q_table": {
            "S0": {
                "A0": 23.553748118183353,
                "A1": -62.53159159176896
            },
            "S1": {
                "A0": -66.07682044664315,
                "A1": 24.305156225069613
            }
        }
    },
    {
        "episode": 139,
        "current_state": "S1",
        "current_action": "A1",
        "td_delta": 2.553773592036336,
        "q_table": {
            "S0": {
                "A0": 22.267734468825584,
                "A1": -62.53159159176896
            },
            "S1": {
                "A0": -66.07682044664315,
                "A1": 20.093694588108548
            }
        }
    },
    {
        "episode": 140,
        "current_state": "S0",
        "current_action": "A0",
        "td_delta": -0.3612571241824618,
        "q_table": {
            "S0": {
                "A0": 20.353484043474534,
                "A1": -62.53159159176896
            },
            "S1": {
                "A0": -66.07682044664315,
                "A1": 18.674030213561398
            }
        }
    },
    {
        "episode": 141,
        "current_state": "S0",
        "current_action": "A0",
        "td_delta": 1.8450158377455743,
        "q_table": {
            "S0": {
                "A0": 17.16660462924847,
                "A1": -62.53159159176896
            },
            "S1": {
                "A0": -66.07682044664315,
                "A1": 18.47673854396278
            }
        }
    },
    {
        "episode": 142,
        "current_state": "S1",
        "current_action": "A1",
        "td_delta": -2.0049503845646655,
        "q_table": {
            "S0": {
                "A0": 246.96510958444668,
                "A1": -62.53159159176896
            },
            "S1": {
                "A0": -66.07682044664315,
                "A1": 225.51949495888593
            }
        }
    },
    {
        "episode": 143,
        "current_state": "S1",
        "current_action": "A1",
        "td_delta": -12.576545099511378,
        "q_table": {
            "S0": {
                "A0": 147.627412784635,
                "A1": -62.53159159176896
            },
            "S1": {
                "A0": -66.07682044664315,
                "A1": 146.01580540657017
            }
        }
    },
    {
        "episode": 144,
        "current_state": "S0",
        "current_action": "A0",
        "td_delta": -9.87784579230437,
        "q_table": {
            "S0": {
                "A0": 97.3566301964977,
                "A1": -62.53159159176896
            },
            "S1": {
                "A0": -66.07682044664315,
                "A1": 92.04466147354668
            }
        }
    },
    {
        "episode": 145,
        "current_state": "S1",
        "current_action": "A1",
        "td_delta": -7.207364106060055,
        "q_table": {
            "S0": {
                "A0": 64.13564591329362,
                "A1": -62.53159159176896
            },
            "S1": {
                "A0": -66.07682044664315,
                "A1": 65.12341346216141
            }
        }
    },
    {
        "episode": 146,
        "current_state": "S0",
        "current_action": "A0",
        "td_delta": -2.8965898381173645,
        "q_table": {
            "S0": {
                "A0": 45.284166573819476,
                "A1": -62.53159159176896
            },
            "S1": {
                "A0": -66.07682044664315,
                "A1": 45.174109569891904
            }
        }
    },
    {
        "episode": 147,
        "current_state": "S0",
        "current_action": "A0",
        "td_delta": -2.08771720682617,
        "q_table": {
            "S0": {
                "A0": 35.62171542847593,
                "A1": -62.53159159176896
            },
            "S1": {
                "A0": -66.07682044664315,
                "A1": 36.60327828121226
            }
        }
    },
    {
        "episode": 148,
        "current_state": "S0",
        "current_action": "A0",
        "td_delta": -2.41352019976971,
        "q_table": {
            "S0": {
                "A0": 29.97651405672427,
                "A1": -62.53159159176896
            },
            "S1": {
                "A0": -66.07682044664315,
                "A1": 28.678049390346466
            }
        }
    },
    {
        "episode": 149,
        "current_state": "S0",
        "current_action": "A0",
        "td_delta": 3.454175817027483,
        "q_table": {
            "S0": {
                "A0": 27.595704039630895,
                "A1": -62.53159159176896
            },
            "S1": {
                "A0": -66.07682044664315,
                "A1": 32.04537849992201
            }
        }
    },
    {
        "episode": 150,
        "current_state": "S1",
        "current_action": "A1",
        "td_delta": -4.551437793334255,
        "q_table": {
            "S0": {
                "A0": 32.38959269064405,
                "A1": -62.53159159176896
            },
            "S1": {
                "A0": -66.07682044664315,
                "A1": 33.95453775025836
            }
        }
    },
    {
        "episode": 151,
        "current_state": "S1",
        "current_action": "A1",
        "td_delta": -1.3386037746621255,
        "q_table": {
            "S0": {
                "A0": 26.13982445852504,
                "A1": -62.53159159176896
            },
            "S1": {
                "A0": -66.07682044664315,
                "A1": 26.980300963419833
            }
        }
    },
    {
        "episode": 152,
        "current_state": "S1",
        "current_action": "A1",
        "td_delta": -0.929280896771786,
        "q_table": {
            "S0": {
                "A0": 21.45688026920886,
                "A1": -62.53159159176896
            },
            "S1": {
                "A0": -66.07682044664315,
                "A1": 24.25139934534564
            }
        }
    },
    {
        "episode": 153,
        "current_state": "S0",
        "current_action": "A0",
        "td_delta": -1.692214604985221,
        "q_table": {
            "S0": {
                "A0": 19.698622434209348,
                "A1": -62.53159159176896
            },
            "S1": {
                "A0": -66.07682044664315,
                "A1": 21.776647206300172
            }
        }
    },
    {
        "episode": 154,
        "current_state": "S0",
        "current_action": "A0",
        "td_delta": -1.4859551008179182,
        "q_table": {
            "S0": {
                "A0": 21.90074546405935,
                "A1": -62.53159159176896
            },
            "S1": {
                "A0": -66.07682044664315,
                "A1": 20.90117379427974
            }
        }
    },
    {
        "episode": 155,
        "current_state": "S0",
        "current_action": "A0",
        "td_delta": 11.200424916171148,
        "q_table": {
            "S0": {
                "A0": 19.19137855180133,
                "A1": -62.53159159176896
            },
            "S1": {
                "A0": -66.07682044664315,
                "A1": 21.396299096122913
            }
        }
    },
    {
        "episode": 156,
        "current_state": "S0",
        "current_action": "A0",
        "td_delta": -9.285834658168085,
        "q_table": {
            "S0": {
                "A0": 23.72997006782397,
                "A1": -62.53159159176896
            },
            "S1": {
                "A0": -66.07682044664315,
                "A1": 21.30788196763522
            }
        }
    },
    {
        "episode": 157,
        "current_state": "S1",
        "current_action": "A1",
        "td_delta": 5.78425050278064,
        "q_table": {
            "S0": {
                "A0": 22.074894645169536,
                "A1": -62.53159159176896
            },
            "S1": {
                "A0": -66.07682044664315,
                "A1": 21.164543665427413
            }
        }
    },
    {
        "episode": 158,
        "current_state": "S1",
        "current_action": "A1",
        "td_delta": 1.1911163278367312,
        "q_table": {
            "S0": {
                "A0": 20.17632237735273,
                "A1": -62.53159159176896
            },
            "S1": {
                "A0": -66.07682044664315,
                "A1": 19.009932673716378
            }
        }
    },
    {
        "episode": 159,
        "current_state": "S1",
        "current_action": "A0",
        "td_delta": 1.0941340291956205,
        "q_table": {
            "S0": {
                "A0": -15.276768110842195,
                "A1": -62.53159159176896
            },
            "S1": {
                "A0": -13.62867292451992,
                "A1": -107.4781957334254
            }
        }
    },
    {
        "episode": 160,
        "current_state": "S0",
        "current_action": "A0",
        "td_delta": 0.6535090288161702,
        "q_table": {
            "S0": {
                "A0": -0.9970419564899782,
                "A1": -62.53159159176896
            },
            "S1": {
                "A0": -1.9033010306290423,
                "A1": -107.4781957334254
            }
        }
    },
    {
        "episode": 161,
        "current_state": "S1",
        "current_action": "A0",
        "td_delta": 3.417923625410347,
        "q_table": {
            "S0": {
                "A0": -2.2259616307165,
                "A1": -62.53159159176896
            },
            "S1": {
                "A0": -3.512066950009809,
                "A1": -107.4781957334254
            }
        }
    },
    {
        "episode": 162,
        "current_state": "S1",
        "current_action": "A0",
        "td_delta": 2.5238214912246697,
        "q_table": {
            "S0": {
                "A0": 7.8007113489804,
                "A1": -62.53159159176896
            },
            "S1": {
                "A0": 6.096523914661257,
                "A1": -107.4781957334254
            }
        }
    },
    {
        "episode": 163,
        "current_state": "S0",
        "current_action": "A0",
        "td_delta": 7.1156225770660875,
        "q_table": {
            "S0": {
                "A0": 10.769053371513413,
                "A1": -62.53159159176896
            },
            "S1": {
                "A0": 9.628588554851415,
                "A1": -107.4781957334254
            }
        }
    },
    {
        "episode": 164,
        "current_state": "S0",
        "current_action": "A0",
        "td_delta": 2.703572286550944,
        "q_table": {
            "S0": {
                "A0": 17.14872158375573,
                "A1": -62.53159159176896
            },
            "S1": {
                "A0": 13.345695477327912,
                "A1": -107.4781957334254
            }
        }
    },
    {
        "episode": 165,
        "current_state": "S0",
        "current_action": "A0",
        "td_delta": 11.259133283540615,
        "q_table": {
            "S0": {
                "A0": 12.669408297019721,
                "A1": -62.53159159176896
            },
            "S1": {
                "A0": 11.431192625432292,
                "A1": -107.4781957334254
            }
        }
    },
    {
        "episode": 166,
        "current_state": "S0",
        "current_action": "A0",
        "td_delta": 0.3491275063545132,
        "q_table": {
            "S0": {
                "A0": 21.26004844511679,
                "A1": -62.53159159176896
            },
            "S1": {
                "A0": 8.273097968321238,
                "A1": -107.4781957334254
            }
        }
    },
    {
        "episode": 167,
        "current_state": "S0",
        "current_action": "A0",
        "td_delta": 0.9015087498148535,
        "q_table": {
            "S0": {
                "A0": 13.053075552518413,
                "A1": -62.53159159176896
            },
            "S1": {
                "A0": 12.361357139493892,
                "A1": -107.4781957334254
            }
        }
    },
    {
        "episode": 168,
        "current_state": "S1",
        "current_action": "A0",
        "td_delta": 0.4477781611953837,
        "q_table": {
            "S0": {
                "A0": 26.308870506553685,
                "A1": -62.53159159176896
            },
            "S1": {
                "A0": 23.73658653516873,
                "A1": -107.4781957334254
            }
        }
    },
    {
        "episode": 169,
        "current_state": "S1",
        "current_action": "A0",
        "td_delta": 0.6812885441377077,
        "q_table": {
            "S0": {
                "A0": 17.772475194145095,
                "A1": -62.53159159176896
            },
            "S1": {
                "A0": 15.461005350790781,
                "A1": -107.4781957334254
            }
        }
    },
    {
        "episode": 170,
        "current_state": "S1",
        "current_action": "A0",
        "td_delta": 1.8474551940433628,
        "q_table": {
            "S0": {
                "A0": 16.229508009981664,
                "A1": -62.53159159176896
            },
            "S1": {
                "A0": 15.590032847397877,
                "A1": -107.4781957334254
            }
        }
    },
    {
        "episode": 171,
        "current_state": "S1",
        "current_action": "A0",
        "td_delta": 48.369877030212194,
        "q_table": {
            "S0": {
                "A0": 15.788367815590803,
                "A1": -62.53159159176896
            },
            "S1": {
                "A0": 21.550794092516867,
                "A1": -107.4781957334254
            }
        }
    },
    {
        "episode": 172,
        "current_state": "S1",
        "current_action": "A0",
        "td_delta": -1.8985474452955025,
        "q_table": {
            "S0": {
                "A0": 30.165427118153442,
                "A1": -62.53159159176896
            },
            "S1": {
                "A0": 30.94598466901563,
                "A1": -107.4781957334254
            }
        }
    },
    {
        "episode": 173,
        "current_state": "S1",
        "current_action": "A0",
        "td_delta": -5.018499424101517,
        "q_table": {
            "S0": {
                "A0": 22.882347915068966,
                "A1": -62.53159159176896
            },
            "S1": {
                "A0": 22.228073826959168,
                "A1": -107.4781957334254
            }
        }
    },
    {
        "episode": 174,
        "current_state": "S1",
        "current_action": "A0",
        "td_delta": -2.259570063046727,
        "q_table": {
            "S0": {
                "A0": 20.721939861063742,
                "A1": -62.53159159176896
            },
            "S1": {
                "A0": 19.304395373241924,
                "A1": -107.4781957334254
            }
        }
    },
    {
        "episode": 175,
        "current_state": "S1",
        "current_action": "A0",
        "td_delta": 9.186399378473459,
        "q_table": {
            "S0": {
                "A0": 19.391562972775347,
                "A1": -62.53159159176896
            },
            "S1": {
                "A0": 16.658576233711972,
                "A1": -107.4781957334254
            }
        }
    },
    {
        "episode": 176,
        "current_state": "S0",
        "current_action": "A0",
        "td_delta": -4.888690850263902,
        "q_table": {
            "S0": {
                "A0": 20.591249267058515,
                "A1": -62.53159159176896
            },
            "S1": {
                "A0": 21.061554579889883,
                "A1": -107.4781957334254
            }
        }
    },
    {
        "episode": 177,
        "current_state": "S0",
        "current_action": "A0",
        "td_delta": -7.445417251782374,
        "q_table": {
            "S0": {
                "A0": 39.593096921458,
                "A1": -62.53159159176896
            },
            "S1": {
                "A0": 33.766258675637495,
                "A1": -107.4781957334254
            }
        }
    },
    {
        "episode": 178,
        "current_state": "S0",
        "current_action": "A0",
        "td_delta": -4.9224134099540215,
        "q_table": {
            "S0": {
                "A0": 34.01695855774538,
                "A1": -62.53159159176896
            },
            "S1": {
                "A0": 29.321298862067163,
                "A1": -107.4781957334254
            }
        }
    },
    {
        "episode": 179,
        "current_state": "S0",
        "current_action": "A0",
        "td_delta": -0.2214588289972106,
        "q_table": {
            "S0": {
                "A0": 29.878933413861578,
                "A1": -62.53159159176896
            },
            "S1": {
                "A0": 31.8253867358191,
                "A1": -107.4781957334254
            }
        }
    },
    {
        "episode": 180,
        "current_state": "S1",
        "current_action": "A0",
        "td_delta": -1.1542340993105586,
        "q_table": {
            "S0": {
                "A0": 21.73211105110347,
                "A1": -62.53159159176896
            },
            "S1": {
                "A0": 16.75738009033698,
                "A1": -107.4781957334254
            }
        }
    },
    {
        "episode": 181,
        "current_state": "S0",
        "current_action": "A0",
        "td_delta": -3.498608824269784,
        "q_table": {
            "S0": {
                "A0": 30.058649951547743,
                "A1": -62.53159159176896
            },
            "S1": {
                "A0": 28.93922958575378,
                "A1": -107.4781957334254
            }
        }
    },
    {
        "episode": 182,
        "current_state": "S1",
        "current_action": "A0",
        "td_delta": -3.5551248100133215,
        "q_table": {
            "S0": {
                "A0": 11.30082695910392,
                "A1": -62.53159159176896
            },
            "S1": {
                "A0": 20.911693599610935,
                "A1": -107.4781957334254
            }
        }
    },
    {
        "episode": 183,
        "current_state": "S1",
        "current_action": "A0",
        "td_delta": -1.5007261362918705,
        "q_table": {
            "S0": {
                "A0": 20.970082623251578,
                "A1": -62.53159159176896
            },
            "S1": {
                "A0": 21.39705781171901,
                "A1": -107.4781957334254
            }
        }
    },
    {
        "episode": 184,
        "current_state": "S1",
        "current_action": "A0",
        "td_delta": -5.579839535618383,
        "q_table": {
            "S0": {
                "A0": 79.2030101153156,
                "A1": -62.53159159176896
            },
            "S1": {
                "A0": 52.90674794463294,
                "A1": -107.4781957334254
            }
        }
    },
    {
        "episode": 185,
        "current_state": "S1",
        "current_action": "A0",
        "td_delta": -0.8825717043940386,
        "q_table": {
            "S0": {
                "A0": 42.79645764535001,
                "A1": -62.53159159176896
            },
            "S1": {
                "A0": 42.862291869940115,
                "A1": -107.4781957334254
            }
        }
    },
    {
        "episode": 186,
        "current_state": "S1",
        "current_action": "A0",
        "td_delta": 1.8844457392867848,
        "q_table": {
            "S0": {
                "A0": -9.460637090990097,
                "A1": -62.53159159176896
            },
            "S1": {
                "A0": 1.6120410526718298,
                "A1": -107.4781957334254
            }
        }
    },
    {
        "episode": 187,
        "current_state": "S0",
        "current_action": "A0",
        "td_delta": 2.287310359154823,
        "q_table": {
            "S0": {
                "A0": 9.676402572613961,
                "A1": -62.53159159176896
            },
            "S1": {
                "A0": 8.353432977974855,
                "A1": -107.4781957334254
            }
        }
    },
    {
        "episode": 188,
        "current_state": "S0",
        "current_action": "A0",
        "td_delta": 1.3399492088215634,
        "q_table": {
            "S0": {
                "A0": 10.92065131391653,
                "A1": -62.53159159176896
            },
            "S1": {
                "A0": 10.11397048122488,
                "A1": -107.4781957334254
            }
        }
    },
    {
        "episode": 189,
        "current_state": "S0",
        "current_action": "A0",
        "td_delta": 26.679703088083457,
        "q_table": {
            "S0": {
                "A0": 89.90280983540367,
                "A1": -62.53159159176896
            },
            "S1": {
                "A0": 122.68167320718786,
                "A1": -107.4781957334254
            }
        }
    },
    {
        "episode": 190,
        "current_state": "S1",
        "current_action": "A0",
        "td_delta": -17.912402045160785,
        "q_table": {
            "S0": {
                "A0": 6.701913309826571,
                "A1": -62.53159159176896
            },
            "S1": {
                "A0": 16.308336301244406,
                "A1": -107.4781957334254
            }
        }
    },
    {
        "episode": 191,
        "current_state": "S1",
        "current_action": "A0",
        "td_delta": 2.3093762449579565,
        "q_table": {
            "S0": {
                "A0": 16.94722659567036,
                "A1": -62.53159159176896
            },
            "S1": {
                "A0": 18.938928020797718,
                "A1": -107.4781957334254
            }
        }
    },
    {
        "episode": 192,
        "current_state": "S1",
        "current_action": "A0",
        "td_delta": -1.6409455112637197,
        "q_table": {
            "S0": {
                "A0": 20.200379698252778,
                "A1": -62.53159159176896
            },
            "S1": {
                "A0": 20.59991664980095,
                "A1": -107.4781957334254
            }
        }
    },
    {
        "episode": 193,
        "current_state": "S1",
        "current_action": "A0",
        "td_delta": -5.5671316827936685,
        "q_table": {
            "S0": {
                "A0": 26.434909215995766,
                "A1": -62.53159159176896
            },
            "S1": {
                "A0": 22.54469605528175,
                "A1": -107.4781957334254
            }
        }
    },
    {
        "episode": 194,
        "current_state": "S1",
        "current_action": "A0",
        "td_delta": 3.8560347100828736,
        "q_table": {
            "S0": {
                "A0": 20.235045315512014,
                "A1": -62.53159159176896
            },
            "S1": {
                "A0": 18.040443850757345,
                "A1": -107.4781957334254
            }
        }
    },
    {
        "episode": 195,
        "current_state": "S1",
        "current_action": "A0",
        "td_delta": -3.6056652188064273,
        "q_table": {
            "S0": {
                "A0": 14.941718402694372,
                "A1": -62.53159159176896
            },
            "S1": {
                "A0": 15.305528467131506,
                "A1": -107.4781957334254
            }
        }
    },
    {
        "episode": 196,
        "current_state": "S1",
        "current_action": "A0",
        "td_delta": -1.6101601964333696,
        "q_table": {
            "S0": {
                "A0": 32.92187983866755,
                "A1": -62.53159159176896
            },
            "S1": {
                "A0": 31.323239606170453,
                "A1": -107.4781957334254
            }
        }
    },
    {
        "episode": 197,
        "current_state": "S0",
        "current_action": "A0",
        "td_delta": -2.1455984622090476,
        "q_table": {
            "S0": {
                "A0": 21.35983142255576,
                "A1": -62.53159159176896
            },
            "S1": {
                "A0": 20.068514143849832,
                "A1": -107.4781957334254
            }
        }
    },
    {
        "episode": 198,
        "current_state": "S0",
        "current_action": "A0",
        "td_delta": 5.4702286344843545,
        "q_table": {
            "S0": {
                "A0": -6.609833564031212,
                "A1": -62.53159159176896
            },
            "S1": {
                "A0": -8.506075050191837,
                "A1": -107.4781957334254
            }
        }
    },
    {
        "episode": 199,
        "current_state": "S1",
        "current_action": "A0",
        "td_delta": 1.8416514652752862,
        "q_table": {
            "S0": {
                "A0": 1.1493132386151108,
                "A1": -62.53159159176896
            },
            "S1": {
                "A0": -0.924537339564053,
                "A1": -107.4781957334254
            }
        }
    }
]