[
    {
        "episode": 0,
        "current_state": "S0",
        "current_action": "A1",
        "td_delta": 6.080962386077306,
        "q_table": {
            "S0": {
                "A0": 4.634345240321375,
                "A1": 5.0955470095369
            },
            "S1": {
                "A0": 4.458130065703645,
                "A1": 1.7084708814335117
            }
        }
    },
    {
        "episode": 1,
        "current_state": "S0",
        "current_action": "A1",
        "td_delta": -3.2620937014619003,
        "q_table": {
            "S0": {
                "A0": 15.474041895827652,
                "A1": 38.41011318701783
            },
            "S1": {
                "A0": 11.193388423568582,
                "A1": 8.592110334131412
            }
        }
    },
    {
        "episode": 2,
        "current_state": "S0",
        "current_action": "A1",
        "td_delta": 4.447749770605785,
        "q_table": {
            "S0": {
                "A0": 18.58803535493712,
                "A1": 21.66706981452334
            },
            "S1": {
                "A0": 18.483389518727492,
                "A1": 20.639732370495057
            }
        }
    },
    {
        "episode": 3,
        "current_state": "S0",
        "current_action": "A0",
        "td_delta": -1.9169963121970568,
        "q_table": {
            "S0": {
                "A0": 20.725880138889238,
                "A1": 19.656089742137432
            },
            "S1": {
                "A0": 20.467908994938607,
                "A1": 20.486406744950134
            }
        }
    },
    {
        "episode": 4,
        "current_state": "S0",
        "current_action": "A0",
        "td_delta": -5.416109425195867,
        "q_table": {
            "S0": {
                "A0": 21.220242258130796,
                "A1": 19.532701144868454
            },
            "S1": {
                "A0": 22.597239485545337,
                "A1": 23.059226214094263
            }
        }
    },
    {
        "episode": 5,
        "current_state": "S0",
        "current_action": "A1",
        "td_delta": -1.215226882230617,
        "q_table": {
            "S0": {
                "A0": 20.826614334285342,
                "A1": 18.374576881045904
            },
            "S1": {
                "A0": 19.490155281942332,
                "A1": 19.74722404954804
            }
        }
    },
    {
        "episode": 6,
        "current_state": "S0",
        "current_action": "A1",
        "td_delta": -0.7716018795233843,
        "q_table": {
            "S0": {
                "A0": 18.070339247415657,
                "A1": 18.916835307933543
            },
            "S1": {
                "A0": 17.50654844429669,
                "A1": 17.167705636843078
            }
        }
    },
    {
        "episode": 7,
        "current_state": "S0",
        "current_action": "A1",
        "td_delta": 4.024630443689606,
        "q_table": {
            "S0": {
                "A0": 18.78256180419894,
                "A1": 19.336099963493393
            },
            "S1": {
                "A0": 16.929100675216656,
                "A1": 18.965817669831807
            }
        }
    },
    {
        "episode": 8,
        "current_state": "S1",
        "current_action": "A1",
        "td_delta": 4.624038680429557,
        "q_table": {
            "S0": {
                "A0": 27.998360050399448,
                "A1": 30.94162349549829
            },
            "S1": {
                "A0": 26.17242308114548,
                "A1": 29.894428218014312
            }
        }
    },
    {
        "episode": 9,
        "current_state": "S0",
        "current_action": "A1",
        "td_delta": 0.625365659335607,
        "q_table": {
            "S0": {
                "A0": 30.32299540710091,
                "A1": 31.168963581423885
            },
            "S1": {
                "A0": 31.251492536335974,
                "A1": 32.49777980659641
            }
        }
    },
    {
        "episode": 10,
        "current_state": "S1",
        "current_action": "A1",
        "td_delta": 0.5424078551697242,
        "q_table": {
            "S0": {
                "A0": 29.803314664424622,
                "A1": 30.186095594212475
            },
            "S1": {
                "A0": 27.305269330194868,
                "A1": 27.43737024266791
            }
        }
    },
    {
        "episode": 11,
        "current_state": "S1",
        "current_action": "A0",
        "td_delta": -0.5974913000190618,
        "q_table": {
            "S0": {
                "A0": 26.34407442854049,
                "A1": 28.827872956643706
            },
            "S1": {
                "A0": 27.4275541060774,
                "A1": 24.15790429925136
            }
        }
    },
    {
        "episode": 12,
        "current_state": "S0",
        "current_action": "A0",
        "td_delta": -1.4843835758851256,
        "q_table": {
            "S0": {
                "A0": 23.961396043533735,
                "A1": 22.52177646554532
            },
            "S1": {
                "A0": -117.3261408584921,
                "A1": 21.886689961134294
            }
        }
    },
    {
        "episode": 13,
        "current_state": "S0",
        "current_action": "A0",
        "td_delta": 1.3674267414809727,
        "q_table": {
            "S0": {
                "A0": 20.555179340681782,
                "A1": 15.133433207284682
            },
            "S1": {
                "A0": -117.3261408584921,
                "A1": 21.502566280317186
            }
        }
    },
    {
        "episode": 14,
        "current_state": "S0",
        "current_action": "A0",
        "td_delta": 0.7754561949800056,
        "q_table": {
            "S0": {
                "A0": 24.13074658931309,
                "A1": 15.133433207284682
            },
            "S1": {
                "A0": -117.3261408584921,
                "A1": 24.324815836858498
            }
        }
    },
    {
        "episode": 15,
        "current_state": "S0",
        "current_action": "A0",
        "td_delta": -0.27784216742791656,
        "q_table": {
            "S0": {
                "A0": 21.92993515299926,
                "A1": 15.133433207284682
            },
            "S1": {
                "A0": -117.3261408584921,
                "A1": 21.008792772026492
            }
        }
    },
    {
        "episode": 16,
        "current_state": "S1",
        "current_action": "A1",
        "td_delta": -2.508715906513064,
        "q_table": {
            "S0": {
                "A0": 20.559031295425886,
                "A1": 15.133433207284682
            },
            "S1": {
                "A0": -117.3261408584921,
                "A1": 21.29149304162786
            }
        }
    },
    {
        "episode": 17,
        "current_state": "S1",
        "current_action": "A1",
        "td_delta": 0.746511030405685,
        "q_table": {
            "S0": {
                "A0": 24.07636669089023,
                "A1": 15.133433207284682
            },
            "S1": {
                "A0": -117.3261408584921,
                "A1": 21.408174850581013
            }
        }
    },
    {
        "episode": 18,
        "current_state": "S0",
        "current_action": "A0",
        "td_delta": -88.70656360952268,
        "q_table": {
            "S0": {
                "A0": 419.3217364717075,
                "A1": 15.133433207284682
            },
            "S1": {
                "A0": -117.3261408584921,
                "A1": 374.36588001932796
            }
        }
    },
    {
        "episode": 19,
        "current_state": "S0",
        "current_action": "A0",
        "td_delta": -43.20987614363662,
        "q_table": {
            "S0": {
                "A0": 301.79400734628297,
                "A1": 15.133433207284682
            },
            "S1": {
                "A0": -117.3261408584921,
                "A1": 290.6831297458226
            }
        }
    },
    {
        "episode": 20,
        "current_state": "S1",
        "current_action": "A1",
        "td_delta": -14.615699073281831,
        "q_table": {
            "S0": {
                "A0": 187.03923174678954,
                "A1": 15.133433207284682
            },
            "S1": {
                "A0": -117.3261408584921,
                "A1": 183.47825332491215
            }
        }
    },
    {
        "episode": 21,
        "current_state": "S1",
        "current_action": "A1",
        "td_delta": -6.105713630184084,
        "q_table": {
            "S0": {
                "A0": 122.07720313954967,
                "A1": 15.133433207284682
            },
            "S1": {
                "A0": -117.3261408584921,
                "A1": 118.53436339320353
            }
        }
    },
    {
        "episode": 22,
        "current_state": "S1",
        "current_action": "A1",
        "td_delta": -5.647368401733459,
        "q_table": {
            "S0": {
                "A0": 78.51895024027093,
                "A1": 15.133433207284682
            },
            "S1": {
                "A0": -117.3261408584921,
                "A1": 77.89065088775848
            }
        }
    },
    {
        "episode": 23,
        "current_state": "S1",
        "current_action": "A1",
        "td_delta": -3.8271137766325936,
        "q_table": {
            "S0": {
                "A0": 53.32525608386309,
                "A1": 15.133433207284682
            },
            "S1": {
                "A0": -117.3261408584921,
                "A1": 54.60821214068599
            }
        }
    },
    {
        "episode": 24,
        "current_state": "S0",
        "current_action": "A0",
        "td_delta": 12.168867914588397,
        "q_table": {
            "S0": {
                "A0": 36.85536922065042,
                "A1": 15.133433207284682
            },
            "S1": {
                "A0": -117.3261408584921,
                "A1": 50.64949126749938
            }
        }
    },
    {
        "episode": 25,
        "current_state": "S0",
        "current_action": "A0",
        "td_delta": -1.3038681594319286,
        "q_table": {
            "S0": {
                "A0": 36.33695785253447,
                "A1": 15.133433207284682
            },
            "S1": {
                "A0": -117.3261408584921,
                "A1": 37.09331443761109
            }
        }
    },
    {
        "episode": 26,
        "current_state": "S0",
        "current_action": "A0",
        "td_delta": 2.51997819585522,
        "q_table": {
            "S0": {
                "A0": 29.59753283841919,
                "A1": 15.133433207284682
            },
            "S1": {
                "A0": -117.3261408584921,
                "A1": 32.61836523637408
            }
        }
    },
    {
        "episode": 27,
        "current_state": "S1",
        "current_action": "A1",
        "td_delta": 8.091529958222932,
        "q_table": {
            "S0": {
                "A0": 0.12654232831260992,
                "A1": 0.661714627298238
            },
            "S1": {
                "A0": -117.3261408584921,
                "A1": -1.9238872678350951
            }
        }
    },
    {
        "episode": 28,
        "current_state": "S1",
        "current_action": "A1",
        "td_delta": 1.7761029654214875,
        "q_table": {
            "S0": {
                "A0": 0.12654232831260992,
                "A1": 8.025371477197282
            },
            "S1": {
                "A0": -117.3261408584921,
                "A1": 8.089053514405242
            }
        }
    },
    {
        "episode": 29,
        "current_state": "S1",
        "current_action": "A1",
        "td_delta": -6.161664646650079,
        "q_table": {
            "S0": {
                "A0": 0.12654232831260992,
                "A1": 7.104850549241773
            },
            "S1": {
                "A0": -117.3261408584921,
                "A1": 10.124736766623116
            }
        }
    },
    {
        "episode": 30,
        "current_state": "S1",
        "current_action": "A1",
        "td_delta": 1.4808148031660053,
        "q_table": {
            "S0": {
                "A0": 0.12654232831260992,
                "A1": 13.201476865035604
            },
            "S1": {
                "A0": -117.3261408584921,
                "A1": 14.652457846280353
            }
        }
    },
    {
        "episode": 31,
        "current_state": "S0",
        "current_action": "A1",
        "td_delta": 2.2995840783500583,
        "q_table": {
            "S0": {
                "A0": 0.12654232831260992,
                "A1": 9.839257836245292
            },
            "S1": {
                "A0": -117.3261408584921,
                "A1": 11.992135401619272
            }
        }
    },
    {
        "episode": 32,
        "current_state": "S0",
        "current_action": "A1",
        "td_delta": 0.8127278620331673,
        "q_table": {
            "S0": {
                "A0": 0.12654232831260992,
                "A1": 12.868870978297764
            },
            "S1": {
                "A0": -117.3261408584921,
                "A1": 14.510992431065578
            }
        }
    },
    {
        "episode": 33,
        "current_state": "S1",
        "current_action": "A1",
        "td_delta": 11.878599661263763,
        "q_table": {
            "S0": {
                "A0": 0.12654232831260992,
                "A1": 15.997930665006814
            },
            "S1": {
                "A0": -117.3261408584921,
                "A1": 17.2704728220575
            }
        }
    },
    {
        "episode": 34,
        "current_state": "S1",
        "current_action": "A1",
        "td_delta": 0.503167820280467,
        "q_table": {
            "S0": {
                "A0": 0.12654232831260992,
                "A1": 13.511904714074882
            },
            "S1": {
                "A0": -117.3261408584921,
                "A1": 16.433337271841612
            }
        }
    },
    {
        "episode": 35,
        "current_state": "S0",
        "current_action": "A1",
        "td_delta": -2.6148198795320763,
        "q_table": {
            "S0": {
                "A0": 0.12654232831260992,
                "A1": 17.64783671506887
            },
            "S1": {
                "A0": -117.3261408584921,
                "A1": 15.585196786773436
            }
        }
    },
    {
        "episode": 36,
        "current_state": "S0",
        "current_action": "A1",
        "td_delta": 3.262796817778888,
        "q_table": {
            "S0": {
                "A0": 0.12654232831260992,
                "A1": 12.229093621546996
            },
            "S1": {
                "A0": -117.3261408584921,
                "A1": 16.973742775734113
            }
        }
    },
    {
        "episode": 37,
        "current_state": "S1",
        "current_action": "A1",
        "td_delta": -0.03957282883363966,
        "q_table": {
            "S0": {
                "A0": 0.12654232831260992,
                "A1": 14.217270764178426
            },
            "S1": {
                "A0": -117.3261408584921,
                "A1": 15.338619129619376
            }
        }
    },
    {
        "episode": 38,
        "current_state": "S1",
        "current_action": "A1",
        "td_delta": 3.027962967637908,
        "q_table": {
            "S0": {
                "A0": 0.12654232831260992,
                "A1": 11.592794370441116
            },
            "S1": {
                "A0": -117.3261408584921,
                "A1": 12.874528177470044
            }
        }
    },
    {
        "episode": 39,
        "current_state": "S0",
        "current_action": "A1",
        "td_delta": -17.968425098184426,
        "q_table": {
            "S0": {
                "A0": 0.12654232831260992,
                "A1": 12.914718826851015
            },
            "S1": {
                "A0": -117.3261408584921,
                "A1": 14.813219204546776
            }
        }
    },
    {
        "episode": 40,
        "current_state": "S1",
        "current_action": "A1",
        "td_delta": -2.0115488670541435,
        "q_table": {
            "S0": {
                "A0": 0.12654232831260992,
                "A1": 11.919882588994955
            },
            "S1": {
                "A0": -117.3261408584921,
                "A1": 13.379081500460167
            }
        }
    },
    {
        "episode": 41,
        "current_state": "S1",
        "current_action": "A1",
        "td_delta": -1.6818314631149711,
        "q_table": {
            "S0": {
                "A0": 0.12654232831260992,
                "A1": 12.485033554644982
            },
            "S1": {
                "A0": -117.3261408584921,
                "A1": 14.101243979481852
            }
        }
    },
    {
        "episode": 42,
        "current_state": "S0",
        "current_action": "A1",
        "td_delta": 17.643986352516393,
        "q_table": {
            "S0": {
                "A0": 0.12654232831260992,
                "A1": 17.318517898691507
            },
            "S1": {
                "A0": -117.3261408584921,
                "A1": 16.68400291193641
            }
        }
    },
    {
        "episode": 43,
        "current_state": "S1",
        "current_action": "A1",
        "td_delta": 0.9308238718824242,
        "q_table": {
            "S0": {
                "A0": 0.12654232831260992,
                "A1": 16.706230615307476
            },
            "S1": {
                "A0": -117.3261408584921,
                "A1": 17.577366427832864
            }
        }
    },
    {
        "episode": 44,
        "current_state": "S1",
        "current_action": "A1",
        "td_delta": -58.36137133086339,
        "q_table": {
            "S0": {
                "A0": 0.12654232831260992,
                "A1": 542.6369433491392
            },
            "S1": {
                "A0": -117.3261408584921,
                "A1": 543.045904122369
            }
        }
    },
    {
        "episode": 45,
        "current_state": "S0",
        "current_action": "A1",
        "td_delta": -30.326773627104956,
        "q_table": {
            "S0": {
                "A0": 0.12654232831260992,
                "A1": 331.35867331065947
            },
            "S1": {
                "A0": -117.3261408584921,
                "A1": 330.3056675717233
            }
        }
    },
    {
        "episode": 46,
        "current_state": "S1",
        "current_action": "A1",
        "td_delta": -19.312471583142212,
        "q_table": {
            "S0": {
                "A0": 0.12654232831260992,
                "A1": 184.1524573994758
            },
            "S1": {
                "A0": -117.3261408584921,
                "A1": 185.592198928114
            }
        }
    },
    {
        "episode": 47,
        "current_state": "S1",
        "current_action": "A1",
        "td_delta": 6.945084845519091,
        "q_table": {
            "S0": {
                "A0": 0.12654232831260992,
                "A1": 114.09478514927565
            },
            "S1": {
                "A0": -117.3261408584921,
                "A1": 99.92871827197382
            }
        }
    },
    {
        "episode": 48,
        "current_state": "S1",
        "current_action": "A1",
        "td_delta": -13.037020140641076,
        "q_table": {
            "S0": {
                "A0": 0.12654232831260992,
                "A1": 61.897139007904514
            },
            "S1": {
                "A0": -117.3261408584921,
                "A1": 68.88337020028823
            }
        }
    },
    {
        "episode": 49,
        "current_state": "S0",
        "current_action": "A1",
        "td_delta": -5.890477061769815,
        "q_table": {
            "S0": {
                "A0": 0.12654232831260992,
                "A1": 43.633214527051976
            },
            "S1": {
                "A0": -117.3261408584921,
                "A1": 43.99935350564493
            }
        }
    },
    {
        "episode": 50,
        "current_state": "S0",
        "current_action": "A1",
        "td_delta": -2.59877682105882,
        "q_table": {
            "S0": {
                "A0": 0.12654232831260992,
                "A1": 46.66068459198297
            },
            "S1": {
                "A0": -117.3261408584921,
                "A1": 45.7540705480977
            }
        }
    },
    {
        "episode": 51,
        "current_state": "S0",
        "current_action": "A1",
        "td_delta": 4.492835748702614,
        "q_table": {
            "S0": {
                "A0": 0.12654232831260992,
                "A1": 25.133882225976787
            },
            "S1": {
                "A0": -117.3261408584921,
                "A1": 30.59384997741781
            }
        }
    },
    {
        "episode": 52,
        "current_state": "S1",
        "current_action": "A1",
        "td_delta": -3.5393816270252714,
        "q_table": {
            "S0": {
                "A0": 0.12654232831260992,
                "A1": 22.430989954988007
            },
            "S1": {
                "A0": -117.3261408584921,
                "A1": 24.723873505389466
            }
        }
    },
    {
        "episode": 53,
        "current_state": "S0",
        "current_action": "A1",
        "td_delta": 0.47556125626550383,
        "q_table": {
            "S0": {
                "A0": 0.12654232831260992,
                "A1": 18.798837588075262
            },
            "S1": {
                "A0": -117.3261408584921,
                "A1": 20.289068683678842
            }
        }
    },
    {
        "episode": 54,
        "current_state": "S0",
        "current_action": "A1",
        "td_delta": 6.722077486540115,
        "q_table": {
            "S0": {
                "A0": 0.12654232831260992,
                "A1": 16.377286250830686
            },
            "S1": {
                "A0": -117.3261408584921,
                "A1": 18.642375531988982
            }
        }
    },
    {
        "episode": 55,
        "current_state": "S0",
        "current_action": "A1",
        "td_delta": -1.81487947796826,
        "q_table": {
            "S0": {
                "A0": 0.12654232831260992,
                "A1": 14.583894092114289
            },
            "S1": {
                "A0": -117.3261408584921,
                "A1": 15.082031853626013
            }
        }
    },
    {
        "episode": 56,
        "current_state": "S1",
        "current_action": "A1",
        "td_delta": -1.7566321596062267,
        "q_table": {
            "S0": {
                "A0": 0.12654232831260992,
                "A1": 28.033484459019057
            },
            "S1": {
                "A0": -117.3261408584921,
                "A1": 42.67052156777531
            }
        }
    },
    {
        "episode": 57,
        "current_state": "S1",
        "current_action": "A1",
        "td_delta": 87.22316611742949,
        "q_table": {
            "S0": {
                "A0": 0.12654232831260992,
                "A1": 135.6289877459297
            },
            "S1": {
                "A0": -117.3261408584921,
                "A1": 45.347161594984414
            }
        }
    },
    {
        "episode": 58,
        "current_state": "S1",
        "current_action": "A1",
        "td_delta": -2.015127287028456,
        "q_table": {
            "S0": {
                "A0": 0.12654232831260992,
                "A1": 56.060123838443474
            },
            "S1": {
                "A0": -117.3261408584921,
                "A1": 54.07321677037022
            }
        }
    },
    {
        "episode": 59,
        "current_state": "S0",
        "current_action": "A1",
        "td_delta": -3.1320403743465093,
        "q_table": {
            "S0": {
                "A0": 0.12654232831260992,
                "A1": 37.807064301706475
            },
            "S1": {
                "A0": -117.3261408584921,
                "A1": 39.44350265501652
            }
        }
    },
    {
        "episode": 60,
        "current_state": "S1",
        "current_action": "A1",
        "td_delta": -6.149911333778274,
        "q_table": {
            "S0": {
                "A0": 0.12654232831260992,
                "A1": 18.57722989900328
            },
            "S1": {
                "A0": -117.3261408584921,
                "A1": 18.396534889329594
            }
        }
    },
    {
        "episode": 61,
        "current_state": "S0",
        "current_action": "A1",
        "td_delta": -0.45478717949914227,
        "q_table": {
            "S0": {
                "A0": 0.12654232831260992,
                "A1": 16.969151129050896
            },
            "S1": {
                "A0": -117.3261408584921,
                "A1": 17.758281555259252
            }
        }
    },
    {
        "episode": 62,
        "current_state": "S1",
        "current_action": "A1",
        "td_delta": -1.4398594423041544,
        "q_table": {
            "S0": {
                "A0": 0.12654232831260992,
                "A1": 16.245082241674325
            },
            "S1": {
                "A0": -117.3261408584921,
                "A1": 18.230039858820724
            }
        }
    },
    {
        "episode": 63,
        "current_state": "S0",
        "current_action": "A1",
        "td_delta": -0.06527742420311355,
        "q_table": {
            "S0": {
                "A0": 0.12654232831260992,
                "A1": 14.881127584774463
            },
            "S1": {
                "A0": -117.3261408584921,
                "A1": 14.909090819314384
            }
        }
    },
    {
        "episode": 64,
        "current_state": "S0",
        "current_action": "A1",
        "td_delta": -31.872316018827348,
        "q_table": {
            "S0": {
                "A0": 0.12654232831260992,
                "A1": 210.53366492344455
            },
            "S1": {
                "A0": -117.3261408584921,
                "A1": 201.96451377283677
            }
        }
    },
    {
        "episode": 65,
        "current_state": "S1",
        "current_action": "A1",
        "td_delta": -5.786847142643694,
        "q_table": {
            "S0": {
                "A0": 64.86697458573822,
                "A1": -260.1543914188327
            },
            "S1": {
                "A0": -117.3261408584921,
                "A1": 65.53756828813184
            }
        }
    },
    {
        "episode": 66,
        "current_state": "S0",
        "current_action": "A0",
        "td_delta": -0.7507086124062425,
        "q_table": {
            "S0": {
                "A0": 46.19713929834555,
                "A1": -260.1543914188327
            },
            "S1": {
                "A0": -117.3261408584921,
                "A1": 46.55990272760447
            }
        }
    },
    {
        "episode": 67,
        "current_state": "S0",
        "current_action": "A0",
        "td_delta": -0.30608152660181176,
        "q_table": {
            "S0": {
                "A0": 28.537767357536026,
                "A1": -260.1543914188327
            },
            "S1": {
                "A0": -117.3261408584921,
                "A1": 27.445120343765836
            }
        }
    },
    {
        "episode": 68,
        "current_state": "S0",
        "current_action": "A0",
        "td_delta": 5.175232898210112,
        "q_table": {
            "S0": {
                "A0": 20.880845525123725,
                "A1": -260.1543914188327
            },
            "S1": {
                "A0": -117.3261408584921,
                "A1": 21.317080431576326
            }
        }
    },
    {
        "episode": 69,
        "current_state": "S0",
        "current_action": "A0",
        "td_delta": 0.5061373759215435,
        "q_table": {
            "S0": {
                "A0": 18.029934000889764,
                "A1": -260.1543914188327
            },
            "S1": {
                "A0": -117.3261408584921,
                "A1": 18.176069546895373
            }
        }
    },
    {
        "episode": 70,
        "current_state": "S1",
        "current_action": "A1",
        "td_delta": 3.174271465704912,
        "q_table": {
            "S0": {
                "A0": 32.689437829145795,
                "A1": -260.1543914188327
            },
            "S1": {
                "A0": -117.3261408584921,
                "A1": 28.688592057205774
            }
        }
    },
    {
        "episode": 71,
        "current_state": "S0",
        "current_action": "A0",
        "td_delta": -0.684061038997303,
        "q_table": {
            "S0": {
                "A0": 26.511385391112405,
                "A1": -260.1543914188327
            },
            "S1": {
                "A0": -117.3261408584921,
                "A1": 28.766728011101
            }
        }
    },
    {
        "episode": 72,
        "current_state": "S0",
        "current_action": "A0",
        "td_delta": 123.01153722598048,
        "q_table": {
            "S0": {
                "A0": 32.16346135704094,
                "A1": -260.1543914188327
            },
            "S1": {
                "A0": -117.3261408584921,
                "A1": 20.687369811456534
            }
        }
    },
    {
        "episode": 73,
        "current_state": "S1",
        "current_action": "A1",
        "td_delta": 2.2755999599443975,
        "q_table": {
            "S0": {
                "A0": 26.73980955731441,
                "A1": -260.1543914188327
            },
            "S1": {
                "A0": -117.3261408584921,
                "A1": 29.080121579059035
            }
        }
    },
    {
        "episode": 74,
        "current_state": "S1",
        "current_action": "A1",
        "td_delta": 0.07887617160730898,
        "q_table": {
            "S0": {
                "A0": 17.03377197166012,
                "A1": -260.1543914188327
            },
            "S1": {
                "A0": -117.3261408584921,
                "A1": 18.819458904434747
            }
        }
    },
    {
        "episode": 75,
        "current_state": "S1",
        "current_action": "A1",
        "td_delta": -0.7263352353673511,
        "q_table": {
            "S0": {
                "A0": 21.122742537958462,
                "A1": -260.1543914188327
            },
            "S1": {
                "A0": -117.3261408584921,
                "A1": 22.043188572714282
            }
        }
    },
    {
        "episode": 76,
        "current_state": "S0",
        "current_action": "A0",
        "td_delta": 1.8721901341834748,
        "q_table": {
            "S0": {
                "A0": 12.612047105563418,
                "A1": -260.1543914188327
            },
            "S1": {
                "A0": -117.3261408584921,
                "A1": 13.928694103514617
            }
        }
    },
    {
        "episode": 77,
        "current_state": "S1",
        "current_action": "A1",
        "td_delta": 2.149572425879512,
        "q_table": {
            "S0": {
                "A0": 23.42260866100212,
                "A1": -260.1543914188327
            },
            "S1": {
                "A0": -117.3261408584921,
                "A1": 20.178110026156567
            }
        }
    },
    {
        "episode": 78,
        "current_state": "S1",
        "current_action": "A1",
        "td_delta": -1.6681072052842474,
        "q_table": {
            "S0": {
                "A0": 24.43041584876129,
                "A1": -260.1543914188327
            },
            "S1": {
                "A0": -117.3261408584921,
                "A1": 24.863590821482195
            }
        }
    },
    {
        "episode": 79,
        "current_state": "S1",
        "current_action": "A1",
        "td_delta": -6.273870715506103,
        "q_table": {
            "S0": {
                "A0": 22.81893830987029,
                "A1": -260.1543914188327
            },
            "S1": {
                "A0": -117.3261408584921,
                "A1": 24.314916801843612
            }
        }
    },
    {
        "episode": 80,
        "current_state": "S1",
        "current_action": "A1",
        "td_delta": 2.2816913988317964,
        "q_table": {
            "S0": {
                "A0": 7.561324793702308,
                "A1": -260.1543914188327
            },
            "S1": {
                "A0": -117.3261408584921,
                "A1": 7.206700329817888
            }
        }
    },
    {
        "episode": 81,
        "current_state": "S1",
        "current_action": "A1",
        "td_delta": -0.6025546216550612,
        "q_table": {
            "S0": {
                "A0": 12.923915616874888,
                "A1": -260.1543914188327
            },
            "S1": {
                "A0": -117.3261408584921,
                "A1": 13.028410459647278
            }
        }
    },
    {
        "episode": 82,
        "current_state": "S1",
        "current_action": "A1",
        "td_delta": -1.1711742738525324,
        "q_table": {
            "S0": {
                "A0": 21.006378948123565,
                "A1": -260.1543914188327
            },
            "S1": {
                "A0": -117.3261408584921,
                "A1": 21.82474249661817
            }
        }
    },
    {
        "episode": 83,
        "current_state": "S0",
        "current_action": "A0",
        "td_delta": 16.313020063332807,
        "q_table": {
            "S0": {
                "A0": -3.1006650835059966,
                "A1": -260.1543914188327
            },
            "S1": {
                "A0": -117.3261408584921,
                "A1": 11.046315064764881
            }
        }
    },
    {
        "episode": 84,
        "current_state": "S1",
        "current_action": "A1",
        "td_delta": -4.791059899717935,
        "q_table": {
            "S0": {
                "A0": 17.136202765145118,
                "A1": -260.1543914188327
            },
            "S1": {
                "A0": -117.3261408584921,
                "A1": 16.90437381055364
            }
        }
    },
    {
        "episode": 85,
        "current_state": "S0",
        "current_action": "A0",
        "td_delta": 3.0635247214151597,
        "q_table": {
            "S0": {
                "A0": 18.35710867262481,
                "A1": -260.1543914188327
            },
            "S1": {
                "A0": -117.3261408584921,
                "A1": 20.943034983660233
            }
        }
    },
    {
        "episode": 86,
        "current_state": "S1",
        "current_action": "A1",
        "td_delta": -0.20790349267009134,
        "q_table": {
            "S0": {
                "A0": 19.369780124406486,
                "A1": -260.1543914188327
            },
            "S1": {
                "A0": -117.3261408584921,
                "A1": 20.625131691888704
            }
        }
    },
    {
        "episode": 87,
        "current_state": "S0",
        "current_action": "A0",
        "td_delta": -0.29742714217142563,
        "q_table": {
            "S0": {
                "A0": 20.31131135472198,
                "A1": -260.1543914188327
            },
            "S1": {
                "A0": -117.3261408584921,
                "A1": 20.501865804622728
            }
        }
    },
    {
        "episode": 88,
        "current_state": "S0",
        "current_action": "A0",
        "td_delta": 0.9609476584148808,
        "q_table": {
            "S0": {
                "A0": 20.257861977243923,
                "A1": -260.1543914188327
            },
            "S1": {
                "A0": -117.3261408584921,
                "A1": 21.044505790712517
            }
        }
    },
    {
        "episode": 89,
        "current_state": "S0",
        "current_action": "A0",
        "td_delta": 1.9985761838397877,
        "q_table": {
            "S0": {
                "A0": 18.763774981152892,
                "A1": -260.1543914188327
            },
            "S1": {
                "A0": -117.3261408584921,
                "A1": 16.93929702805513
            }
        }
    },
    {
        "episode": 90,
        "current_state": "S1",
        "current_action": "A1",
        "td_delta": 3.7912529674876962,
        "q_table": {
            "S0": {
                "A0": 8.106177040238984,
                "A1": -260.1543914188327
            },
            "S1": {
                "A0": -117.3261408584921,
                "A1": 7.77519021182895
            }
        }
    },
    {
        "episode": 91,
        "current_state": "S0",
        "current_action": "A0",
        "td_delta": 2.106169089752399,
        "q_table": {
            "S0": {
                "A0": 12.301604541150038,
                "A1": -260.1543914188327
            },
            "S1": {
                "A0": -117.3261408584921,
                "A1": 12.363205329203026
            }
        }
    },
    {
        "episode": 92,
        "current_state": "S0",
        "current_action": "A0",
        "td_delta": 4.1379526550954555,
        "q_table": {
            "S0": {
                "A0": 8.756904411852302,
                "A1": -260.1543914188327
            },
            "S1": {
                "A0": -117.3261408584921,
                "A1": 11.161213087630712
            }
        }
    },
    {
        "episode": 93,
        "current_state": "S1",
        "current_action": "A1",
        "td_delta": 0.4038666402257327,
        "q_table": {
            "S0": {
                "A0": 12.939927301569437,
                "A1": -260.1543914188327
            },
            "S1": {
                "A0": -117.3261408584921,
                "A1": 14.023786337312933
            }
        }
    },
    {
        "episode": 94,
        "current_state": "S0",
        "current_action": "A0",
        "td_delta": 1.8137058502980707,
        "q_table": {
            "S0": {
                "A0": 17.372090944652133,
                "A1": -260.1543914188327
            },
            "S1": {
                "A0": -117.3261408584921,
                "A1": 19.092459150745622
            }
        }
    },
    {
        "episode": 95,
        "current_state": "S0",
        "current_action": "A0",
        "td_delta": 0.7675842961858113,
        "q_table": {
            "S0": {
                "A0": 11.853862974686404,
                "A1": -260.1543914188327
            },
            "S1": {
                "A0": -117.3261408584921,
                "A1": 15.1090179339974
            }
        }
    },
    {
        "episode": 96,
        "current_state": "S0",
        "current_action": "A0",
        "td_delta": 5.40926190272057,
        "q_table": {
            "S0": {
                "A0": -5.388782288281556,
                "A1": -260.1543914188327
            },
            "S1": {
                "A0": -117.3261408584921,
                "A1": -7.528816253383739
            }
        }
    },
    {
        "episode": 97,
        "current_state": "S0",
        "current_action": "A0",
        "td_delta": 3.4526927306587094,
        "q_table": {
            "S0": {
                "A0": 14.394414322910686,
                "A1": -260.1543914188327
            },
            "S1": {
                "A0": -117.3261408584921,
                "A1": 16.341445173603475
            }
        }
    },
    {
        "episode": 98,
        "current_state": "S1",
        "current_action": "A1",
        "td_delta": 0.2902873767593981,
        "q_table": {
            "S0": {
                "A0": 16.269447196961515,
                "A1": -260.1543914188327
            },
            "S1": {
                "A0": -117.3261408584921,
                "A1": 15.910347638983684
            }
        }
    },
    {
        "episode": 99,
        "current_state": "S1",
        "current_action": "A1",
        "td_delta": -49.11089817919453,
        "q_table": {
            "S0": {
                "A0": 62.05645495063045,
                "A1": -260.1543914188327
            },
            "S1": {
                "A0": -117.3261408584921,
                "A1": 95.13007041422654
            }
        }
    },
    {
        "episode": 100,
        "current_state": "S1",
        "current_action": "A1",
        "td_delta": -5.451986851055281,
        "q_table": {
            "S0": {
                "A0": 68.24786175221315,
                "A1": -260.1543914188327
            },
            "S1": {
                "A0": -117.3261408584921,
                "A1": 69.07175276558542
            }
        }
    },
    {
        "episode": 101,
        "current_state": "S1",
        "current_action": "A1",
        "td_delta": -5.887187710820555,
        "q_table": {
            "S0": {
                "A0": 52.47712527386548,
                "A1": -260.1543914188327
            },
            "S1": {
                "A0": -117.3261408584921,
                "A1": 52.06366031407932
            }
        }
    },
    {
        "episode": 102,
        "current_state": "S1",
        "current_action": "A1",
        "td_delta": -3.852876171490067,
        "q_table": {
            "S0": {
                "A0": 40.70234073566883,
                "A1": -260.1543914188327
            },
            "S1": {
                "A0": -117.3261408584921,
                "A1": 40.65879607610007
            }
        }
    },
    {
        "episode": 103,
        "current_state": "S1",
        "current_action": "A1",
        "td_delta": -1.6085027440919148,
        "q_table": {
            "S0": {
                "A0": 30.172062313252244,
                "A1": -260.1543914188327
            },
            "S1": {
                "A0": -117.3261408584921,
                "A1": 29.804765083619603
            }
        }
    },
    {
        "episode": 104,
        "current_state": "S0",
        "current_action": "A0",
        "td_delta": -36.357037999517196,
        "q_table": {
            "S0": {
                "A0": 32.45252814240848,
                "A1": -260.1543914188327
            },
            "S1": {
                "A0": -117.3261408584921,
                "A1": 0.6209481312431326
            }
        }
    },
    {
        "episode": 105,
        "current_state": "S1",
        "current_action": "A1",
        "td_delta": 0.4438217451294797,
        "q_table": {
            "S0": {
                "A0": 15.470317150867382,
                "A1": -260.1543914188327
            },
            "S1": {
                "A0": -117.3261408584921,
                "A1": 14.87211040127671
            }
        }
    },
    {
        "episode": 106,
        "current_state": "S0",
        "current_action": "A0",
        "td_delta": -1.2274783121102217,
        "q_table": {
            "S0": {
                "A0": 17.381224631897243,
                "A1": -260.1543914188327
            },
            "S1": {
                "A0": -117.3261408584921,
                "A1": 17.593122663844195
            }
        }
    },
    {
        "episode": 107,
        "current_state": "S0",
        "current_action": "A0",
        "td_delta": 2.614659781821203,
        "q_table": {
            "S0": {
                "A0": 18.08763970090691,
                "A1": -260.1543914188327
            },
            "S1": {
                "A0": -117.3261408584921,
                "A1": 18.61050444283858
            }
        }
    },
    {
        "episode": 108,
        "current_state": "S1",
        "current_action": "A1",
        "td_delta": -2.592184051287525,
        "q_table": {
            "S0": {
                "A0": 20.095131915535887,
                "A1": -260.1543914188327
            },
            "S1": {
                "A0": -117.3261408584921,
                "A1": 20.360460721712013
            }
        }
    },
    {
        "episode": 109,
        "current_state": "S1",
        "current_action": "A1",
        "td_delta": -0.2475816365048118,
        "q_table": {
            "S0": {
                "A0": 19.077153441945725,
                "A1": -260.1543914188327
            },
            "S1": {
                "A0": -117.3261408584921,
                "A1": 20.532919946284906
            }
        }
    },
    {
        "episode": 110,
        "current_state": "S0",
        "current_action": "A0",
        "td_delta": 1.4489898368702256,
        "q_table": {
            "S0": {
                "A0": 20.489384822836264,
                "A1": -260.1543914188327
            },
            "S1": {
                "A0": -117.3261408584921,
                "A1": 20.951353484420025
            }
        }
    },
    {
        "episode": 111,
        "current_state": "S1",
        "current_action": "A1",
        "td_delta": 0.25900475293008896,
        "q_table": {
            "S0": {
                "A0": 19.960750301932606,
                "A1": -260.1543914188327
            },
            "S1": {
                "A0": -117.3261408584921,
                "A1": 19.91824492339966
            }
        }
    },
    {
        "episode": 112,
        "current_state": "S1",
        "current_action": "A1",
        "td_delta": 0.10016926423504557,
        "q_table": {
            "S0": {
                "A0": 19.604195710134682,
                "A1": -260.1543914188327
            },
            "S1": {
                "A0": -117.3261408584921,
                "A1": 18.93344501777511
            }
        }
    },
    {
        "episode": 113,
        "current_state": "S1",
        "current_action": "A1",
        "td_delta": -9.402775424703737,
        "q_table": {
            "S0": {
                "A0": 29.531339623770563,
                "A1": -260.1543914188327
            },
            "S1": {
                "A0": -117.3261408584921,
                "A1": 36.35687514573426
            }
        }
    },
    {
        "episode": 114,
        "current_state": "S0",
        "current_action": "A0",
        "td_delta": 1.2759942047736672,
        "q_table": {
            "S0": {
                "A0": 27.669196252058896,
                "A1": -260.1543914188327
            },
            "S1": {
                "A0": -117.3261408584921,
                "A1": 27.325823578232182
            }
        }
    },
    {
        "episode": 115,
        "current_state": "S1",
        "current_action": "A1",
        "td_delta": -17.137149516623232,
        "q_table": {
            "S0": {
                "A0": 22.820731670265783,
                "A1": -260.1543914188327
            },
            "S1": {
                "A0": -117.3261408584921,
                "A1": 21.38279678720566
            }
        }
    },
    {
        "episode": 116,
        "current_state": "S0",
        "current_action": "A0",
        "td_delta": 1.2072002637039745,
        "q_table": {
            "S0": {
                "A0": 19.382575164548808,
                "A1": -260.1543914188327
            },
            "S1": {
                "A0": -117.3261408584921,
                "A1": 19.32452006043178
            }
        }
    },
    {
        "episode": 117,
        "current_state": "S0",
        "current_action": "A0",
        "td_delta": 1.9452329514867515,
        "q_table": {
            "S0": {
                "A0": 18.299906447252443,
                "A1": -260.1543914188327
            },
            "S1": {
                "A0": -117.3261408584921,
                "A1": 18.74306816786176
            }
        }
    },
    {
        "episode": 118,
        "current_state": "S0",
        "current_action": "A0",
        "td_delta": -21.96871260954147,
        "q_table": {
            "S0": {
                "A0": -11.130485924865598,
                "A1": -260.1543914188327
            },
            "S1": {
                "A0": -117.3261408584921,
                "A1": -37.10586615167729
            }
        }
    },
    {
        "episode": 119,
        "current_state": "S0",
        "current_action": "A0",
        "td_delta": 3.988645209622738,
        "q_table": {
            "S0": {
                "A0": -5.729538292533412,
                "A1": -260.1543914188327
            },
            "S1": {
                "A0": -117.3261408584921,
                "A1": -5.601466337843599
            }
        }
    },
    {
        "episode": 120,
        "current_state": "S0",
        "current_action": "A0",
        "td_delta": -3.4299554543542303,
        "q_table": {
            "S0": {
                "A0": 4.666837710567646,
                "A1": -260.1543914188327
            },
            "S1": {
                "A0": -117.3261408584921,
                "A1": 0.18408950997881202
            }
        }
    },
    {
        "episode": 121,
        "current_state": "S1",
        "current_action": "A1",
        "td_delta": -13.4600415693499,
        "q_table": {
            "S0": {
                "A0": 7.463950842081591,
                "A1": -260.1543914188327
            },
            "S1": {
                "A0": -117.3261408584921,
                "A1": 19.8696143773008
            }
        }
    },
    {
        "episode": 122,
        "current_state": "S0",
        "current_action": "A0",
        "td_delta": 6.140563862232611,
        "q_table": {
            "S0": {
                "A0": -71.74227048164391,
                "A1": -260.1543914188327
            },
            "S1": {
                "A0": -117.3261408584921,
                "A1": -39.46929686792287
            }
        }
    },
    {
        "episode": 123,
        "current_state": "S1",
        "current_action": "A1",
        "td_delta": 4.286169937080491,
        "q_table": {
            "S0": {
                "A0": -21.462469650234915,
                "A1": -260.1543914188327
            },
            "S1": {
                "A0": -117.3261408584921,
                "A1": -22.60167488754842
            }
        }
    },
    {
        "episode": 124,
        "current_state": "S1",
        "current_action": "A1",
        "td_delta": 4.627540479214872,
        "q_table": {
            "S0": {
                "A0": -3.017702399631877,
                "A1": -260.1543914188327
            },
            "S1": {
                "A0": -117.3261408584921,
                "A1": -3.8250344039918303
            }
        }
    },
    {
        "episode": 125,
        "current_state": "S0",
        "current_action": "A0",
        "td_delta": 0.5452614783427787,
        "q_table": {
            "S0": {
                "A0": 5.908246370831535,
                "A1": -260.1543914188327
            },
            "S1": {
                "A0": -117.3261408584921,
                "A1": 5.581647146736207
            }
        }
    },
    {
        "episode": 126,
        "current_state": "S0",
        "current_action": "A0",
        "td_delta": 0.47430488555093575,
        "q_table": {
            "S0": {
                "A0": 13.550358471023312,
                "A1": -260.1543914188327
            },
            "S1": {
                "A0": -117.3261408584921,
                "A1": 12.717982633528301
            }
        }
    },
    {
        "episode": 127,
        "current_state": "S0",
        "current_action": "A0",
        "td_delta": -0.3118248296995141,
        "q_table": {
            "S0": {
                "A0": 17.56788451999946,
                "A1": -260.1543914188327
            },
            "S1": {
                "A0": -117.3261408584921,
                "A1": 15.460541887016621
            }
        }
    },
    {
        "episode": 128,
        "current_state": "S0",
        "current_action": "A0",
        "td_delta": 5.49046816832374,
        "q_table": {
            "S0": {
                "A0": -6.09411631912294,
                "A1": -260.1543914188327
            },
            "S1": {
                "A0": -117.3261408584921,
                "A1": -2.0297711999033643
            }
        }
    },
    {
        "episode": 129,
        "current_state": "S0",
        "current_action": "A0",
        "td_delta": -4.508664334646326,
        "q_table": {
            "S0": {
                "A0": 4.172387201165992,
                "A1": -260.1543914188327
            },
            "S1": {
                "A0": -117.3261408584921,
                "A1": 2.9478774635490463
            }
        }
    },
    {
        "episode": 130,
        "current_state": "S0",
        "current_action": "A0",
        "td_delta": 1.5443053680823073,
        "q_table": {
            "S0": {
                "A0": 14.973911958520064,
                "A1": -260.1543914188327
            },
            "S1": {
                "A0": -117.3261408584921,
                "A1": 14.352342669462576
            }
        }
    },
    {
        "episode": 131,
        "current_state": "S1",
        "current_action": "A1",
        "td_delta": 49.34677240523594,
        "q_table": {
            "S0": {
                "A0": 18.334501162524248,
                "A1": -260.1543914188327
            },
            "S1": {
                "A0": -117.3261408584921,
                "A1": 22.94695118027709
            }
        }
    },
    {
        "episode": 132,
        "current_state": "S1",
        "current_action": "A1",
        "td_delta": -1.5929912712425534,
        "q_table": {
            "S0": {
                "A0": 21.011770534199876,
                "A1": -260.1543914188327
            },
            "S1": {
                "A0": -117.3261408584921,
                "A1": 21.149660301647558
            }
        }
    },
    {
        "episode": 133,
        "current_state": "S1",
        "current_action": "A1",
        "td_delta": 0.2633606268726041,
        "q_table": {
            "S0": {
                "A0": 47.63326448586375,
                "A1": -260.1543914188327
            },
            "S1": {
                "A0": -117.3261408584921,
                "A1": 44.2482255274428
            }
        }
    },
    {
        "episode": 134,
        "current_state": "S1",
        "current_action": "A1",
        "td_delta": 0.9733375688239789,
        "q_table": {
            "S0": {
                "A0": 34.87746470458144,
                "A1": -260.1543914188327
            },
            "S1": {
                "A0": -117.3261408584921,
                "A1": 35.40006698010524
            }
        }
    },
    {
        "episode": 135,
        "current_state": "S0",
        "current_action": "A0",
        "td_delta": -1.0351867555429877,
        "q_table": {
            "S0": {
                "A0": 27.957705604581857,
                "A1": -260.1543914188327
            },
            "S1": {
                "A0": -117.3261408584921,
                "A1": 28.953138053126594
            }
        }
    },
    {
        "episode": 136,
        "current_state": "S0",
        "current_action": "A0",
        "td_delta": -4.493916421620696,
        "q_table": {
            "S0": {
                "A0": 29.55276573107678,
                "A1": -260.1543914188327
            },
            "S1": {
                "A0": -117.3261408584921,
                "A1": 25.06624736994709
            }
        }
    },
    {
        "episode": 137,
        "current_state": "S0",
        "current_action": "A0",
        "td_delta": 0.11909820353803369,
        "q_table": {
            "S0": {
                "A0": 24.29639155668161,
                "A1": -260.1543914188327
            },
            "S1": {
                "A0": -117.3261408584921,
                "A1": 24.21305189723587
            }
        }
    },
    {
        "episode": 138,
        "current_state": "S1",
        "current_action": "A1",
        "td_delta": -5.207048583946772,
        "q_table": {
            "S0": {
                "A0": 40.90080952472827,
                "A1": -260.1543914188327
            },
            "S1": {
                "A0": -117.3261408584921,
                "A1": 43.73415052090003
            }
        }
    },
    {
        "episode": 139,
        "current_state": "S1",
        "current_action": "A1",
        "td_delta": 2.1945662023002157,
        "q_table": {
            "S0": {
                "A0": 33.94589952301624,
                "A1": -260.1543914188327
            },
            "S1": {
                "A0": -117.3261408584921,
                "A1": 30.762964222702468
            }
        }
    },
    {
        "episode": 140,
        "current_state": "S1",
        "current_action": "A1",
        "td_delta": 8.815692761769998,
        "q_table": {
            "S0": {
                "A0": 22.866076606071136,
                "A1": -260.1543914188327
            },
            "S1": {
                "A0": -117.3261408584921,
                "A1": 13.56620203945015
            }
        }
    },
    {
        "episode": 141,
        "current_state": "S1",
        "current_action": "A1",
        "td_delta": 0.08106544168782293,
        "q_table": {
            "S0": {
                "A0": 17.229607903323195,
                "A1": -260.1543914188327
            },
            "S1": {
                "A0": -117.3261408584921,
                "A1": 17.864213051758806
            }
        }
    },
    {
        "episode": 142,
        "current_state": "S0",
        "current_action": "A0",
        "td_delta": -4.674086008614875,
        "q_table": {
            "S0": {
                "A0": 20.14764052178331,
                "A1": -260.1543914188327
            },
            "S1": {
                "A0": -117.3261408584921,
                "A1": 19.944295629187277
            }
        }
    },
    {
        "episode": 143,
        "current_state": "S0",
        "current_action": "A0",
        "td_delta": -1.1237626581041091,
        "q_table": {
            "S0": {
                "A0": 20.608769930197788,
                "A1": -260.1543914188327
            },
            "S1": {
                "A0": -117.3261408584921,
                "A1": 19.470569912255925
            }
        }
    },
    {
        "episode": 144,
        "current_state": "S0",
        "current_action": "A0",
        "td_delta": -0.9945953420052014,
        "q_table": {
            "S0": {
                "A0": 21.10799923081756,
                "A1": -260.1543914188327
            },
            "S1": {
                "A0": -117.3261408584921,
                "A1": 20.6159477204734
            }
        }
    },
    {
        "episode": 145,
        "current_state": "S1",
        "current_action": "A1",
        "td_delta": -4.3551104887776795,
        "q_table": {
            "S0": {
                "A0": 17.18351789223226,
                "A1": -260.1543914188327
            },
            "S1": {
                "A0": -117.3261408584921,
                "A1": 20.397631257584493
            }
        }
    },
    {
        "episode": 146,
        "current_state": "S0",
        "current_action": "A0",
        "td_delta": -12.011853828885233,
        "q_table": {
            "S0": {
                "A0": 11.764720563969341,
                "A1": -260.1543914188327
            },
            "S1": {
                "A0": -117.3261408584921,
                "A1": -2.0432398233089493
            }
        }
    },
    {
        "episode": 147,
        "current_state": "S1",
        "current_action": "A1",
        "td_delta": 0.6175537089928334,
        "q_table": {
            "S0": {
                "A0": 11.833105261032237,
                "A1": -260.1543914188327
            },
            "S1": {
                "A0": -117.3261408584921,
                "A1": 15.231649763512044
            }
        }
    },
    {
        "episode": 148,
        "current_state": "S1",
        "current_action": "A1",
        "td_delta": -0.47067011976824347,
        "q_table": {
            "S0": {
                "A0": 21.462173250210004,
                "A1": -260.1543914188327
            },
            "S1": {
                "A0": -117.3261408584921,
                "A1": 21.17236511901292
            }
        }
    },
    {
        "episode": 149,
        "current_state": "S1",
        "current_action": "A1",
        "td_delta": -0.9379943166659004,
        "q_table": {
            "S0": {
                "A0": 22.99029955609261,
                "A1": -260.1543914188327
            },
            "S1": {
                "A0": -117.3261408584921,
                "A1": 24.51743554602011
            }
        }
    },
    {
        "episode": 150,
        "current_state": "S1",
        "current_action": "A1",
        "td_delta": -7.061909624007107,
        "q_table": {
            "S0": {
                "A0": 23.941931033778378,
                "A1": -260.1543914188327
            },
            "S1": {
                "A0": -117.3261408584921,
                "A1": 22.737731667041828
            }
        }
    },
    {
        "episode": 151,
        "current_state": "S0",
        "current_action": "A0",
        "td_delta": -1.1307687579712855,
        "q_table": {
            "S0": {
                "A0": 21.100070923589975,
                "A1": -260.1543914188327
            },
            "S1": {
                "A0": -117.3261408584921,
                "A1": 21.873763020010376
            }
        }
    },
    {
        "episode": 152,
        "current_state": "S1",
        "current_action": "A1",
        "td_delta": -2.851384722808149,
        "q_table": {
            "S0": {
                "A0": 17.27269950531654,
                "A1": -260.1543914188327
            },
            "S1": {
                "A0": -117.3261408584921,
                "A1": 17.108846300343732
            }
        }
    },
    {
        "episode": 153,
        "current_state": "S1",
        "current_action": "A1",
        "td_delta": -5.004491130226597,
        "q_table": {
            "S0": {
                "A0": 17.830864917525414,
                "A1": -260.1543914188327
            },
            "S1": {
                "A0": -117.3261408584921,
                "A1": 17.940587789600254
            }
        }
    },
    {
        "episode": 154,
        "current_state": "S1",
        "current_action": "A1",
        "td_delta": -2.799289197720432,
        "q_table": {
            "S0": {
                "A0": 14.103794259860996,
                "A1": -260.1543914188327
            },
            "S1": {
                "A0": -117.3261408584921,
                "A1": 11.917735822510604
            }
        }
    },
    {
        "episode": 155,
        "current_state": "S0",
        "current_action": "A0",
        "td_delta": -0.09919496153586138,
        "q_table": {
            "S0": {
                "A0": 13.169997871877369,
                "A1": -260.1543914188327
            },
            "S1": {
                "A0": -117.3261408584921,
                "A1": 13.106927086602393
            }
        }
    },
    {
        "episode": 156,
        "current_state": "S1",
        "current_action": "A1",
        "td_delta": 0.7029197420695681,
        "q_table": {
            "S0": {
                "A0": 17.65499041470754,
                "A1": -260.1543914188327
            },
            "S1": {
                "A0": -117.3261408584921,
                "A1": 17.629032687903287
            }
        }
    },
    {
        "episode": 157,
        "current_state": "S0",
        "current_action": "A0",
        "td_delta": 6.4179112215621785,
        "q_table": {
            "S0": {
                "A0": 21.31812411332675,
                "A1": -260.1543914188327
            },
            "S1": {
                "A0": -117.3261408584921,
                "A1": 19.244453333024502
            }
        }
    },
    {
        "episode": 158,
        "current_state": "S1",
        "current_action": "A1",
        "td_delta": 3.134405466504262,
        "q_table": {
            "S0": {
                "A0": 30.745690934611265,
                "A1": -260.1543914188327
            },
            "S1": {
                "A0": -117.3261408584921,
                "A1": 33.6272570963688
            }
        }
    },
    {
        "episode": 159,
        "current_state": "S0",
        "current_action": "A0",
        "td_delta": -2.923494305279295,
        "q_table": {
            "S0": {
                "A0": 28.650351843559683,
                "A1": -260.1543914188327
            },
            "S1": {
                "A0": -117.3261408584921,
                "A1": 26.999160507516116
            }
        }
    },
    {
        "episode": 160,
        "current_state": "S1",
        "current_action": "A1",
        "td_delta": -2.541670016527423,
        "q_table": {
            "S0": {
                "A0": 24.416393289797995,
                "A1": -260.1543914188327
            },
            "S1": {
                "A0": -117.3261408584921,
                "A1": 18.689698624920016
            }
        }
    },
    {
        "episode": 161,
        "current_state": "S0",
        "current_action": "A0",
        "td_delta": 1.269951705555414,
        "q_table": {
            "S0": {
                "A0": 16.242070151747008,
                "A1": -260.1543914188327
            },
            "S1": {
                "A0": -117.3261408584921,
                "A1": 17.026106935714118
            }
        }
    },
    {
        "episode": 162,
        "current_state": "S1",
        "current_action": "A1",
        "td_delta": -1.3867285191378471,
        "q_table": {
            "S0": {
                "A0": 28.017773965467708,
                "A1": -260.1543914188327
            },
            "S1": {
                "A0": -117.3261408584921,
                "A1": 27.859506497633305
            }
        }
    },
    {
        "episode": 163,
        "current_state": "S0",
        "current_action": "A0",
        "td_delta": -2.563694780369051,
        "q_table": {
            "S0": {
                "A0": 26.592553372230856,
                "A1": -260.1543914188327
            },
            "S1": {
                "A0": -117.3261408584921,
                "A1": 24.645117708883518
            }
        }
    },
    {
        "episode": 164,
        "current_state": "S1",
        "current_action": "A1",
        "td_delta": -0.20410712900846306,
        "q_table": {
            "S0": {
                "A0": 24.601412269043877,
                "A1": -260.1543914188327
            },
            "S1": {
                "A0": -117.3261408584921,
                "A1": 23.81147061754903
            }
        }
    },
    {
        "episode": 165,
        "current_state": "S0",
        "current_action": "A0",
        "td_delta": -2.5748136791467466,
        "q_table": {
            "S0": {
                "A0": 23.14139784701281,
                "A1": -260.1543914188327
            },
            "S1": {
                "A0": -117.3261408584921,
                "A1": 15.725130639927782
            }
        }
    },
    {
        "episode": 166,
        "current_state": "S0",
        "current_action": "A0",
        "td_delta": -4.706254359756461,
        "q_table": {
            "S0": {
                "A0": 20.16001153634646,
                "A1": -260.1543914188327
            },
            "S1": {
                "A0": -117.3261408584921,
                "A1": 15.718996597210795
            }
        }
    },
    {
        "episode": 167,
        "current_state": "S0",
        "current_action": "A0",
        "td_delta": 10.885055027854136,
        "q_table": {
            "S0": {
                "A0": 1.885711346846304,
                "A1": -260.1543914188327
            },
            "S1": {
                "A0": -117.3261408584921,
                "A1": 10.47220097473974
            }
        }
    },
    {
        "episode": 168,
        "current_state": "S1",
        "current_action": "A1",
        "td_delta": -3.785605120074254,
        "q_table": {
            "S0": {
                "A0": 9.021768528690162,
                "A1": -260.1543914188327
            },
            "S1": {
                "A0": -117.3261408584921,
                "A1": 8.242658217875542
            }
        }
    },
    {
        "episode": 169,
        "current_state": "S0",
        "current_action": "A0",
        "td_delta": -17.676421446954485,
        "q_table": {
            "S0": {
                "A0": 8.649754777902992,
                "A1": -260.1543914188327
            },
            "S1": {
                "A0": -117.3261408584921,
                "A1": 9.681165117447108
            }
        }
    },
    {
        "episode": 170,
        "current_state": "S1",
        "current_action": "A1",
        "td_delta": 6.239836121412932,
        "q_table": {
            "S0": {
                "A0": 9.832491397841759,
                "A1": -260.1543914188327
            },
            "S1": {
                "A0": -117.3261408584921,
                "A1": 11.088116142331147
            }
        }
    },
    {
        "episode": 171,
        "current_state": "S0",
        "current_action": "A0",
        "td_delta": 1.3049356636286724,
        "q_table": {
            "S0": {
                "A0": 11.70970564612904,
                "A1": -260.1543914188327
            },
            "S1": {
                "A0": -117.3261408584921,
                "A1": 12.628937181329745
            }
        }
    },
    {
        "episode": 172,
        "current_state": "S0",
        "current_action": "A0",
        "td_delta": -4.766473614926106,
        "q_table": {
            "S0": {
                "A0": 14.070370239831085,
                "A1": -260.1543914188327
            },
            "S1": {
                "A0": -117.3261408584921,
                "A1": 11.108831227321096
            }
        }
    },
    {
        "episode": 173,
        "current_state": "S0",
        "current_action": "A0",
        "td_delta": 1.6729624318633487,
        "q_table": {
            "S0": {
                "A0": 16.081140261737318,
                "A1": -260.1543914188327
            },
            "S1": {
                "A0": -117.3261408584921,
                "A1": 17.071965854449598
            }
        }
    },
    {
        "episode": 174,
        "current_state": "S1",
        "current_action": "A1",
        "td_delta": -1.2061497422221006,
        "q_table": {
            "S0": {
                "A0": 15.609702901783077,
                "A1": -260.1543914188327
            },
            "S1": {
                "A0": -117.3261408584921,
                "A1": 16.886325989275562
            }
        }
    },
    {
        "episode": 175,
        "current_state": "S0",
        "current_action": "A0",
        "td_delta": -5.476959432772162,
        "q_table": {
            "S0": {
                "A0": 67.33427734286461,
                "A1": -260.1543914188327
            },
            "S1": {
                "A0": -117.3261408584921,
                "A1": 66.87074070754227
            }
        }
    },
    {
        "episode": 176,
        "current_state": "S0",
        "current_action": "A0",
        "td_delta": -0.4032166872374532,
        "q_table": {
            "S0": {
                "A0": 47.82510825826016,
                "A1": -260.1543914188327
            },
            "S1": {
                "A0": -117.3261408584921,
                "A1": 49.73163930646714
            }
        }
    },
    {
        "episode": 177,
        "current_state": "S1",
        "current_action": "A1",
        "td_delta": 0.5813921232400148,
        "q_table": {
            "S0": {
                "A0": 35.472447059824155,
                "A1": -260.1543914188327
            },
            "S1": {
                "A0": -117.3261408584921,
                "A1": 37.738355438232716
            }
        }
    },
    {
        "episode": 178,
        "current_state": "S0",
        "current_action": "A0",
        "td_delta": -2.773793045846226,
        "q_table": {
            "S0": {
                "A0": 35.03115681805925,
                "A1": -260.1543914188327
            },
            "S1": {
                "A0": -117.3261408584921,
                "A1": 28.697142037547213
            }
        }
    },
    {
        "episode": 179,
        "current_state": "S1",
        "current_action": "A1",
        "td_delta": -4.783780939832486,
        "q_table": {
            "S0": {
                "A0": 27.379319867858396,
                "A1": -260.1543914188327
            },
            "S1": {
                "A0": -117.3261408584921,
                "A1": 29.399440604507515
            }
        }
    },
    {
        "episode": 180,
        "current_state": "S0",
        "current_action": "A0",
        "td_delta": -0.6046520453557633,
        "q_table": {
            "S0": {
                "A0": 10.52258328021347,
                "A1": -260.1543914188327
            },
            "S1": {
                "A0": -117.3261408584921,
                "A1": 9.28441732703914
            }
        }
    },
    {
        "episode": 181,
        "current_state": "S0",
        "current_action": "A0",
        "td_delta": 0.41351778007756934,
        "q_table": {
            "S0": {
                "A0": 15.222942921481453,
                "A1": -260.1543914188327
            },
            "S1": {
                "A0": -117.3261408584921,
                "A1": 14.142397093580938
            }
        }
    },
    {
        "episode": 182,
        "current_state": "S1",
        "current_action": "A1",
        "td_delta": 0.22924444961876134,
        "q_table": {
            "S0": {
                "A0": 19.00946020128985,
                "A1": -260.1543914188327
            },
            "S1": {
                "A0": -117.3261408584921,
                "A1": 18.444332874753023
            }
        }
    },
    {
        "episode": 183,
        "current_state": "S0",
        "current_action": "A0",
        "td_delta": -10.247498419267265,
        "q_table": {
            "S0": {
                "A0": 11.851516892489972,
                "A1": -260.1543914188327
            },
            "S1": {
                "A0": -117.3261408584921,
                "A1": 13.235463969059209
            }
        }
    },
    {
        "episode": 184,
        "current_state": "S1",
        "current_action": "A1",
        "td_delta": 48.22947025312524,
        "q_table": {
            "S0": {
                "A0": 82.89397690073037,
                "A1": -260.1543914188327
            },
            "S1": {
                "A0": -117.3261408584921,
                "A1": 34.03761007226013
            }
        }
    },
    {
        "episode": 185,
        "current_state": "S0",
        "current_action": "A0",
        "td_delta": 0.5781619908755644,
        "q_table": {
            "S0": {
                "A0": 35.57238410542723,
                "A1": -260.1543914188327
            },
            "S1": {
                "A0": -117.3261408584921,
                "A1": 35.22224913506013
            }
        }
    },
    {
        "episode": 186,
        "current_state": "S0",
        "current_action": "A0",
        "td_delta": 1.523680387480919,
        "q_table": {
            "S0": {
                "A0": 22.37399264880853,
                "A1": -260.1543914188327
            },
            "S1": {
                "A0": -117.3261408584921,
                "A1": 23.157378355766813
            }
        }
    },
    {
        "episode": 187,
        "current_state": "S0",
        "current_action": "A0",
        "td_delta": -2.5790054574542562,
        "q_table": {
            "S0": {
                "A0": 14.919123765170001,
                "A1": -260.1543914188327
            },
            "S1": {
                "A0": -117.3261408584921,
                "A1": 17.52479110866803
            }
        }
    },
    {
        "episode": 188,
        "current_state": "S0",
        "current_action": "A0",
        "td_delta": 1.445824857577449,
        "q_table": {
            "S0": {
                "A0": 20.308912302790926,
                "A1": -260.1543914188327
            },
            "S1": {
                "A0": -117.3261408584921,
                "A1": 21.263989877831285
            }
        }
    },
    {
        "episode": 189,
        "current_state": "S1",
        "current_action": "A1",
        "td_delta": 0.9254689020643987,
        "q_table": {
            "S0": {
                "A0": 17.530487415689457,
                "A1": -260.1543914188327
            },
            "S1": {
                "A0": -117.3261408584921,
                "A1": 18.632767226305347
            }
        }
    },
    {
        "episode": 190,
        "current_state": "S1",
        "current_action": "A1",
        "td_delta": -1.7509085471425934,
        "q_table": {
            "S0": {
                "A0": 19.024308854149055,
                "A1": -260.1543914188327
            },
            "S1": {
                "A0": -117.3261408584921,
                "A1": 19.953493321579845
            }
        }
    },
    {
        "episode": 191,
        "current_state": "S0",
        "current_action": "A0",
        "td_delta": 2.7082486449676857,
        "q_table": {
            "S0": {
                "A0": 15.248140178399888,
                "A1": -260.1543914188327
            },
            "S1": {
                "A0": -117.3261408584921,
                "A1": 15.400013659382005
            }
        }
    },
    {
        "episode": 192,
        "current_state": "S1",
        "current_action": "A1",
        "td_delta": -60.26765258349789,
        "q_table": {
            "S0": {
                "A0": 272.46429547511235,
                "A1": -260.1543914188327
            },
            "S1": {
                "A0": -117.3261408584921,
                "A1": 301.4955080384463
            }
        }
    },
    {
        "episode": 193,
        "current_state": "S0",
        "current_action": "A0",
        "td_delta": -22.660915513392155,
        "q_table": {
            "S0": {
                "A0": 182.3657303510518,
                "A1": -260.1543914188327
            },
            "S1": {
                "A0": -117.3261408584921,
                "A1": 178.1865538899312
            }
        }
    },
    {
        "episode": 194,
        "current_state": "S1",
        "current_action": "A1",
        "td_delta": -8.885475340621696,
        "q_table": {
            "S0": {
                "A0": 118.98970135344689,
                "A1": -260.1543914188327
            },
            "S1": {
                "A0": -117.3261408584921,
                "A1": 113.22283703030716
            }
        }
    },
    {
        "episode": 195,
        "current_state": "S0",
        "current_action": "A0",
        "td_delta": -5.1204741201273976,
        "q_table": {
            "S0": {
                "A0": 80.95241149597466,
                "A1": -260.1543914188327
            },
            "S1": {
                "A0": -117.3261408584921,
                "A1": 83.15870729407172
            }
        }
    },
    {
        "episode": 196,
        "current_state": "S1",
        "current_action": "A1",
        "td_delta": 0.438862193672783,
        "q_table": {
            "S0": {
                "A0": 61.180917266722204,
                "A1": -260.1543914188327
            },
            "S1": {
                "A0": -117.3261408584921,
                "A1": 56.98214004905854
            }
        }
    },
    {
        "episode": 197,
        "current_state": "S1",
        "current_action": "A1",
        "td_delta": -1.627392742622753,
        "q_table": {
            "S0": {
                "A0": 42.517916972019975,
                "A1": -260.1543914188327
            },
            "S1": {
                "A0": -117.3261408584921,
                "A1": 42.96991418970953
            }
        }
    },
    {
        "episode": 198,
        "current_state": "S1",
        "current_action": "A1",
        "td_delta": 0.046008757664864675,
        "q_table": {
            "S0": {
                "A0": 33.3508748745333,
                "A1": -260.1543914188327
            },
            "S1": {
                "A0": -117.3261408584921,
                "A1": 32.561530049574884
            }
        }
    },
    {
        "episode": 199,
        "current_state": "S1",
        "current_action": "A1",
        "td_delta": 5.4770091112540324,
        "q_table": {
            "S0": {
                "A0": 14.156787651470786,
                "A1": -260.1543914188327
            },
            "S1": {
                "A0": -117.3261408584921,
                "A1": 14.614838471705797
            }
        }
    }
]