[
    {
        "episode": 0,
        "current_state": "S1",
        "current_action": "A1",
        "td_delta": -5.508804254286366,
        "q_table": {
            "S0": {
                "A0": 7.425148331282853,
                "A1": 10.70151680118182
            },
            "S1": {
                "A0": 9.341533654113416,
                "A1": 16.24461336977491
            }
        }
    },
    {
        "episode": 1,
        "current_state": "S0",
        "current_action": "A0",
        "td_delta": 51.37846565717485,
        "q_table": {
            "S0": {
                "A0": 20.611426587379995,
                "A1": 14.99240315584421
            },
            "S1": {
                "A0": 13.063256615729122,
                "A1": 15.501416851614154
            }
        }
    },
    {
        "episode": 2,
        "current_state": "S0",
        "current_action": "A0",
        "td_delta": -0.2632017292644253,
        "q_table": {
            "S0": {
                "A0": 12.553802427683586,
                "A1": 7.5390254286072755
            },
            "S1": {
                "A0": 11.267010465036016,
                "A1": -2.2449903595647793
            }
        }
    },
    {
        "episode": 3,
        "current_state": "S1",
        "current_action": "A0",
        "td_delta": 5.326559144443674,
        "q_table": {
            "S0": {
                "A0": 12.890045283048838,
                "A1": 17.736879219555718
            },
            "S1": {
                "A0": 12.217863839174717,
                "A1": -19.021375317340844
            }
        }
    },
    {
        "episode": 4,
        "current_state": "S0",
        "current_action": "A1",
        "td_delta": 1.9149468908291887,
        "q_table": {
            "S0": {
                "A0": 12.497857841045118,
                "A1": 12.724833072480358
            },
            "S1": {
                "A0": 7.277320905633276,
                "A1": 12.528851274109835
            }
        }
    },
    {
        "episode": 5,
        "current_state": "S1",
        "current_action": "A1",
        "td_delta": 1.7059377276602827,
        "q_table": {
            "S0": {
                "A0": 13.318816433637883,
                "A1": 13.805785537049175
            },
            "S1": {
                "A0": 12.768222518682569,
                "A1": 13.200413714452253
            }
        }
    },
    {
        "episode": 6,
        "current_state": "S0",
        "current_action": "A0",
        "td_delta": 0.38290607334954885,
        "q_table": {
            "S0": {
                "A0": 14.799616594392173,
                "A1": 13.99886758741977
            },
            "S1": {
                "A0": 13.327756930564552,
                "A1": 16.31475920603109
            }
        }
    },
    {
        "episode": 7,
        "current_state": "S0",
        "current_action": "A1",
        "td_delta": 6.178675913699799,
        "q_table": {
            "S0": {
                "A0": 16.516543497065264,
                "A1": 15.730480550241374
            },
            "S1": {
                "A0": 15.79885123300458,
                "A1": 15.00230891757107
            }
        }
    },
    {
        "episode": 8,
        "current_state": "S1",
        "current_action": "A1",
        "td_delta": 25.152528113677878,
        "q_table": {
            "S0": {
                "A0": 14.354530467088518,
                "A1": 19.003877627198854
            },
            "S1": {
                "A0": 16.426193623891784,
                "A1": 0.6458119632013535
            }
        }
    },
    {
        "episode": 9,
        "current_state": "S0",
        "current_action": "A0",
        "td_delta": 0.9748354481658978,
        "q_table": {
            "S0": {
                "A0": 16.398993746392605,
                "A1": 15.82939335307527
            },
            "S1": {
                "A0": 15.72066605879909,
                "A1": 11.10640025171049
            }
        }
    },
    {
        "episode": 10,
        "current_state": "S1",
        "current_action": "A0",
        "td_delta": -0.7660141712297204,
        "q_table": {
            "S0": {
                "A0": 12.808143268206617,
                "A1": 12.200007755443034
            },
            "S1": {
                "A0": 11.77101044036446,
                "A1": 11.10640025171049
            }
        }
    },
    {
        "episode": 11,
        "current_state": "S1",
        "current_action": "A0",
        "td_delta": 4.6313601730972564,
        "q_table": {
            "S0": {
                "A0": -19.297078248464587,
                "A1": 12.779650396332196
            },
            "S1": {
                "A0": 13.126349914062835,
                "A1": 11.10640025171049
            }
        }
    },
    {
        "episode": 12,
        "current_state": "S1",
        "current_action": "A1",
        "td_delta": -2.0915104722910858,
        "q_table": {
            "S0": {
                "A0": -19.297078248464587,
                "A1": 14.265733882207861
            },
            "S1": {
                "A0": -2.8516097036897072,
                "A1": 14.633079864344792
            }
        }
    },
    {
        "episode": 13,
        "current_state": "S0",
        "current_action": "A1",
        "td_delta": 3.320336653370097,
        "q_table": {
            "S0": {
                "A0": -19.297078248464587,
                "A1": 10.24869586581012
            },
            "S1": {
                "A0": -2.8516097036897072,
                "A1": 14.448719404829461
            }
        }
    },
    {
        "episode": 14,
        "current_state": "S1",
        "current_action": "A1",
        "td_delta": 2.580433335846502,
        "q_table": {
            "S0": {
                "A0": -19.297078248464587,
                "A1": 12.253212013918581
            },
            "S1": {
                "A0": -2.8516097036897072,
                "A1": 15.777546644183072
            }
        }
    },
    {
        "episode": 15,
        "current_state": "S0",
        "current_action": "A1",
        "td_delta": 0.5554762836572813,
        "q_table": {
            "S0": {
                "A0": -19.297078248464587,
                "A1": 12.301071026100315
            },
            "S1": {
                "A0": -2.8516097036897072,
                "A1": 13.114090333957847
            }
        }
    },
    {
        "episode": 16,
        "current_state": "S1",
        "current_action": "A0",
        "td_delta": -6.252913419028913,
        "q_table": {
            "S0": {
                "A0": -19.297078248464587,
                "A1": 5.854117787699862
            },
            "S1": {
                "A0": 4.79131256387813,
                "A1": -34.249626322412
            }
        }
    },
    {
        "episode": 17,
        "current_state": "S0",
        "current_action": "A1",
        "td_delta": 0.1440621414545884,
        "q_table": {
            "S0": {
                "A0": -19.297078248464587,
                "A1": 7.449068631531623
            },
            "S1": {
                "A0": 10.904541313903598,
                "A1": -34.249626322412
            }
        }
    },
    {
        "episode": 18,
        "current_state": "S1",
        "current_action": "A0",
        "td_delta": 0.5658128813373224,
        "q_table": {
            "S0": {
                "A0": -19.297078248464587,
                "A1": 21.789510055544973
            },
            "S1": {
                "A0": 11.496856087712178,
                "A1": -34.249626322412
            }
        }
    },
    {
        "episode": 19,
        "current_state": "S1",
        "current_action": "A0",
        "td_delta": -0.40082260440694917,
        "q_table": {
            "S0": {
                "A0": -19.297078248464587,
                "A1": 12.636412871046687
            },
            "S1": {
                "A0": 15.442473213745473,
                "A1": -34.249626322412
            }
        }
    },
    {
        "episode": 20,
        "current_state": "S0",
        "current_action": "A1",
        "td_delta": 0.07638240352964765,
        "q_table": {
            "S0": {
                "A0": -19.297078248464587,
                "A1": 15.499895048116738
            },
            "S1": {
                "A0": 15.789362863108698,
                "A1": -34.249626322412
            }
        }
    },
    {
        "episode": 21,
        "current_state": "S0",
        "current_action": "A1",
        "td_delta": 2.3392140510688098,
        "q_table": {
            "S0": {
                "A0": -19.297078248464587,
                "A1": 12.003703395667664
            },
            "S1": {
                "A0": 14.162105095609768,
                "A1": -34.249626322412
            }
        }
    },
    {
        "episode": 22,
        "current_state": "S0",
        "current_action": "A1",
        "td_delta": -35.36938242735505,
        "q_table": {
            "S0": {
                "A0": -19.297078248464587,
                "A1": 9.425876703619371
            },
            "S1": {
                "A0": 13.436167438411374,
                "A1": -34.249626322412
            }
        }
    },
    {
        "episode": 23,
        "current_state": "S1",
        "current_action": "A0",
        "td_delta": -0.8691889994919251,
        "q_table": {
            "S0": {
                "A0": -19.297078248464587,
                "A1": 13.374764737457438
            },
            "S1": {
                "A0": 15.495440560117181,
                "A1": -34.249626322412
            }
        }
    },
    {
        "episode": 24,
        "current_state": "S0",
        "current_action": "A1",
        "td_delta": 6.9355670487190455,
        "q_table": {
            "S0": {
                "A0": -19.297078248464587,
                "A1": 2.7518264049497607
            },
            "S1": {
                "A0": 7.23115775712155,
                "A1": -34.249626322412
            }
        }
    },
    {
        "episode": 25,
        "current_state": "S0",
        "current_action": "A1",
        "td_delta": 0.3722227747878666,
        "q_table": {
            "S0": {
                "A0": -19.297078248464587,
                "A1": 15.392705386316416
            },
            "S1": {
                "A0": 14.641797271991216,
                "A1": -34.249626322412
            }
        }
    },
    {
        "episode": 26,
        "current_state": "S1",
        "current_action": "A0",
        "td_delta": 1.6298076280567102,
        "q_table": {
            "S0": {
                "A0": -19.297078248464587,
                "A1": 4.729099324583781
            },
            "S1": {
                "A0": 9.66978902764782,
                "A1": -34.249626322412
            }
        }
    },
    {
        "episode": 27,
        "current_state": "S0",
        "current_action": "A1",
        "td_delta": 2.4858107590577934,
        "q_table": {
            "S0": {
                "A0": -19.297078248464587,
                "A1": 6.879731190481779
            },
            "S1": {
                "A0": 5.7404266394203365,
                "A1": -34.249626322412
            }
        }
    },
    {
        "episode": 28,
        "current_state": "S1",
        "current_action": "A0",
        "td_delta": -1.3241295534752728,
        "q_table": {
            "S0": {
                "A0": -19.297078248464587,
                "A1": 7.285908333387863
            },
            "S1": {
                "A0": 7.742857282474896,
                "A1": -34.249626322412
            }
        }
    },
    {
        "episode": 29,
        "current_state": "S1",
        "current_action": "A0",
        "td_delta": 8.12578750717838,
        "q_table": {
            "S0": {
                "A0": -19.297078248464587,
                "A1": 3.5439387961498636
            },
            "S1": {
                "A0": 5.603792686271082,
                "A1": -34.249626322412
            }
        }
    },
    {
        "episode": 30,
        "current_state": "S1",
        "current_action": "A0",
        "td_delta": -0.6357542637108091,
        "q_table": {
            "S0": {
                "A0": -19.297078248464587,
                "A1": 9.098100944084958
            },
            "S1": {
                "A0": 8.372326526395,
                "A1": -34.249626322412
            }
        }
    },
    {
        "episode": 31,
        "current_state": "S1",
        "current_action": "A0",
        "td_delta": -4.997035357287695,
        "q_table": {
            "S0": {
                "A0": -19.297078248464587,
                "A1": 10.028501741625385
            },
            "S1": {
                "A0": 14.04131078268861,
                "A1": -34.249626322412
            }
        }
    },
    {
        "episode": 32,
        "current_state": "S0",
        "current_action": "A1",
        "td_delta": -2.693747331239871,
        "q_table": {
            "S0": {
                "A0": -19.297078248464587,
                "A1": 9.92648716289469
            },
            "S1": {
                "A0": 10.122812082119209,
                "A1": -34.249626322412
            }
        }
    },
    {
        "episode": 33,
        "current_state": "S0",
        "current_action": "A1",
        "td_delta": -4.679092289317607,
        "q_table": {
            "S0": {
                "A0": -19.297078248464587,
                "A1": 10.825316358266925
            },
            "S1": {
                "A0": 10.755275228448573,
                "A1": -34.249626322412
            }
        }
    },
    {
        "episode": 34,
        "current_state": "S0",
        "current_action": "A1",
        "td_delta": 1.3678987168545351,
        "q_table": {
            "S0": {
                "A0": -19.297078248464587,
                "A1": 10.505543279817939
            },
            "S1": {
                "A0": 11.201543837087964,
                "A1": -34.249626322412
            }
        }
    },
    {
        "episode": 35,
        "current_state": "S1",
        "current_action": "A0",
        "td_delta": -0.10104637096129387,
        "q_table": {
            "S0": {
                "A0": -19.297078248464587,
                "A1": 8.381490179533976
            },
            "S1": {
                "A0": 8.491296357620138,
                "A1": -34.249626322412
            }
        }
    },
    {
        "episode": 36,
        "current_state": "S0",
        "current_action": "A1",
        "td_delta": -5.471987705105704,
        "q_table": {
            "S0": {
                "A0": -19.297078248464587,
                "A1": 67.92464373623159
            },
            "S1": {
                "A0": 47.12163022919026,
                "A1": -34.249626322412
            }
        }
    },
    {
        "episode": 37,
        "current_state": "S1",
        "current_action": "A0",
        "td_delta": -5.147606233175139,
        "q_table": {
            "S0": {
                "A0": -19.297078248464587,
                "A1": 39.056469904707036
            },
            "S1": {
                "A0": 39.987542199675886,
                "A1": -34.249626322412
            }
        }
    },
    {
        "episode": 38,
        "current_state": "S1",
        "current_action": "A0",
        "td_delta": -6.636428180998212,
        "q_table": {
            "S0": {
                "A0": -19.297078248464587,
                "A1": 18.922653826869904
            },
            "S1": {
                "A0": 24.372364510270042,
                "A1": -34.249626322412
            }
        }
    },
    {
        "episode": 39,
        "current_state": "S0",
        "current_action": "A1",
        "td_delta": 1.7668942761545843,
        "q_table": {
            "S0": {
                "A0": -19.297078248464587,
                "A1": 13.878433926710589
            },
            "S1": {
                "A0": 16.70367496608712,
                "A1": -34.249626322412
            }
        }
    },
    {
        "episode": 40,
        "current_state": "S1",
        "current_action": "A0",
        "td_delta": -1.2891134879780335,
        "q_table": {
            "S0": {
                "A0": -19.297078248464587,
                "A1": 10.324541141427058
            },
            "S1": {
                "A0": 10.761662554465815,
                "A1": -34.249626322412
            }
        }
    },
    {
        "episode": 41,
        "current_state": "S0",
        "current_action": "A1",
        "td_delta": -1.5305799194887886,
        "q_table": {
            "S0": {
                "A0": -19.297078248464587,
                "A1": 8.257269173187547
            },
            "S1": {
                "A0": 9.970689482922072,
                "A1": -34.249626322412
            }
        }
    },
    {
        "episode": 42,
        "current_state": "S0",
        "current_action": "A1",
        "td_delta": -6.412638176133008,
        "q_table": {
            "S0": {
                "A0": -19.297078248464587,
                "A1": 6.9901078136824095
            },
            "S1": {
                "A0": 6.871838516841039,
                "A1": -34.249626322412
            }
        }
    },
    {
        "episode": 43,
        "current_state": "S0",
        "current_action": "A1",
        "td_delta": -4.759267372251504,
        "q_table": {
            "S0": {
                "A0": -19.297078248464587,
                "A1": 25.33640900435507
            },
            "S1": {
                "A0": 23.062528758123705,
                "A1": -34.249626322412
            }
        }
    },
    {
        "episode": 44,
        "current_state": "S0",
        "current_action": "A1",
        "td_delta": 1.8032652404775291,
        "q_table": {
            "S0": {
                "A0": -19.297078248464587,
                "A1": 12.560151653581602
            },
            "S1": {
                "A0": 9.498472102357855,
                "A1": -34.249626322412
            }
        }
    },
    {
        "episode": 45,
        "current_state": "S1",
        "current_action": "A0",
        "td_delta": -0.17143007523338483,
        "q_table": {
            "S0": {
                "A0": -19.297078248464587,
                "A1": 15.487956304521184
            },
            "S1": {
                "A0": 15.27132332668367,
                "A1": -34.249626322412
            }
        }
    },
    {
        "episode": 46,
        "current_state": "S1",
        "current_action": "A0",
        "td_delta": -14.371695929139719,
        "q_table": {
            "S0": {
                "A0": -19.297078248464587,
                "A1": 15.680324177935724
            },
            "S1": {
                "A0": 20.22739141833881,
                "A1": -34.249626322412
            }
        }
    },
    {
        "episode": 47,
        "current_state": "S1",
        "current_action": "A0",
        "td_delta": -0.21933455871590724,
        "q_table": {
            "S0": {
                "A0": -19.297078248464587,
                "A1": 12.501343518954043
            },
            "S1": {
                "A0": 12.597218653406944,
                "A1": -34.249626322412
            }
        }
    },
    {
        "episode": 48,
        "current_state": "S1",
        "current_action": "A0",
        "td_delta": 1.110775339556378,
        "q_table": {
            "S0": {
                "A0": -19.297078248464587,
                "A1": 11.517796378582755
            },
            "S1": {
                "A0": 11.471123396762177,
                "A1": -34.249626322412
            }
        }
    },
    {
        "episode": 49,
        "current_state": "S1",
        "current_action": "A0",
        "td_delta": 0.4141129200887619,
        "q_table": {
            "S0": {
                "A0": -19.297078248464587,
                "A1": 13.868001408904757
            },
            "S1": {
                "A0": 14.206600282139037,
                "A1": -34.249626322412
            }
        }
    },
    {
        "episode": 50,
        "current_state": "S1",
        "current_action": "A0",
        "td_delta": -7.7457434942083765,
        "q_table": {
            "S0": {
                "A0": -19.297078248464587,
                "A1": 1.7897593330444506
            },
            "S1": {
                "A0": 9.510799308535235,
                "A1": -34.249626322412
            }
        }
    },
    {
        "episode": 51,
        "current_state": "S1",
        "current_action": "A0",
        "td_delta": -0.051417772612055046,
        "q_table": {
            "S0": {
                "A0": -19.297078248464587,
                "A1": 9.998076685370085
            },
            "S1": {
                "A0": 9.135306434737032,
                "A1": -34.249626322412
            }
        }
    },
    {
        "episode": 52,
        "current_state": "S1",
        "current_action": "A0",
        "td_delta": -3.4122594066676735,
        "q_table": {
            "S0": {
                "A0": -19.297078248464587,
                "A1": 5.596179991702993
            },
            "S1": {
                "A0": 9.327785263086012,
                "A1": -34.249626322412
            }
        }
    },
    {
        "episode": 53,
        "current_state": "S1",
        "current_action": "A0",
        "td_delta": 5.009229358272657,
        "q_table": {
            "S0": {
                "A0": -19.297078248464587,
                "A1": -3.0539177452753035
            },
            "S1": {
                "A0": -5.975586234019352,
                "A1": -34.249626322412
            }
        }
    },
    {
        "episode": 54,
        "current_state": "S0",
        "current_action": "A1",
        "td_delta": 2.9509850316970745,
        "q_table": {
            "S0": {
                "A0": -19.297078248464587,
                "A1": -0.3618241742423958
            },
            "S1": {
                "A0": -0.6300359380471561,
                "A1": -34.249626322412
            }
        }
    },
    {
        "episode": 55,
        "current_state": "S0",
        "current_action": "A1",
        "td_delta": 2.8094425760780553,
        "q_table": {
            "S0": {
                "A0": -19.297078248464587,
                "A1": 4.590260161870754
            },
            "S1": {
                "A0": 5.67771367900409,
                "A1": -34.249626322412
            }
        }
    },
    {
        "episode": 56,
        "current_state": "S0",
        "current_action": "A1",
        "td_delta": -16.928654176011264,
        "q_table": {
            "S0": {
                "A0": -19.297078248464587,
                "A1": 7.516597433699742
            },
            "S1": {
                "A0": 9.462738907755899,
                "A1": -34.249626322412
            }
        }
    },
    {
        "episode": 57,
        "current_state": "S0",
        "current_action": "A1",
        "td_delta": -1.8229693499730049,
        "q_table": {
            "S0": {
                "A0": -19.297078248464587,
                "A1": 8.740777041059925
            },
            "S1": {
                "A0": 7.324419389282779,
                "A1": -34.249626322412
            }
        }
    },
    {
        "episode": 58,
        "current_state": "S0",
        "current_action": "A1",
        "td_delta": -0.5210631699728712,
        "q_table": {
            "S0": {
                "A0": -19.297078248464587,
                "A1": 9.607579401097722
            },
            "S1": {
                "A0": 11.118469220764426,
                "A1": -34.249626322412
            }
        }
    },
    {
        "episode": 59,
        "current_state": "S1",
        "current_action": "A0",
        "td_delta": 4.560123552954142,
        "q_table": {
            "S0": {
                "A0": -19.297078248464587,
                "A1": 11.609024300515426
            },
            "S1": {
                "A0": 12.228320949563429,
                "A1": -34.249626322412
            }
        }
    },
    {
        "episode": 60,
        "current_state": "S1",
        "current_action": "A0",
        "td_delta": -0.8395937357265595,
        "q_table": {
            "S0": {
                "A0": -19.297078248464587,
                "A1": 20.09969835413168
            },
            "S1": {
                "A0": 17.571898591178147,
                "A1": -34.249626322412
            }
        }
    },
    {
        "episode": 61,
        "current_state": "S0",
        "current_action": "A1",
        "td_delta": -2.393984490053313,
        "q_table": {
            "S0": {
                "A0": -19.297078248464587,
                "A1": 17.389190901093887
            },
            "S1": {
                "A0": 16.346233349844255,
                "A1": -34.249626322412
            }
        }
    },
    {
        "episode": 62,
        "current_state": "S0",
        "current_action": "A1",
        "td_delta": -22.604392687572485,
        "q_table": {
            "S0": {
                "A0": -19.297078248464587,
                "A1": 41.305327374981765
            },
            "S1": {
                "A0": 19.614027926485154,
                "A1": -34.249626322412
            }
        }
    },
    {
        "episode": 63,
        "current_state": "S0",
        "current_action": "A1",
        "td_delta": 0.4891796713824199,
        "q_table": {
            "S0": {
                "A0": -19.297078248464587,
                "A1": 22.797963784315797
            },
            "S1": {
                "A0": 21.96918805380185,
                "A1": -34.249626322412
            }
        }
    },
    {
        "episode": 64,
        "current_state": "S0",
        "current_action": "A1",
        "td_delta": -0.8308683281418254,
        "q_table": {
            "S0": {
                "A0": -19.297078248464587,
                "A1": 22.61078788036646
            },
            "S1": {
                "A0": 23.11106138063697,
                "A1": -34.249626322412
            }
        }
    },
    {
        "episode": 65,
        "current_state": "S0",
        "current_action": "A1",
        "td_delta": 2.6719992321775017,
        "q_table": {
            "S0": {
                "A0": -19.297078248464587,
                "A1": 24.126892916702232
            },
            "S1": {
                "A0": 24.93776620403999,
                "A1": -34.249626322412
            }
        }
    },
    {
        "episode": 66,
        "current_state": "S0",
        "current_action": "A1",
        "td_delta": -0.49768837757645557,
        "q_table": {
            "S0": {
                "A0": -19.297078248464587,
                "A1": 18.21037305524315
            },
            "S1": {
                "A0": 16.429526760603636,
                "A1": -34.249626322412
            }
        }
    },
    {
        "episode": 67,
        "current_state": "S0",
        "current_action": "A1",
        "td_delta": 0.7471570353008357,
        "q_table": {
            "S0": {
                "A0": -19.297078248464587,
                "A1": 15.793308396626674
            },
            "S1": {
                "A0": 18.22666077405511,
                "A1": -34.249626322412
            }
        }
    },
    {
        "episode": 68,
        "current_state": "S0",
        "current_action": "A1",
        "td_delta": 35.62847646182725,
        "q_table": {
            "S0": {
                "A0": -19.297078248464587,
                "A1": 21.92047938396714
            },
            "S1": {
                "A0": 22.893078891133033,
                "A1": -34.249626322412
            }
        }
    },
    {
        "episode": 69,
        "current_state": "S0",
        "current_action": "A1",
        "td_delta": -2.122418795356923,
        "q_table": {
            "S0": {
                "A0": -19.297078248464587,
                "A1": 14.255616641806068
            },
            "S1": {
                "A0": 13.386060400456895,
                "A1": -34.249626322412
            }
        }
    },
    {
        "episode": 70,
        "current_state": "S1",
        "current_action": "A0",
        "td_delta": 3.462909416327296,
        "q_table": {
            "S0": {
                "A0": -19.297078248464587,
                "A1": 15.034000664684912
            },
            "S1": {
                "A0": 11.908017531718139,
                "A1": -34.249626322412
            }
        }
    },
    {
        "episode": 71,
        "current_state": "S0",
        "current_action": "A1",
        "td_delta": -9.308183279756872,
        "q_table": {
            "S0": {
                "A0": -19.297078248464587,
                "A1": 35.09350218492011
            },
            "S1": {
                "A0": 27.39328174727314,
                "A1": -34.249626322412
            }
        }
    },
    {
        "episode": 72,
        "current_state": "S1",
        "current_action": "A0",
        "td_delta": 2.128493450630076,
        "q_table": {
            "S0": {
                "A0": -19.297078248464587,
                "A1": 17.961441720286256
            },
            "S1": {
                "A0": 15.332693638501958,
                "A1": -34.249626322412
            }
        }
    },
    {
        "episode": 73,
        "current_state": "S1",
        "current_action": "A0",
        "td_delta": -10.496618684500232,
        "q_table": {
            "S0": {
                "A0": -19.297078248464587,
                "A1": 1.6586713014242762
            },
            "S1": {
                "A0": 9.635334307574606,
                "A1": -34.249626322412
            }
        }
    },
    {
        "episode": 74,
        "current_state": "S1",
        "current_action": "A0",
        "td_delta": -0.947333526535008,
        "q_table": {
            "S0": {
                "A0": -19.297078248464587,
                "A1": 9.281178898535615
            },
            "S1": {
                "A0": 9.113576208919044,
                "A1": -34.249626322412
            }
        }
    },
    {
        "episode": 75,
        "current_state": "S0",
        "current_action": "A1",
        "td_delta": 1.7683148207029076,
        "q_table": {
            "S0": {
                "A0": -19.297078248464587,
                "A1": 5.991455376734228
            },
            "S1": {
                "A0": 7.058849651513949,
                "A1": -34.249626322412
            }
        }
    },
    {
        "episode": 76,
        "current_state": "S1",
        "current_action": "A0",
        "td_delta": -3.960192286709141,
        "q_table": {
            "S0": {
                "A0": -19.297078248464587,
                "A1": 19.433019194338822
            },
            "S1": {
                "A0": 20.181962265452846,
                "A1": -34.249626322412
            }
        }
    },
    {
        "episode": 77,
        "current_state": "S1",
        "current_action": "A0",
        "td_delta": -1.4616802892493688,
        "q_table": {
            "S0": {
                "A0": -19.297078248464587,
                "A1": 11.6732691203228
            },
            "S1": {
                "A0": 12.963395121761792,
                "A1": -34.249626322412
            }
        }
    },
    {
        "episode": 78,
        "current_state": "S1",
        "current_action": "A0",
        "td_delta": 1.9359411626855376,
        "q_table": {
            "S0": {
                "A0": -19.297078248464587,
                "A1": 17.18828556651578
            },
            "S1": {
                "A0": 15.238926444622916,
                "A1": -34.249626322412
            }
        }
    },
    {
        "episode": 79,
        "current_state": "S0",
        "current_action": "A1",
        "td_delta": 2.632690148467299,
        "q_table": {
            "S0": {
                "A0": -19.297078248464587,
                "A1": 11.842427532967505
            },
            "S1": {
                "A0": 12.72585252693506,
                "A1": -34.249626322412
            }
        }
    },
    {
        "episode": 80,
        "current_state": "S0",
        "current_action": "A1",
        "td_delta": 2.4314157547715913,
        "q_table": {
            "S0": {
                "A0": -19.297078248464587,
                "A1": 8.061148297897534
            },
            "S1": {
                "A0": 9.376041042318203,
                "A1": -34.249626322412
            }
        }
    },
    {
        "episode": 81,
        "current_state": "S1",
        "current_action": "A0",
        "td_delta": -1.6386188003245437,
        "q_table": {
            "S0": {
                "A0": -19.297078248464587,
                "A1": 9.080509494944847
            },
            "S1": {
                "A0": 9.262190698661797,
                "A1": -34.249626322412
            }
        }
    },
    {
        "episode": 82,
        "current_state": "S0",
        "current_action": "A1",
        "td_delta": 1.8077371770712318,
        "q_table": {
            "S0": {
                "A0": -19.297078248464587,
                "A1": 100.99627693594856
            },
            "S1": {
                "A0": 110.29373913026978,
                "A1": -34.249626322412
            }
        }
    },
    {
        "episode": 83,
        "current_state": "S0",
        "current_action": "A1",
        "td_delta": -4.996271163715953,
        "q_table": {
            "S0": {
                "A0": -19.297078248464587,
                "A1": 67.6079643258857
            },
            "S1": {
                "A0": 69.48842194210376,
                "A1": -34.249626322412
            }
        }
    },
    {
        "episode": 84,
        "current_state": "S0",
        "current_action": "A1",
        "td_delta": -2.807627112839299,
        "q_table": {
            "S0": {
                "A0": -19.297078248464587,
                "A1": 41.08828102204565
            },
            "S1": {
                "A0": 39.44907487213246,
                "A1": -34.249626322412
            }
        }
    },
    {
        "episode": 85,
        "current_state": "S0",
        "current_action": "A1",
        "td_delta": -3.5669772604321714,
        "q_table": {
            "S0": {
                "A0": -19.297078248464587,
                "A1": 29.301646684955024
            },
            "S1": {
                "A0": 29.226438683708714,
                "A1": -34.249626322412
            }
        }
    },
    {
        "episode": 86,
        "current_state": "S0",
        "current_action": "A1",
        "td_delta": -0.593955635806104,
        "q_table": {
            "S0": {
                "A0": -19.297078248464587,
                "A1": 8.89764941955445
            },
            "S1": {
                "A0": 12.305503575072322,
                "A1": -34.249626322412
            }
        }
    },
    {
        "episode": 87,
        "current_state": "S0",
        "current_action": "A1",
        "td_delta": 0.3691296025239854,
        "q_table": {
            "S0": {
                "A0": -19.297078248464587,
                "A1": 11.657419014813318
            },
            "S1": {
                "A0": 10.79891307038205,
                "A1": -34.249626322412
            }
        }
    },
    {
        "episode": 88,
        "current_state": "S0",
        "current_action": "A1",
        "td_delta": 0.6332445818650818,
        "q_table": {
            "S0": {
                "A0": -19.297078248464587,
                "A1": 10.909286720608701
            },
            "S1": {
                "A0": 12.23543656497823,
                "A1": -34.249626322412
            }
        }
    },
    {
        "episode": 89,
        "current_state": "S1",
        "current_action": "A0",
        "td_delta": -3.3470994977005013,
        "q_table": {
            "S0": {
                "A0": -19.297078248464587,
                "A1": 18.362110875563584
            },
            "S1": {
                "A0": 20.371118232794093,
                "A1": -34.249626322412
            }
        }
    },
    {
        "episode": 90,
        "current_state": "S0",
        "current_action": "A1",
        "td_delta": -0.3488708723314513,
        "q_table": {
            "S0": {
                "A0": -19.297078248464587,
                "A1": 13.798427061163663
            },
            "S1": {
                "A0": 14.53788097006813,
                "A1": -34.249626322412
            }
        }
    },
    {
        "episode": 91,
        "current_state": "S1",
        "current_action": "A0",
        "td_delta": -6.916504854561689,
        "q_table": {
            "S0": {
                "A0": -19.297078248464587,
                "A1": 17.505260511654736
            },
            "S1": {
                "A0": 20.770527363821117,
                "A1": -34.249626322412
            }
        }
    },
    {
        "episode": 92,
        "current_state": "S1",
        "current_action": "A0",
        "td_delta": 1.6559173127423108,
        "q_table": {
            "S0": {
                "A0": -19.297078248464587,
                "A1": 16.89046630139168
            },
            "S1": {
                "A0": 17.205512859724543,
                "A1": -34.249626322412
            }
        }
    },
    {
        "episode": 93,
        "current_state": "S0",
        "current_action": "A1",
        "td_delta": -4.7793381535999515,
        "q_table": {
            "S0": {
                "A0": -19.297078248464587,
                "A1": 23.56164132152348
            },
            "S1": {
                "A0": 22.09157061554134,
                "A1": -34.249626322412
            }
        }
    },
    {
        "episode": 94,
        "current_state": "S0",
        "current_action": "A1",
        "td_delta": -2.66874042394808,
        "q_table": {
            "S0": {
                "A0": -19.297078248464587,
                "A1": 44.96828979322212
            },
            "S1": {
                "A0": 46.25591910381528,
                "A1": -34.249626322412
            }
        }
    },
    {
        "episode": 95,
        "current_state": "S0",
        "current_action": "A1",
        "td_delta": -2.4157544399039494,
        "q_table": {
            "S0": {
                "A0": -19.297078248464587,
                "A1": 36.88710478629562
            },
            "S1": {
                "A0": 36.57169466755646,
                "A1": -34.249626322412
            }
        }
    },
    {
        "episode": 96,
        "current_state": "S1",
        "current_action": "A0",
        "td_delta": -14.207673558274198,
        "q_table": {
            "S0": {
                "A0": -19.297078248464587,
                "A1": 10.673652374603016
            },
            "S1": {
                "A0": 12.791993748805753,
                "A1": -34.249626322412
            }
        }
    },
    {
        "episode": 97,
        "current_state": "S1",
        "current_action": "A0",
        "td_delta": 0.9275524303333702,
        "q_table": {
            "S0": {
                "A0": -14.185374920927678,
                "A1": -37.806011676634924
            },
            "S1": {
                "A0": 5.705806126843626,
                "A1": -34.249626322412
            }
        }
    },
    {
        "episode": 98,
        "current_state": "S1",
        "current_action": "A0",
        "td_delta": 8.357123434552825,
        "q_table": {
            "S0": {
                "A0": -3.071720959186381,
                "A1": -37.806011676634924
            },
            "S1": {
                "A0": -9.998188384069033,
                "A1": -34.249626322412
            }
        }
    },
    {
        "episode": 99,
        "current_state": "S0",
        "current_action": "A0",
        "td_delta": 2.4261652512769647,
        "q_table": {
            "S0": {
                "A0": 11.341125243093797,
                "A1": -37.806011676634924
            },
            "S1": {
                "A0": 13.210290482436493,
                "A1": -34.249626322412
            }
        }
    },
    {
        "episode": 100,
        "current_state": "S0",
        "current_action": "A0",
        "td_delta": -2.718459961186264,
        "q_table": {
            "S0": {
                "A0": 11.12535130117012,
                "A1": -37.806011676634924
            },
            "S1": {
                "A0": 10.887159976380696,
                "A1": -34.249626322412
            }
        }
    },
    {
        "episode": 101,
        "current_state": "S1",
        "current_action": "A0",
        "td_delta": 0.06773635840163195,
        "q_table": {
            "S0": {
                "A0": 23.91853605096541,
                "A1": -37.806011676634924
            },
            "S1": {
                "A0": 21.605289081179766,
                "A1": -34.249626322412
            }
        }
    },
    {
        "episode": 102,
        "current_state": "S1",
        "current_action": "A0",
        "td_delta": -8.008966178598225,
        "q_table": {
            "S0": {
                "A0": 26.02941182717405,
                "A1": -37.806011676634924
            },
            "S1": {
                "A0": 27.346892333789828,
                "A1": -34.249626322412
            }
        }
    },
    {
        "episode": 103,
        "current_state": "S1",
        "current_action": "A0",
        "td_delta": -0.8712506368981963,
        "q_table": {
            "S0": {
                "A0": 24.548057747968233,
                "A1": -37.806011676634924
            },
            "S1": {
                "A0": 23.68935149958613,
                "A1": -34.249626322412
            }
        }
    },
    {
        "episode": 104,
        "current_state": "S1",
        "current_action": "A0",
        "td_delta": 0.3956587387988719,
        "q_table": {
            "S0": {
                "A0": 24.45394855014695,
                "A1": -37.806011676634924
            },
            "S1": {
                "A0": 23.89782470039033,
                "A1": -34.249626322412
            }
        }
    },
    {
        "episode": 105,
        "current_state": "S1",
        "current_action": "A0",
        "td_delta": 7.332624878726794,
        "q_table": {
            "S0": {
                "A0": 10.689352061677184,
                "A1": -37.806011676634924
            },
            "S1": {
                "A0": 10.17923128808745,
                "A1": -34.249626322412
            }
        }
    },
    {
        "episode": 106,
        "current_state": "S1",
        "current_action": "A0",
        "td_delta": -0.8091327669889274,
        "q_table": {
            "S0": {
                "A0": 15.089418041278545,
                "A1": -37.806011676634924
            },
            "S1": {
                "A0": 15.428479622298113,
                "A1": -34.249626322412
            }
        }
    },
    {
        "episode": 107,
        "current_state": "S1",
        "current_action": "A0",
        "td_delta": -0.80669127114502,
        "q_table": {
            "S0": {
                "A0": 48.70333939759427,
                "A1": -37.806011676634924
            },
            "S1": {
                "A0": 45.73851383731773,
                "A1": -34.249626322412
            }
        }
    },
    {
        "episode": 108,
        "current_state": "S0",
        "current_action": "A0",
        "td_delta": 0.3496677145010523,
        "q_table": {
            "S0": {
                "A0": 35.36788539144247,
                "A1": -37.806011676634924
            },
            "S1": {
                "A0": 32.63218954780285,
                "A1": -34.249626322412
            }
        }
    },
    {
        "episode": 109,
        "current_state": "S0",
        "current_action": "A0",
        "td_delta": -4.725592209164599,
        "q_table": {
            "S0": {
                "A0": 22.277186603221843,
                "A1": -37.806011676634924
            },
            "S1": {
                "A0": 18.394601825559434,
                "A1": -34.249626322412
            }
        }
    },
    {
        "episode": 110,
        "current_state": "S0",
        "current_action": "A0",
        "td_delta": -1.2029017801895385,
        "q_table": {
            "S0": {
                "A0": 31.497748337096677,
                "A1": -37.806011676634924
            },
            "S1": {
                "A0": 20.55929337605803,
                "A1": -34.249626322412
            }
        }
    },
    {
        "episode": 111,
        "current_state": "S0",
        "current_action": "A0",
        "td_delta": 1.0776451519061645,
        "q_table": {
            "S0": {
                "A0": 25.294173053384885,
                "A1": -37.806011676634924
            },
            "S1": {
                "A0": 24.19547985746198,
                "A1": -34.249626322412
            }
        }
    },
    {
        "episode": 112,
        "current_state": "S1",
        "current_action": "A0",
        "td_delta": -1.1846364880870937,
        "q_table": {
            "S0": {
                "A0": 28.628300283997266,
                "A1": -37.806011676634924
            },
            "S1": {
                "A0": 27.375950287256142,
                "A1": -34.249626322412
            }
        }
    },
    {
        "episode": 113,
        "current_state": "S0",
        "current_action": "A0",
        "td_delta": 0.25028194094351264,
        "q_table": {
            "S0": {
                "A0": 26.301114180255684,
                "A1": -37.806011676634924
            },
            "S1": {
                "A0": 26.015829439787204,
                "A1": -34.249626322412
            }
        }
    },
    {
        "episode": 114,
        "current_state": "S0",
        "current_action": "A0",
        "td_delta": -5.768520987990481,
        "q_table": {
            "S0": {
                "A0": 19.94660648104184,
                "A1": -37.806011676634924
            },
            "S1": {
                "A0": 19.920952667793117,
                "A1": -34.249626322412
            }
        }
    },
    {
        "episode": 115,
        "current_state": "S0",
        "current_action": "A0",
        "td_delta": 0.028753687272153883,
        "q_table": {
            "S0": {
                "A0": 19.539899954363,
                "A1": -37.806011676634924
            },
            "S1": {
                "A0": 17.62253911078838,
                "A1": -34.249626322412
            }
        }
    },
    {
        "episode": 116,
        "current_state": "S1",
        "current_action": "A0",
        "td_delta": 0.2396540551485984,
        "q_table": {
            "S0": {
                "A0": 20.155771354017894,
                "A1": -37.806011676634924
            },
            "S1": {
                "A0": 18.914927818207715,
                "A1": -34.249626322412
            }
        }
    },
    {
        "episode": 117,
        "current_state": "S1",
        "current_action": "A0",
        "td_delta": -0.4456955058346992,
        "q_table": {
            "S0": {
                "A0": 17.316805692507547,
                "A1": -37.806011676634924
            },
            "S1": {
                "A0": 15.857586193018497,
                "A1": -34.249626322412
            }
        }
    },
    {
        "episode": 118,
        "current_state": "S0",
        "current_action": "A0",
        "td_delta": 7.2018688226022745,
        "q_table": {
            "S0": {
                "A0": 4.772420965667231,
                "A1": -37.806011676634924
            },
            "S1": {
                "A0": 9.013198900591647,
                "A1": -34.249626322412
            }
        }
    },
    {
        "episode": 119,
        "current_state": "S0",
        "current_action": "A0",
        "td_delta": -1.008734243391892,
        "q_table": {
            "S0": {
                "A0": 9.652879657434152,
                "A1": -37.806011676634924
            },
            "S1": {
                "A0": 7.331724359097355,
                "A1": -34.249626322412
            }
        }
    },
    {
        "episode": 120,
        "current_state": "S0",
        "current_action": "A0",
        "td_delta": -2.4324874680674196,
        "q_table": {
            "S0": {
                "A0": 9.660912149741556,
                "A1": -37.806011676634924
            },
            "S1": {
                "A0": -3.5831384829712736,
                "A1": -34.249626322412
            }
        }
    },
    {
        "episode": 121,
        "current_state": "S1",
        "current_action": "A0",
        "td_delta": 3.4462061169683604,
        "q_table": {
            "S0": {
                "A0": 16.591413247340306,
                "A1": -37.806011676634924
            },
            "S1": {
                "A0": 14.18992872586688,
                "A1": -34.249626322412
            }
        }
    },
    {
        "episode": 122,
        "current_state": "S1",
        "current_action": "A0",
        "td_delta": 0.17659476081792214,
        "q_table": {
            "S0": {
                "A0": 12.852780430040214,
                "A1": -37.806011676634924
            },
            "S1": {
                "A0": 10.233766963054663,
                "A1": -34.249626322412
            }
        }
    },
    {
        "episode": 123,
        "current_state": "S1",
        "current_action": "A0",
        "td_delta": 8.994408173354206,
        "q_table": {
            "S0": {
                "A0": 17.442326692550655,
                "A1": -37.806011676634924
            },
            "S1": {
                "A0": 17.96739405675442,
                "A1": -34.249626322412
            }
        }
    },
    {
        "episode": 124,
        "current_state": "S0",
        "current_action": "A0",
        "td_delta": -0.6952460906482454,
        "q_table": {
            "S0": {
                "A0": 11.567421640775503,
                "A1": -37.806011676634924
            },
            "S1": {
                "A0": 9.041469352138874,
                "A1": -34.249626322412
            }
        }
    },
    {
        "episode": 125,
        "current_state": "S1",
        "current_action": "A0",
        "td_delta": -105.95178901777784,
        "q_table": {
            "S0": {
                "A0": 8.00126215977946,
                "A1": -37.806011676634924
            },
            "S1": {
                "A0": -3.1731122847377815,
                "A1": -34.249626322412
            }
        }
    },
    {
        "episode": 126,
        "current_state": "S0",
        "current_action": "A0",
        "td_delta": 2.178108284169623,
        "q_table": {
            "S0": {
                "A0": 2.789306291725451,
                "A1": -37.806011676634924
            },
            "S1": {
                "A0": 2.9862069225269305,
                "A1": -34.249626322412
            }
        }
    },
    {
        "episode": 127,
        "current_state": "S0",
        "current_action": "A0",
        "td_delta": 6.012539629572879,
        "q_table": {
            "S0": {
                "A0": 7.053716682031165,
                "A1": -37.806011676634924
            },
            "S1": {
                "A0": 5.8444681377075165,
                "A1": -34.249626322412
            }
        }
    },
    {
        "episode": 128,
        "current_state": "S0",
        "current_action": "A0",
        "td_delta": 1.4874391779720462,
        "q_table": {
            "S0": {
                "A0": 11.24531840878403,
                "A1": -37.806011676634924
            },
            "S1": {
                "A0": 12.439790470055183,
                "A1": -34.249626322412
            }
        }
    },
    {
        "episode": 129,
        "current_state": "S0",
        "current_action": "A0",
        "td_delta": -1.5328041434296598,
        "q_table": {
            "S0": {
                "A0": 15.134145973514203,
                "A1": -37.806011676634924
            },
            "S1": {
                "A0": 13.066795292805509,
                "A1": -34.249626322412
            }
        }
    },
    {
        "episode": 130,
        "current_state": "S1",
        "current_action": "A0",
        "td_delta": 0.2932949996764336,
        "q_table": {
            "S0": {
                "A0": 17.481077963052673,
                "A1": -37.806011676634924
            },
            "S1": {
                "A0": 16.621978269817028,
                "A1": -34.249626322412
            }
        }
    },
    {
        "episode": 131,
        "current_state": "S0",
        "current_action": "A0",
        "td_delta": 1.0677133723340688,
        "q_table": {
            "S0": {
                "A0": 16.311406853207462,
                "A1": -37.806011676634924
            },
            "S1": {
                "A0": 15.168643035601413,
                "A1": -34.249626322412
            }
        }
    },
    {
        "episode": 132,
        "current_state": "S1",
        "current_action": "A0",
        "td_delta": 1.338733562385336,
        "q_table": {
            "S0": {
                "A0": 16.20816530917822,
                "A1": -37.806011676634924
            },
            "S1": {
                "A0": 15.006449831794948,
                "A1": -34.249626322412
            }
        }
    },
    {
        "episode": 133,
        "current_state": "S0",
        "current_action": "A0",
        "td_delta": 2.2582646475031805,
        "q_table": {
            "S0": {
                "A0": 10.61352063826995,
                "A1": -37.806011676634924
            },
            "S1": {
                "A0": 9.982071874133732,
                "A1": -34.249626322412
            }
        }
    },
    {
        "episode": 134,
        "current_state": "S1",
        "current_action": "A0",
        "td_delta": 0.7663502696195041,
        "q_table": {
            "S0": {
                "A0": 6.8130469592298075,
                "A1": -37.806011676634924
            },
            "S1": {
                "A0": 3.9525812894574615,
                "A1": -34.249626322412
            }
        }
    },
    {
        "episode": 135,
        "current_state": "S0",
        "current_action": "A0",
        "td_delta": -1.4580951390211219,
        "q_table": {
            "S0": {
                "A0": 10.482763293668604,
                "A1": -37.806011676634924
            },
            "S1": {
                "A0": 7.4102705295821245,
                "A1": -34.249626322412
            }
        }
    },
    {
        "episode": 136,
        "current_state": "S0",
        "current_action": "A0",
        "td_delta": 1.6947879095170455,
        "q_table": {
            "S0": {
                "A0": 6.933881159472698,
                "A1": -37.806011676634924
            },
            "S1": {
                "A0": 5.9946181983476805,
                "A1": -34.249626322412
            }
        }
    },
    {
        "episode": 137,
        "current_state": "S1",
        "current_action": "A0",
        "td_delta": 169.97607123504787,
        "q_table": {
            "S0": {
                "A0": 9.848791651527184,
                "A1": -37.806011676634924
            },
            "S1": {
                "A0": 25.320133058129414,
                "A1": -34.249626322412
            }
        }
    },
    {
        "episode": 138,
        "current_state": "S0",
        "current_action": "A0",
        "td_delta": 0.6875304009069314,
        "q_table": {
            "S0": {
                "A0": 14.472693234693796,
                "A1": -37.806011676634924
            },
            "S1": {
                "A0": 14.590574599182922,
                "A1": -34.249626322412
            }
        }
    },
    {
        "episode": 139,
        "current_state": "S0",
        "current_action": "A0",
        "td_delta": -39.791282822111384,
        "q_table": {
            "S0": {
                "A0": 11.386384090558558,
                "A1": -37.806011676634924
            },
            "S1": {
                "A0": 9.677871729072542,
                "A1": -34.249626322412
            }
        }
    },
    {
        "episode": 140,
        "current_state": "S0",
        "current_action": "A0",
        "td_delta": -4.444111253153665,
        "q_table": {
            "S0": {
                "A0": 54.441878756933036,
                "A1": -37.806011676634924
            },
            "S1": {
                "A0": 54.55361720763608,
                "A1": -34.249626322412
            }
        }
    },
    {
        "episode": 141,
        "current_state": "S0",
        "current_action": "A0",
        "td_delta": -1.7891247420689922,
        "q_table": {
            "S0": {
                "A0": 36.59601041888965,
                "A1": -37.806011676634924
            },
            "S1": {
                "A0": 31.587827521703172,
                "A1": -34.249626322412
            }
        }
    },
    {
        "episode": 142,
        "current_state": "S0",
        "current_action": "A0",
        "td_delta": -59.85649454178318,
        "q_table": {
            "S0": {
                "A0": 15.734574408013739,
                "A1": -37.806011676634924
            },
            "S1": {
                "A0": 20.923554780620954,
                "A1": -34.249626322412
            }
        }
    },
    {
        "episode": 143,
        "current_state": "S0",
        "current_action": "A0",
        "td_delta": 0.40255800308970535,
        "q_table": {
            "S0": {
                "A0": 18.980727155690612,
                "A1": -37.806011676634924
            },
            "S1": {
                "A0": 18.8704003970037,
                "A1": -34.249626322412
            }
        }
    },
    {
        "episode": 144,
        "current_state": "S0",
        "current_action": "A0",
        "td_delta": -1.0822052362518662,
        "q_table": {
            "S0": {
                "A0": 31.166936269071396,
                "A1": -37.806011676634924
            },
            "S1": {
                "A0": 30.87806687070958,
                "A1": -34.249626322412
            }
        }
    },
    {
        "episode": 145,
        "current_state": "S0",
        "current_action": "A0",
        "td_delta": -4.266354905606125,
        "q_table": {
            "S0": {
                "A0": 27.369352935082254,
                "A1": -37.806011676634924
            },
            "S1": {
                "A0": 25.884524006724366,
                "A1": -34.249626322412
            }
        }
    },
    {
        "episode": 146,
        "current_state": "S0",
        "current_action": "A0",
        "td_delta": -6.58166832822868,
        "q_table": {
            "S0": {
                "A0": 36.69445536523351,
                "A1": -37.806011676634924
            },
            "S1": {
                "A0": 31.35388436078634,
                "A1": -34.249626322412
            }
        }
    },
    {
        "episode": 147,
        "current_state": "S1",
        "current_action": "A0",
        "td_delta": 8.589876182192155,
        "q_table": {
            "S0": {
                "A0": 23.705948728718617,
                "A1": -37.806011676634924
            },
            "S1": {
                "A0": 13.722008003758951,
                "A1": -34.249626322412
            }
        }
    },
    {
        "episode": 148,
        "current_state": "S1",
        "current_action": "A0",
        "td_delta": 0.18375450410222172,
        "q_table": {
            "S0": {
                "A0": 17.427206401049148,
                "A1": -37.806011676634924
            },
            "S1": {
                "A0": 16.54250015262977,
                "A1": -34.249626322412
            }
        }
    },
    {
        "episode": 149,
        "current_state": "S1",
        "current_action": "A0",
        "td_delta": -0.009978042810661947,
        "q_table": {
            "S0": {
                "A0": 10.863023663088008,
                "A1": -37.806011676634924
            },
            "S1": {
                "A0": 10.429446855041032,
                "A1": -34.249626322412
            }
        }
    },
    {
        "episode": 150,
        "current_state": "S1",
        "current_action": "A0",
        "td_delta": 2.5011453192195403,
        "q_table": {
            "S0": {
                "A0": 2.408703313286499,
                "A1": -37.806011676634924
            },
            "S1": {
                "A0": 0.9010869560522994,
                "A1": -34.249626322412
            }
        }
    },
    {
        "episode": 151,
        "current_state": "S1",
        "current_action": "A0",
        "td_delta": -0.14387023097299068,
        "q_table": {
            "S0": {
                "A0": 7.614622536678627,
                "A1": -37.806011676634924
            },
            "S1": {
                "A0": 5.515102178769864,
                "A1": -34.249626322412
            }
        }
    },
    {
        "episode": 152,
        "current_state": "S0",
        "current_action": "A0",
        "td_delta": -2.168249132395669,
        "q_table": {
            "S0": {
                "A0": 13.840517998631523,
                "A1": -37.806011676634924
            },
            "S1": {
                "A0": 11.297806425213867,
                "A1": -34.249626322412
            }
        }
    },
    {
        "episode": 153,
        "current_state": "S0",
        "current_action": "A0",
        "td_delta": 3.7105001833611944,
        "q_table": {
            "S0": {
                "A0": 17.50107943329576,
                "A1": -37.806011676634924
            },
            "S1": {
                "A0": 18.80566023620932,
                "A1": -34.249626322412
            }
        }
    },
    {
        "episode": 154,
        "current_state": "S1",
        "current_action": "A0",
        "td_delta": 0.3053164851735648,
        "q_table": {
            "S0": {
                "A0": 12.891673745226164,
                "A1": -37.806011676634924
            },
            "S1": {
                "A0": 14.611274519676236,
                "A1": -34.249626322412
            }
        }
    },
    {
        "episode": 155,
        "current_state": "S0",
        "current_action": "A0",
        "td_delta": 1.7222315138067383,
        "q_table": {
            "S0": {
                "A0": 13.58527899948798,
                "A1": -37.806011676634924
            },
            "S1": {
                "A0": 14.285090182596596,
                "A1": -34.249626322412
            }
        }
    },
    {
        "episode": 156,
        "current_state": "S1",
        "current_action": "A0",
        "td_delta": -4.427149940078678,
        "q_table": {
            "S0": {
                "A0": 14.040208173474337,
                "A1": -37.806011676634924
            },
            "S1": {
                "A0": 17.807959902248196,
                "A1": -34.249626322412
            }
        }
    },
    {
        "episode": 157,
        "current_state": "S0",
        "current_action": "A0",
        "td_delta": -26.83855888963422,
        "q_table": {
            "S0": {
                "A0": 44.03549485513839,
                "A1": -37.806011676634924
            },
            "S1": {
                "A0": 19.134793283385218,
                "A1": -34.249626322412
            }
        }
    },
    {
        "episode": 158,
        "current_state": "S1",
        "current_action": "A0",
        "td_delta": -3.8507035911831977,
        "q_table": {
            "S0": {
                "A0": 25.793331085507134,
                "A1": -37.806011676634924
            },
            "S1": {
                "A0": 24.926395086512255,
                "A1": -34.249626322412
            }
        }
    },
    {
        "episode": 159,
        "current_state": "S0",
        "current_action": "A0",
        "td_delta": 0.12001454712966009,
        "q_table": {
            "S0": {
                "A0": 21.66700257062492,
                "A1": -37.806011676634924
            },
            "S1": {
                "A0": 21.682524761561407,
                "A1": -34.249626322412
            }
        }
    },
    {
        "episode": 160,
        "current_state": "S0",
        "current_action": "A0",
        "td_delta": -0.7102493046958749,
        "q_table": {
            "S0": {
                "A0": 18.189430782405612,
                "A1": -37.806011676634924
            },
            "S1": {
                "A0": 17.90872635682655,
                "A1": -34.249626322412
            }
        }
    },
    {
        "episode": 161,
        "current_state": "S0",
        "current_action": "A0",
        "td_delta": -1.5122096032129946,
        "q_table": {
            "S0": {
                "A0": 21.54460950649242,
                "A1": -37.806011676634924
            },
            "S1": {
                "A0": 20.49516742845303,
                "A1": -34.249626322412
            }
        }
    },
    {
        "episode": 162,
        "current_state": "S0",
        "current_action": "A0",
        "td_delta": -1.3436684495429816,
        "q_table": {
            "S0": {
                "A0": 16.650339171894526,
                "A1": -37.806011676634924
            },
            "S1": {
                "A0": 17.012447105815422,
                "A1": -34.249626322412
            }
        }
    },
    {
        "episode": 163,
        "current_state": "S1",
        "current_action": "A0",
        "td_delta": 4.97512049023776,
        "q_table": {
            "S0": {
                "A0": 18.705012572916935,
                "A1": -37.806011676634924
            },
            "S1": {
                "A0": 13.84969662915488,
                "A1": -34.249626322412
            }
        }
    },
    {
        "episode": 164,
        "current_state": "S0",
        "current_action": "A0",
        "td_delta": 0.9581639854112076,
        "q_table": {
            "S0": {
                "A0": 17.098547588007946,
                "A1": -37.806011676634924
            },
            "S1": {
                "A0": 17.319672565615967,
                "A1": -34.249626322412
            }
        }
    },
    {
        "episode": 165,
        "current_state": "S1",
        "current_action": "A0",
        "td_delta": 1.3498002535276203,
        "q_table": {
            "S0": {
                "A0": 11.535174102567408,
                "A1": -37.806011676634924
            },
            "S1": {
                "A0": 10.75576720004556,
                "A1": -34.249626322412
            }
        }
    },
    {
        "episode": 166,
        "current_state": "S0",
        "current_action": "A0",
        "td_delta": 0.658618491367049,
        "q_table": {
            "S0": {
                "A0": 9.047805664657862,
                "A1": -37.806011676634924
            },
            "S1": {
                "A0": 8.393212814453692,
                "A1": -34.249626322412
            }
        }
    },
    {
        "episode": 167,
        "current_state": "S0",
        "current_action": "A0",
        "td_delta": 10.658961075246118,
        "q_table": {
            "S0": {
                "A0": 33.254848466001675,
                "A1": -37.806011676634924
            },
            "S1": {
                "A0": 44.04674753123252,
                "A1": -34.249626322412
            }
        }
    },
    {
        "episode": 168,
        "current_state": "S1",
        "current_action": "A0",
        "td_delta": -1.4543363600713057,
        "q_table": {
            "S0": {
                "A0": 23.534141951595714,
                "A1": -37.806011676634924
            },
            "S1": {
                "A0": 23.34413601835158,
                "A1": -34.249626322412
            }
        }
    },
    {
        "episode": 169,
        "current_state": "S1",
        "current_action": "A0",
        "td_delta": 4.884214783064227,
        "q_table": {
            "S0": {
                "A0": 20.7134791274663,
                "A1": -37.806011676634924
            },
            "S1": {
                "A0": 19.427018984515215,
                "A1": -34.249626322412
            }
        }
    },
    {
        "episode": 170,
        "current_state": "S1",
        "current_action": "A0",
        "td_delta": 0.20468328619611142,
        "q_table": {
            "S0": {
                "A0": 24.645923760572774,
                "A1": -37.806011676634924
            },
            "S1": {
                "A0": 21.971748529897297,
                "A1": -34.249626322412
            }
        }
    },
    {
        "episode": 171,
        "current_state": "S0",
        "current_action": "A0",
        "td_delta": -1.4074129917964626,
        "q_table": {
            "S0": {
                "A0": 28.380508692516642,
                "A1": -37.806011676634924
            },
            "S1": {
                "A0": 27.434101956959413,
                "A1": -34.249626322412
            }
        }
    },
    {
        "episode": 172,
        "current_state": "S1",
        "current_action": "A0",
        "td_delta": 0.9385697919202265,
        "q_table": {
            "S0": {
                "A0": 25.695453055640087,
                "A1": -37.806011676634924
            },
            "S1": {
                "A0": 23.88680763281131,
                "A1": -34.249626322412
            }
        }
    },
    {
        "episode": 173,
        "current_state": "S0",
        "current_action": "A0",
        "td_delta": -16.935011484066607,
        "q_table": {
            "S0": {
                "A0": 52.31605197364133,
                "A1": -37.806011676634924
            },
            "S1": {
                "A0": 41.90136000799161,
                "A1": -34.249626322412
            }
        }
    },
    {
        "episode": 174,
        "current_state": "S1",
        "current_action": "A0",
        "td_delta": -1.0063376166947258,
        "q_table": {
            "S0": {
                "A0": 33.88871766232018,
                "A1": -37.806011676634924
            },
            "S1": {
                "A0": 32.030231124062446,
                "A1": -34.249626322412
            }
        }
    },
    {
        "episode": 175,
        "current_state": "S1",
        "current_action": "A0",
        "td_delta": 1.0264932836545562,
        "q_table": {
            "S0": {
                "A0": 27.625757295536264,
                "A1": -37.806011676634924
            },
            "S1": {
                "A0": 27.6027174911931,
                "A1": -34.249626322412
            }
        }
    },
    {
        "episode": 176,
        "current_state": "S0",
        "current_action": "A0",
        "td_delta": 1.8421027981852092,
        "q_table": {
            "S0": {
                "A0": 21.423830544067165,
                "A1": -37.806011676634924
            },
            "S1": {
                "A0": 22.166415617651424,
                "A1": -34.249626322412
            }
        }
    },
    {
        "episode": 177,
        "current_state": "S1",
        "current_action": "A0",
        "td_delta": -4.531579764188638,
        "q_table": {
            "S0": {
                "A0": 21.839103287668948,
                "A1": -37.806011676634924
            },
            "S1": {
                "A0": 24.966045780110633,
                "A1": -34.249626322412
            }
        }
    },
    {
        "episode": 178,
        "current_state": "S1",
        "current_action": "A0",
        "td_delta": -0.5450331957774459,
        "q_table": {
            "S0": {
                "A0": 21.73524843429904,
                "A1": -37.806011676634924
            },
            "S1": {
                "A0": 20.865417936366143,
                "A1": -34.249626322412
            }
        }
    },
    {
        "episode": 179,
        "current_state": "S1",
        "current_action": "A0",
        "td_delta": 1.370949024487608,
        "q_table": {
            "S0": {
                "A0": 17.072528500992586,
                "A1": -37.806011676634924
            },
            "S1": {
                "A0": 16.86205607950367,
                "A1": -34.249626322412
            }
        }
    },
    {
        "episode": 180,
        "current_state": "S1",
        "current_action": "A0",
        "td_delta": 10.611895809456923,
        "q_table": {
            "S0": {
                "A0": 12.49267886582057,
                "A1": -37.806011676634924
            },
            "S1": {
                "A0": 3.6308053389030714,
                "A1": -34.249626322412
            }
        }
    },
    {
        "episode": 181,
        "current_state": "S1",
        "current_action": "A0",
        "td_delta": 1.0040120027325612,
        "q_table": {
            "S0": {
                "A0": 7.810030969534203,
                "A1": -37.806011676634924
            },
            "S1": {
                "A0": 7.707900402160659,
                "A1": -34.249626322412
            }
        }
    },
    {
        "episode": 182,
        "current_state": "S1",
        "current_action": "A0",
        "td_delta": -1.1430101987397983,
        "q_table": {
            "S0": {
                "A0": 14.385457499907398,
                "A1": -37.806011676634924
            },
            "S1": {
                "A0": 13.129816640925002,
                "A1": -34.249626322412
            }
        }
    },
    {
        "episode": 183,
        "current_state": "S0",
        "current_action": "A0",
        "td_delta": -9.63598766235311,
        "q_table": {
            "S0": {
                "A0": 24.417968559021848,
                "A1": -37.806011676634924
            },
            "S1": {
                "A0": 14.95082723172627,
                "A1": -34.249626322412
            }
        }
    },
    {
        "episode": 184,
        "current_state": "S0",
        "current_action": "A0",
        "td_delta": 0.5326255575922332,
        "q_table": {
            "S0": {
                "A0": 18.14397554017856,
                "A1": -37.806011676634924
            },
            "S1": {
                "A0": 17.50657578681927,
                "A1": -34.249626322412
            }
        }
    },
    {
        "episode": 185,
        "current_state": "S1",
        "current_action": "A0",
        "td_delta": -4.094314879713629,
        "q_table": {
            "S0": {
                "A0": 15.368027724962866,
                "A1": -37.806011676634924
            },
            "S1": {
                "A0": 18.469786782713264,
                "A1": -34.249626322412
            }
        }
    },
    {
        "episode": 186,
        "current_state": "S1",
        "current_action": "A0",
        "td_delta": 1.124247384160224,
        "q_table": {
            "S0": {
                "A0": 15.84178333321629,
                "A1": -37.806011676634924
            },
            "S1": {
                "A0": 11.852977732475077,
                "A1": -34.249626322412
            }
        }
    },
    {
        "episode": 187,
        "current_state": "S0",
        "current_action": "A0",
        "td_delta": -10.69740550432884,
        "q_table": {
            "S0": {
                "A0": 18.97841964391591,
                "A1": -37.806011676634924
            },
            "S1": {
                "A0": 19.77330519148559,
                "A1": -34.249626322412
            }
        }
    },
    {
        "episode": 188,
        "current_state": "S1",
        "current_action": "A0",
        "td_delta": 0.4663648867688286,
        "q_table": {
            "S0": {
                "A0": 4.600456427576036,
                "A1": -37.806011676634924
            },
            "S1": {
                "A0": 7.653592542077094,
                "A1": -34.249626322412
            }
        }
    },
    {
        "episode": 189,
        "current_state": "S1",
        "current_action": "A0",
        "td_delta": -4.41554337071003,
        "q_table": {
            "S0": {
                "A0": 10.470735681083381,
                "A1": -37.806011676634924
            },
            "S1": {
                "A0": 6.988312526780104,
                "A1": -34.249626322412
            }
        }
    },
    {
        "episode": 190,
        "current_state": "S0",
        "current_action": "A0",
        "td_delta": 2.77028796117915,
        "q_table": {
            "S0": {
                "A0": 15.498224533946665,
                "A1": -37.806011676634924
            },
            "S1": {
                "A0": 13.858362825304667,
                "A1": -34.249626322412
            }
        }
    },
    {
        "episode": 191,
        "current_state": "S0",
        "current_action": "A0",
        "td_delta": -4.65191897437947,
        "q_table": {
            "S0": {
                "A0": 16.11276803519879,
                "A1": -37.806011676634924
            },
            "S1": {
                "A0": 14.72191950879213,
                "A1": -34.249626322412
            }
        }
    },
    {
        "episode": 192,
        "current_state": "S1",
        "current_action": "A0",
        "td_delta": 0.9011236657691963,
        "q_table": {
            "S0": {
                "A0": 15.112594888865718,
                "A1": -37.806011676634924
            },
            "S1": {
                "A0": 13.070167474880387,
                "A1": -34.249626322412
            }
        }
    },
    {
        "episode": 193,
        "current_state": "S1",
        "current_action": "A0",
        "td_delta": -1.1012669076310218,
        "q_table": {
            "S0": {
                "A0": 16.073395946884606,
                "A1": -37.806011676634924
            },
            "S1": {
                "A0": 17.52454729609419,
                "A1": -34.249626322412
            }
        }
    },
    {
        "episode": 194,
        "current_state": "S1",
        "current_action": "A0",
        "td_delta": -17.402367430629198,
        "q_table": {
            "S0": {
                "A0": 74.09717463079357,
                "A1": -37.806011676634924
            },
            "S1": {
                "A0": 187.61694995118893,
                "A1": -34.249626322412
            }
        }
    },
    {
        "episode": 195,
        "current_state": "S1",
        "current_action": "A0",
        "td_delta": -7.722409511269987,
        "q_table": {
            "S0": {
                "A0": 88.13319011058827,
                "A1": -37.806011676634924
            },
            "S1": {
                "A0": 86.72635361026143,
                "A1": -34.249626322412
            }
        }
    },
    {
        "episode": 196,
        "current_state": "S0",
        "current_action": "A0",
        "td_delta": -8.372360148127513,
        "q_table": {
            "S0": {
                "A0": 59.451521247246355,
                "A1": -37.806011676634924
            },
            "S1": {
                "A0": 55.83570671490668,
                "A1": -34.249626322412
            }
        }
    },
    {
        "episode": 197,
        "current_state": "S1",
        "current_action": "A0",
        "td_delta": -5.678630882347161,
        "q_table": {
            "S0": {
                "A0": 29.166725285838236,
                "A1": -37.806011676634924
            },
            "S1": {
                "A0": 32.0467834684865,
                "A1": -34.249626322412
            }
        }
    },
    {
        "episode": 198,
        "current_state": "S0",
        "current_action": "A0",
        "td_delta": -6.159707869360286,
        "q_table": {
            "S0": {
                "A0": 22.058645228589217,
                "A1": -37.806011676634924
            },
            "S1": {
                "A0": 18.69952577963538,
                "A1": -34.249626322412
            }
        }
    },
    {
        "episode": 199,
        "current_state": "S0",
        "current_action": "A0",
        "td_delta": -0.9232829983598201,
        "q_table": {
            "S0": {
                "A0": 19.637667222338955,
                "A1": -37.806011676634924
            },
            "S1": {
                "A0": 20.486640325482213,
                "A1": -34.249626322412
            }
        }
    }
]