[
    {
        "episode": 0,
        "current_state": "S1",
        "current_action": "A1",
        "td_delta": 1.775280631445392,
        "q_table": {
            "S0": {
                "A0": -0.07870652153450619,
                "A1": -7.166991864453747
            },
            "S1": {
                "A0": -1.2884430017419017,
                "A1": 0.7858759594897725
            }
        }
    },
    {
        "episode": 1,
        "current_state": "S1",
        "current_action": "A1",
        "td_delta": -2.8100889576394623,
        "q_table": {
            "S0": {
                "A0": 5.267245062515308,
                "A1": 1.3636061709504856
            },
            "S1": {
                "A0": 5.7983164916532575,
                "A1": 4.002933719539238
            }
        }
    },
    {
        "episode": 2,
        "current_state": "S1",
        "current_action": "A0",
        "td_delta": -0.17020048004702293,
        "q_table": {
            "S0": {
                "A0": 7.957305689412473,
                "A1": 9.016956685295312
            },
            "S1": {
                "A0": 7.724352116650229,
                "A1": 6.920275549989515
            }
        }
    },
    {
        "episode": 3,
        "current_state": "S0",
        "current_action": "A1",
        "td_delta": 1.5471134704246055,
        "q_table": {
            "S0": {
                "A0": 13.3757221195685,
                "A1": 13.77363283013677
            },
            "S1": {
                "A0": 15.906818873176583,
                "A1": 10.250012626149937
            }
        }
    },
    {
        "episode": 4,
        "current_state": "S0",
        "current_action": "A0",
        "td_delta": 2.148431687607536,
        "q_table": {
            "S0": {
                "A0": 9.63857130085572,
                "A1": -14.360841515861134
            },
            "S1": {
                "A0": 12.550236008076144,
                "A1": 9.545443433563484
            }
        }
    },
    {
        "episode": 5,
        "current_state": "S0",
        "current_action": "A0",
        "td_delta": -1.6218874600523492,
        "q_table": {
            "S0": {
                "A0": 19.352080812259242,
                "A1": 1.1837299440916809
            },
            "S1": {
                "A0": 19.93453153340595,
                "A1": 14.054526020775088
            }
        }
    },
    {
        "episode": 6,
        "current_state": "S0",
        "current_action": "A1",
        "td_delta": 14.309590315799557,
        "q_table": {
            "S0": {
                "A0": -14.988677328710027,
                "A1": 16.07702891571232
            },
            "S1": {
                "A0": 19.985972987645383,
                "A1": 16.136063292857262
            }
        }
    },
    {
        "episode": 7,
        "current_state": "S1",
        "current_action": "A0",
        "td_delta": -4.329683168139638,
        "q_table": {
            "S0": {
                "A0": 5.69585135360241,
                "A1": 18.716473845712713
            },
            "S1": {
                "A0": 20.882487054836506,
                "A1": 20.480978839498498
            }
        }
    },
    {
        "episode": 8,
        "current_state": "S1",
        "current_action": "A1",
        "td_delta": 3.589589946360608,
        "q_table": {
            "S0": {
                "A0": 4.852740410539692,
                "A1": 18.924205705985376
            },
            "S1": {
                "A0": 17.720686416053745,
                "A1": 19.105525622287427
            }
        }
    },
    {
        "episode": 9,
        "current_state": "S0",
        "current_action": "A1",
        "td_delta": -0.2063729074233258,
        "q_table": {
            "S0": {
                "A0": 12.981702438359108,
                "A1": 18.057494784975987
            },
            "S1": {
                "A0": 17.28994047431611,
                "A1": 19.623751374762996
            }
        }
    },
    {
        "episode": 10,
        "current_state": "S0",
        "current_action": "A0",
        "td_delta": -2.568297038937537,
        "q_table": {
            "S0": {
                "A0": 12.4565697889706,
                "A1": 9.380179813792175
            },
            "S1": {
                "A0": 11.53636849245927,
                "A1": -36.269186920698324
            }
        }
    },
    {
        "episode": 11,
        "current_state": "S0",
        "current_action": "A1",
        "td_delta": -0.030829458517583674,
        "q_table": {
            "S0": {
                "A0": -3.991619395754919,
                "A1": -1.202335738032072
            },
            "S1": {
                "A0": -68.83984063629515,
                "A1": -3.812181261564957
            }
        }
    },
    {
        "episode": 12,
        "current_state": "S1",
        "current_action": "A1",
        "td_delta": -0.6026652988943084,
        "q_table": {
            "S0": {
                "A0": 2.643699057301544,
                "A1": -16.521125706265227
            },
            "S1": {
                "A0": -68.83984063629515,
                "A1": 5.347677041485362
            }
        }
    },
    {
        "episode": 13,
        "current_state": "S0",
        "current_action": "A0",
        "td_delta": -4.596856081097412,
        "q_table": {
            "S0": {
                "A0": 9.21035581521558,
                "A1": -16.521125706265227
            },
            "S1": {
                "A0": -68.83984063629515,
                "A1": 8.720622984461249
            }
        }
    },
    {
        "episode": 14,
        "current_state": "S0",
        "current_action": "A0",
        "td_delta": -4.520245071173045,
        "q_table": {
            "S0": {
                "A0": 11.462923861168338,
                "A1": -16.521125706265227
            },
            "S1": {
                "A0": -68.83984063629515,
                "A1": 12.779403235816938
            }
        }
    },
    {
        "episode": 15,
        "current_state": "S0",
        "current_action": "A0",
        "td_delta": -0.4300684064362805,
        "q_table": {
            "S0": {
                "A0": 17.495072883638976,
                "A1": -16.521125706265227
            },
            "S1": {
                "A0": -68.83984063629515,
                "A1": 18.18833463848218
            }
        }
    },
    {
        "episode": 16,
        "current_state": "S1",
        "current_action": "A1",
        "td_delta": -3.6832910084786015,
        "q_table": {
            "S0": {
                "A0": 20.58510017065702,
                "A1": -16.521125706265227
            },
            "S1": {
                "A0": -68.83984063629515,
                "A1": 20.84831634090536
            }
        }
    },
    {
        "episode": 17,
        "current_state": "S1",
        "current_action": "A1",
        "td_delta": -0.9629366030196671,
        "q_table": {
            "S0": {
                "A0": -25.92146576921778,
                "A1": 5.12519130621014
            },
            "S1": {
                "A0": -68.83984063629515,
                "A1": 8.570751525059805
            }
        }
    },
    {
        "episode": 18,
        "current_state": "S1",
        "current_action": "A1",
        "td_delta": 0.2587025314944609,
        "q_table": {
            "S0": {
                "A0": -25.92146576921778,
                "A1": 3.5013080236881002
            },
            "S1": {
                "A0": -68.83984063629515,
                "A1": 2.0188267132504607
            }
        }
    },
    {
        "episode": 19,
        "current_state": "S0",
        "current_action": "A1",
        "td_delta": -0.25280087638069837,
        "q_table": {
            "S0": {
                "A0": -25.92146576921778,
                "A1": 13.078076127869114
            },
            "S1": {
                "A0": -68.83984063629515,
                "A1": 13.787575917373584
            }
        }
    },
    {
        "episode": 20,
        "current_state": "S1",
        "current_action": "A1",
        "td_delta": -4.794759194504531,
        "q_table": {
            "S0": {
                "A0": -25.92146576921778,
                "A1": 13.519120912332003
            },
            "S1": {
                "A0": -68.83984063629515,
                "A1": 13.662389006306672
            }
        }
    },
    {
        "episode": 21,
        "current_state": "S0",
        "current_action": "A1",
        "td_delta": 2.1343543366524447,
        "q_table": {
            "S0": {
                "A0": -25.92146576921778,
                "A1": 12.448483025487008
            },
            "S1": {
                "A0": -68.83984063629515,
                "A1": 14.37099138348983
            }
        }
    },
    {
        "episode": 22,
        "current_state": "S1",
        "current_action": "A1",
        "td_delta": -3.213424155056323,
        "q_table": {
            "S0": {
                "A0": -25.92146576921778,
                "A1": 14.198441557509598
            },
            "S1": {
                "A0": -68.83984063629515,
                "A1": 17.91427578819138
            }
        }
    },
    {
        "episode": 23,
        "current_state": "S0",
        "current_action": "A1",
        "td_delta": -1.7286922276374987,
        "q_table": {
            "S0": {
                "A0": -25.92146576921778,
                "A1": 20.269587842536264
            },
            "S1": {
                "A0": -68.83984063629515,
                "A1": 24.135698445445133
            }
        }
    },
    {
        "episode": 24,
        "current_state": "S0",
        "current_action": "A1",
        "td_delta": 0.9275891546672312,
        "q_table": {
            "S0": {
                "A0": -25.92146576921778,
                "A1": 8.738498254057411
            },
            "S1": {
                "A0": -68.83984063629515,
                "A1": 9.602314719483566
            }
        }
    },
    {
        "episode": 25,
        "current_state": "S1",
        "current_action": "A1",
        "td_delta": -2.2451504650922303,
        "q_table": {
            "S0": {
                "A0": -25.92146576921778,
                "A1": 24.357226597046534
            },
            "S1": {
                "A0": -68.83984063629515,
                "A1": 24.813406705720805
            }
        }
    },
    {
        "episode": 26,
        "current_state": "S0",
        "current_action": "A1",
        "td_delta": -0.28841285651149207,
        "q_table": {
            "S0": {
                "A0": -25.92146576921778,
                "A1": 24.371297659380076
            },
            "S1": {
                "A0": -68.83984063629515,
                "A1": 23.293900490630076
            }
        }
    },
    {
        "episode": 27,
        "current_state": "S1",
        "current_action": "A1",
        "td_delta": 0.8534973911530948,
        "q_table": {
            "S0": {
                "A0": -25.92146576921778,
                "A1": 20.57053093871258
            },
            "S1": {
                "A0": -68.83984063629515,
                "A1": 19.093222684972808
            }
        }
    },
    {
        "episode": 28,
        "current_state": "S1",
        "current_action": "A1",
        "td_delta": -0.3299855515140315,
        "q_table": {
            "S0": {
                "A0": -25.92146576921778,
                "A1": 19.126558671935364
            },
            "S1": {
                "A0": -68.83984063629515,
                "A1": 18.22556277239009
            }
        }
    },
    {
        "episode": 29,
        "current_state": "S0",
        "current_action": "A1",
        "td_delta": -1.2150023588754753,
        "q_table": {
            "S0": {
                "A0": -25.92146576921778,
                "A1": 12.308360548563595
            },
            "S1": {
                "A0": -68.83984063629515,
                "A1": 10.831338949217699
            }
        }
    },
    {
        "episode": 30,
        "current_state": "S1",
        "current_action": "A1",
        "td_delta": 1.077619382818467,
        "q_table": {
            "S0": {
                "A0": -25.92146576921778,
                "A1": 12.258206387219346
            },
            "S1": {
                "A0": -68.83984063629515,
                "A1": 14.033956089802047
            }
        }
    },
    {
        "episode": 31,
        "current_state": "S0",
        "current_action": "A1",
        "td_delta": 1.5597264356346034,
        "q_table": {
            "S0": {
                "A0": -25.92146576921778,
                "A1": 8.960250394305215
            },
            "S1": {
                "A0": -68.83984063629515,
                "A1": 10.020467903478943
            }
        }
    },
    {
        "episode": 32,
        "current_state": "S0",
        "current_action": "A1",
        "td_delta": 0.9136340300080583,
        "q_table": {
            "S0": {
                "A0": -25.92146576921778,
                "A1": 13.372204674116148
            },
            "S1": {
                "A0": -68.83984063629515,
                "A1": 13.632194766762328
            }
        }
    },
    {
        "episode": 33,
        "current_state": "S1",
        "current_action": "A1",
        "td_delta": -12.00918635542857,
        "q_table": {
            "S0": {
                "A0": -25.92146576921778,
                "A1": 25.780824064887913
            },
            "S1": {
                "A0": -68.83984063629515,
                "A1": 21.167939714715672
            }
        }
    },
    {
        "episode": 34,
        "current_state": "S1",
        "current_action": "A1",
        "td_delta": -1.2048254743199749,
        "q_table": {
            "S0": {
                "A0": -25.92146576921778,
                "A1": 17.499306236790062
            },
            "S1": {
                "A0": -68.83984063629515,
                "A1": 20.047155050046467
            }
        }
    },
    {
        "episode": 35,
        "current_state": "S1",
        "current_action": "A1",
        "td_delta": 53.840194023446394,
        "q_table": {
            "S0": {
                "A0": -25.92146576921778,
                "A1": 96.72025949106805
            },
            "S1": {
                "A0": -68.83984063629515,
                "A1": 45.20468336304123
            }
        }
    },
    {
        "episode": 36,
        "current_state": "S0",
        "current_action": "A1",
        "td_delta": 1.6695602495110435,
        "q_table": {
            "S0": {
                "A0": -25.92146576921778,
                "A1": 45.72695076102902
            },
            "S1": {
                "A0": -68.83984063629515,
                "A1": 47.678847766550646
            }
        }
    },
    {
        "episode": 37,
        "current_state": "S0",
        "current_action": "A1",
        "td_delta": -1.5158194182917342,
        "q_table": {
            "S0": {
                "A0": -25.92146576921778,
                "A1": 36.521822844512336
            },
            "S1": {
                "A0": -68.83984063629515,
                "A1": 37.5930641299999
            }
        }
    },
    {
        "episode": 38,
        "current_state": "S0",
        "current_action": "A1",
        "td_delta": -0.9214087086428151,
        "q_table": {
            "S0": {
                "A0": -25.92146576921778,
                "A1": 27.292563290162022
            },
            "S1": {
                "A0": -68.83984063629515,
                "A1": 27.51355222462141
            }
        }
    },
    {
        "episode": 39,
        "current_state": "S1",
        "current_action": "A1",
        "td_delta": 0.3850416446196867,
        "q_table": {
            "S0": {
                "A0": -25.92146576921778,
                "A1": 22.241298361306086
            },
            "S1": {
                "A0": -68.83984063629515,
                "A1": 24.375343850363755
            }
        }
    },
    {
        "episode": 40,
        "current_state": "S1",
        "current_action": "A1",
        "td_delta": -1.8270515851093059,
        "q_table": {
            "S0": {
                "A0": -25.92146576921778,
                "A1": 21.947993779215295
            },
            "S1": {
                "A0": -68.83984063629515,
                "A1": 21.633983213916583
            }
        }
    },
    {
        "episode": 41,
        "current_state": "S1",
        "current_action": "A1",
        "td_delta": -2.024320786298283,
        "q_table": {
            "S0": {
                "A0": -25.92146576921778,
                "A1": 15.637432154844177
            },
            "S1": {
                "A0": -68.83984063629515,
                "A1": 17.82559486757511
            }
        }
    },
    {
        "episode": 42,
        "current_state": "S1",
        "current_action": "A1",
        "td_delta": -0.4048628616917824,
        "q_table": {
            "S0": {
                "A0": -25.92146576921778,
                "A1": 17.905529473048265
            },
            "S1": {
                "A0": -68.83984063629515,
                "A1": 19.8882212700176
            }
        }
    },
    {
        "episode": 43,
        "current_state": "S1",
        "current_action": "A1",
        "td_delta": -6.393095168955217,
        "q_table": {
            "S0": {
                "A0": -25.92146576921778,
                "A1": 23.81636012883351
            },
            "S1": {
                "A0": -68.83984063629515,
                "A1": 24.904703409116568
            }
        }
    },
    {
        "episode": 44,
        "current_state": "S1",
        "current_action": "A1",
        "td_delta": 1.2032510645377705,
        "q_table": {
            "S0": {
                "A0": -25.92146576921778,
                "A1": 18.759711771400717
            },
            "S1": {
                "A0": -68.83984063629515,
                "A1": 18.663116170743667
            }
        }
    },
    {
        "episode": 45,
        "current_state": "S0",
        "current_action": "A1",
        "td_delta": -0.4568538803112503,
        "q_table": {
            "S0": {
                "A0": -25.92146576921778,
                "A1": 10.017061062292436
            },
            "S1": {
                "A0": -68.83984063629515,
                "A1": 12.832494859570211
            }
        }
    },
    {
        "episode": 46,
        "current_state": "S0",
        "current_action": "A1",
        "td_delta": -1.5552848462589424,
        "q_table": {
            "S0": {
                "A0": -25.92146576921778,
                "A1": 18.408955057688495
            },
            "S1": {
                "A0": -68.83984063629515,
                "A1": 18.176277490294144
            }
        }
    },
    {
        "episode": 47,
        "current_state": "S1",
        "current_action": "A1",
        "td_delta": 9.7113497653806,
        "q_table": {
            "S0": {
                "A0": -25.92146576921778,
                "A1": 12.825276873303132
            },
            "S1": {
                "A0": -68.83984063629515,
                "A1": 15.320204007420518
            }
        }
    },
    {
        "episode": 48,
        "current_state": "S0",
        "current_action": "A1",
        "td_delta": -2.044192849023876,
        "q_table": {
            "S0": {
                "A0": -25.92146576921778,
                "A1": 31.399990345278553
            },
            "S1": {
                "A0": -68.83984063629515,
                "A1": 20.923059515154346
            }
        }
    },
    {
        "episode": 49,
        "current_state": "S0",
        "current_action": "A1",
        "td_delta": 0.5074260835794959,
        "q_table": {
            "S0": {
                "A0": -25.92146576921778,
                "A1": 20.92231774179226
            },
            "S1": {
                "A0": -68.83984063629515,
                "A1": 21.898274156595757
            }
        }
    },
    {
        "episode": 50,
        "current_state": "S1",
        "current_action": "A1",
        "td_delta": -0.263746573296725,
        "q_table": {
            "S0": {
                "A0": -25.92146576921778,
                "A1": 26.07506953341875
            },
            "S1": {
                "A0": -68.83984063629515,
                "A1": 26.13780352023093
            }
        }
    },
    {
        "episode": 51,
        "current_state": "S1",
        "current_action": "A1",
        "td_delta": -0.5570549190157408,
        "q_table": {
            "S0": {
                "A0": -25.92146576921778,
                "A1": 20.65159352159403
            },
            "S1": {
                "A0": -68.83984063629515,
                "A1": 21.86216039612995
            }
        }
    },
    {
        "episode": 52,
        "current_state": "S0",
        "current_action": "A1",
        "td_delta": 0.34805399929862446,
        "q_table": {
            "S0": {
                "A0": -25.92146576921778,
                "A1": 18.2101651868296
            },
            "S1": {
                "A0": -68.83984063629515,
                "A1": 18.568394185311554
            }
        }
    },
    {
        "episode": 53,
        "current_state": "S1",
        "current_action": "A1",
        "td_delta": 4.506799606476175,
        "q_table": {
            "S0": {
                "A0": -25.92146576921778,
                "A1": 7.849765910976893
            },
            "S1": {
                "A0": -68.83984063629515,
                "A1": 9.115736527238314
            }
        }
    },
    {
        "episode": 54,
        "current_state": "S1",
        "current_action": "A0",
        "td_delta": 16.20602286033968,
        "q_table": {
            "S0": {
                "A0": -25.92146576921778,
                "A1": -23.90783291396528
            },
            "S1": {
                "A0": -35.50379283615949,
                "A1": -94.63557197368893
            }
        }
    },
    {
        "episode": 55,
        "current_state": "S0",
        "current_action": "A1",
        "td_delta": 3.4252632397804526,
        "q_table": {
            "S0": {
                "A0": -25.92146576921778,
                "A1": -17.622190792988892
            },
            "S1": {
                "A0": -17.81539995832597,
                "A1": -94.63557197368893
            }
        }
    },
    {
        "episode": 56,
        "current_state": "S1",
        "current_action": "A0",
        "td_delta": 1.0294524091397514,
        "q_table": {
            "S0": {
                "A0": -25.92146576921778,
                "A1": -7.677406501849669
            },
            "S1": {
                "A0": -6.656293898311699,
                "A1": -94.63557197368893
            }
        }
    },
    {
        "episode": 57,
        "current_state": "S0",
        "current_action": "A1",
        "td_delta": 11.83495098184148,
        "q_table": {
            "S0": {
                "A0": -25.92146576921778,
                "A1": 3.3609333393539575
            },
            "S1": {
                "A0": 14.438716249135513,
                "A1": -94.63557197368893
            }
        }
    },
    {
        "episode": 58,
        "current_state": "S0",
        "current_action": "A1",
        "td_delta": 5.818960688025779,
        "q_table": {
            "S0": {
                "A0": -25.92146576921778,
                "A1": 26.567134955770324
            },
            "S1": {
                "A0": 26.445878617227436,
                "A1": -94.63557197368893
            }
        }
    },
    {
        "episode": 59,
        "current_state": "S1",
        "current_action": "A0",
        "td_delta": 2.2728435589145377,
        "q_table": {
            "S0": {
                "A0": -25.92146576921778,
                "A1": 19.576931975546874
            },
            "S1": {
                "A0": 21.3140517618318,
                "A1": -94.63557197368893
            }
        }
    },
    {
        "episode": 60,
        "current_state": "S0",
        "current_action": "A1",
        "td_delta": -0.6600928291241281,
        "q_table": {
            "S0": {
                "A0": -25.92146576921778,
                "A1": 13.951211283942476
            },
            "S1": {
                "A0": 13.330044341207527,
                "A1": -94.63557197368893
            }
        }
    },
    {
        "episode": 61,
        "current_state": "S1",
        "current_action": "A0",
        "td_delta": -9.921409005052373,
        "q_table": {
            "S0": {
                "A0": -25.92146576921778,
                "A1": 11.491312242301126
            },
            "S1": {
                "A0": 17.30001289063071,
                "A1": -94.63557197368893
            }
        }
    },
    {
        "episode": 62,
        "current_state": "S0",
        "current_action": "A1",
        "td_delta": -6.792959873580672,
        "q_table": {
            "S0": {
                "A0": -25.92146576921778,
                "A1": 16.807344417540264
            },
            "S1": {
                "A0": 15.285753169500286,
                "A1": -94.63557197368893
            }
        }
    },
    {
        "episode": 63,
        "current_state": "S0",
        "current_action": "A1",
        "td_delta": 5.65294017714762,
        "q_table": {
            "S0": {
                "A0": -25.92146576921778,
                "A1": 13.334138096097323
            },
            "S1": {
                "A0": 11.40078529140091,
                "A1": -94.63557197368893
            }
        }
    },
    {
        "episode": 64,
        "current_state": "S1",
        "current_action": "A0",
        "td_delta": -1.4642716566555922,
        "q_table": {
            "S0": {
                "A0": -25.92146576921778,
                "A1": 12.389061722659982
            },
            "S1": {
                "A0": 11.211683063962418,
                "A1": -94.63557197368893
            }
        }
    },
    {
        "episode": 65,
        "current_state": "S0",
        "current_action": "A1",
        "td_delta": 177.93284173624852,
        "q_table": {
            "S0": {
                "A0": -25.92146576921778,
                "A1": 29.524967384419885
            },
            "S1": {
                "A0": 10.838513863186007,
                "A1": -94.63557197368893
            }
        }
    },
    {
        "episode": 66,
        "current_state": "S1",
        "current_action": "A0",
        "td_delta": -2.072587860583713,
        "q_table": {
            "S0": {
                "A0": -25.92146576921778,
                "A1": 19.30715424027046
            },
            "S1": {
                "A0": 19.49807599708379,
                "A1": -94.63557197368893
            }
        }
    },
    {
        "episode": 67,
        "current_state": "S0",
        "current_action": "A1",
        "td_delta": 0.13642073303843283,
        "q_table": {
            "S0": {
                "A0": -25.92146576921778,
                "A1": 10.931082154710937
            },
            "S1": {
                "A0": 12.21559769826867,
                "A1": -94.63557197368893
            }
        }
    },
    {
        "episode": 68,
        "current_state": "S0",
        "current_action": "A1",
        "td_delta": -39.23205046454291,
        "q_table": {
            "S0": {
                "A0": -25.92146576921778,
                "A1": 7.7712779791422815
            },
            "S1": {
                "A0": 12.479509324731703,
                "A1": -94.63557197368893
            }
        }
    },
    {
        "episode": 69,
        "current_state": "S0",
        "current_action": "A1",
        "td_delta": 1.1475595301667045,
        "q_table": {
            "S0": {
                "A0": -25.92146576921778,
                "A1": 11.450689223295718
            },
            "S1": {
                "A0": 13.736734066373419,
                "A1": -94.63557197368893
            }
        }
    },
    {
        "episode": 70,
        "current_state": "S1",
        "current_action": "A0",
        "td_delta": 0.7923801044936329,
        "q_table": {
            "S0": {
                "A0": -25.92146576921778,
                "A1": 9.047835133049988
            },
            "S1": {
                "A0": 8.275636219609556,
                "A1": -94.63557197368893
            }
        }
    },
    {
        "episode": 71,
        "current_state": "S0",
        "current_action": "A1",
        "td_delta": -2.0941230735957195,
        "q_table": {
            "S0": {
                "A0": -25.92146576921778,
                "A1": 12.365439887840807
            },
            "S1": {
                "A0": 11.59795798202072,
                "A1": -94.63557197368893
            }
        }
    },
    {
        "episode": 72,
        "current_state": "S0",
        "current_action": "A1",
        "td_delta": -4.228783695153027,
        "q_table": {
            "S0": {
                "A0": -25.92146576921778,
                "A1": 71.98768329893026
            },
            "S1": {
                "A0": 14.49019814945471,
                "A1": -94.63557197368893
            }
        }
    },
    {
        "episode": 73,
        "current_state": "S1",
        "current_action": "A0",
        "td_delta": -2.7982312477972187,
        "q_table": {
            "S0": {
                "A0": -25.92146576921778,
                "A1": 29.904226233545376
            },
            "S1": {
                "A0": 29.670983153194282,
                "A1": -94.63557197368893
            }
        }
    },
    {
        "episode": 74,
        "current_state": "S0",
        "current_action": "A1",
        "td_delta": -2.643361093963847,
        "q_table": {
            "S0": {
                "A0": -25.92146576921778,
                "A1": 23.301235987786338
            },
            "S1": {
                "A0": 22.23291757548476,
                "A1": -94.63557197368893
            }
        }
    },
    {
        "episode": 75,
        "current_state": "S1",
        "current_action": "A0",
        "td_delta": -2.0208878481384183,
        "q_table": {
            "S0": {
                "A0": -25.92146576921778,
                "A1": 25.65696709349639
            },
            "S1": {
                "A0": 21.496091560984706,
                "A1": -94.63557197368893
            }
        }
    },
    {
        "episode": 76,
        "current_state": "S0",
        "current_action": "A1",
        "td_delta": 0.18469162859722843,
        "q_table": {
            "S0": {
                "A0": -25.92146576921778,
                "A1": 15.772840046123006
            },
            "S1": {
                "A0": 17.601379955141052,
                "A1": -94.63557197368893
            }
        }
    },
    {
        "episode": 77,
        "current_state": "S1",
        "current_action": "A0",
        "td_delta": 2.6610548775293488,
        "q_table": {
            "S0": {
                "A0": -25.92146576921778,
                "A1": 17.008518763185695
            },
            "S1": {
                "A0": 17.152545337155125,
                "A1": -94.63557197368893
            }
        }
    },
    {
        "episode": 78,
        "current_state": "S1",
        "current_action": "A0",
        "td_delta": 3.3393125274000077,
        "q_table": {
            "S0": {
                "A0": -25.92146576921778,
                "A1": 12.369628891672713
            },
            "S1": {
                "A0": 9.273931486016632,
                "A1": -94.63557197368893
            }
        }
    },
    {
        "episode": 79,
        "current_state": "S0",
        "current_action": "A1",
        "td_delta": -2.2494018891941243,
        "q_table": {
            "S0": {
                "A0": -25.92146576921778,
                "A1": -5.62383188905973
            },
            "S1": {
                "A0": -10.04220336165207,
                "A1": -94.63557197368893
            }
        }
    },
    {
        "episode": 80,
        "current_state": "S1",
        "current_action": "A0",
        "td_delta": 2.8925549288311014,
        "q_table": {
            "S0": {
                "A0": -25.92146576921778,
                "A1": -12.932462582832526
            },
            "S1": {
                "A0": -12.902965614103024,
                "A1": -94.63557197368893
            }
        }
    },
    {
        "episode": 81,
        "current_state": "S1",
        "current_action": "A0",
        "td_delta": -1.1134919452534895,
        "q_table": {
            "S0": {
                "A0": -25.92146576921778,
                "A1": 2.998901216254279
            },
            "S1": {
                "A0": 3.276893786169078,
                "A1": -94.63557197368893
            }
        }
    },
    {
        "episode": 82,
        "current_state": "S0",
        "current_action": "A1",
        "td_delta": 0.1711729803677784,
        "q_table": {
            "S0": {
                "A0": -25.92146576921778,
                "A1": 3.7660085245600974
            },
            "S1": {
                "A0": 2.6588324318017182,
                "A1": -94.63557197368893
            }
        }
    },
    {
        "episode": 83,
        "current_state": "S1",
        "current_action": "A0",
        "td_delta": -4.758781164828603,
        "q_table": {
            "S0": {
                "A0": -25.92146576921778,
                "A1": 6.439431563064999
            },
            "S1": {
                "A0": 6.1787158660030945,
                "A1": -94.63557197368893
            }
        }
    },
    {
        "episode": 84,
        "current_state": "S0",
        "current_action": "A1",
        "td_delta": -7.55173989285925,
        "q_table": {
            "S0": {
                "A0": -25.92146576921778,
                "A1": 6.7115050895639845
            },
            "S1": {
                "A0": -1.1250161107947045,
                "A1": -94.63557197368893
            }
        }
    },
    {
        "episode": 85,
        "current_state": "S1",
        "current_action": "A0",
        "td_delta": 2.8124213873986843,
        "q_table": {
            "S0": {
                "A0": -25.92146576921778,
                "A1": 6.745421475717136
            },
            "S1": {
                "A0": 2.0707726068748453,
                "A1": -94.63557197368893
            }
        }
    },
    {
        "episode": 86,
        "current_state": "S1",
        "current_action": "A0",
        "td_delta": -2.995192007588405,
        "q_table": {
            "S0": {
                "A0": -25.92146576921778,
                "A1": 8.81190452086535
            },
            "S1": {
                "A0": 8.920877830079169,
                "A1": -94.63557197368893
            }
        }
    },
    {
        "episode": 87,
        "current_state": "S0",
        "current_action": "A1",
        "td_delta": 0.9624296078523873,
        "q_table": {
            "S0": {
                "A0": -25.92146576921778,
                "A1": 8.069883079468902
            },
            "S1": {
                "A0": 10.147707460435461,
                "A1": -94.63557197368893
            }
        }
    },
    {
        "episode": 88,
        "current_state": "S0",
        "current_action": "A0",
        "td_delta": -0.545425199111655,
        "q_table": {
            "S0": {
                "A0": -2.619183283799683,
                "A1": -26.766239100256996
            },
            "S1": {
                "A0": -5.709250785627935,
                "A1": -94.63557197368893
            }
        }
    },
    {
        "episode": 89,
        "current_state": "S0",
        "current_action": "A0",
        "td_delta": 0.7348410609951337,
        "q_table": {
            "S0": {
                "A0": 2.8891623779112057,
                "A1": -26.766239100256996
            },
            "S1": {
                "A0": 1.549249232327099,
                "A1": -94.63557197368893
            }
        }
    },
    {
        "episode": 90,
        "current_state": "S0",
        "current_action": "A0",
        "td_delta": 9.960420947667735,
        "q_table": {
            "S0": {
                "A0": 4.761540269708114,
                "A1": -26.766239100256996
            },
            "S1": {
                "A0": 13.259300381206844,
                "A1": -94.63557197368893
            }
        }
    },
    {
        "episode": 91,
        "current_state": "S1",
        "current_action": "A0",
        "td_delta": -0.10404276780988297,
        "q_table": {
            "S0": {
                "A0": 33.40841049963598,
                "A1": -26.766239100256996
            },
            "S1": {
                "A0": 19.13772535345941,
                "A1": -94.63557197368893
            }
        }
    },
    {
        "episode": 92,
        "current_state": "S1",
        "current_action": "A0",
        "td_delta": -18.8218545652459,
        "q_table": {
            "S0": {
                "A0": 207.29688566250314,
                "A1": -26.766239100256996
            },
            "S1": {
                "A0": 171.34955525201966,
                "A1": -94.63557197368893
            }
        }
    },
    {
        "episode": 93,
        "current_state": "S0",
        "current_action": "A0",
        "td_delta": -15.08316798099051,
        "q_table": {
            "S0": {
                "A0": 119.93019628682133,
                "A1": -26.766239100256996
            },
            "S1": {
                "A0": 122.78654112632462,
                "A1": -94.63557197368893
            }
        }
    },
    {
        "episode": 94,
        "current_state": "S1",
        "current_action": "A0",
        "td_delta": -17.348238744765624,
        "q_table": {
            "S0": {
                "A0": 78.29598281459658,
                "A1": -26.766239100256996
            },
            "S1": {
                "A0": 77.3820327350869,
                "A1": -94.63557197368893
            }
        }
    },
    {
        "episode": 95,
        "current_state": "S1",
        "current_action": "A0",
        "td_delta": -5.8758165130728415,
        "q_table": {
            "S0": {
                "A0": 52.347164796932454,
                "A1": -26.766239100256996
            },
            "S1": {
                "A0": 53.96972458809593,
                "A1": -94.63557197368893
            }
        }
    },
    {
        "episode": 96,
        "current_state": "S1",
        "current_action": "A0",
        "td_delta": -2.165382341705545,
        "q_table": {
            "S0": {
                "A0": 34.55505258739628,
                "A1": -26.766239100256996
            },
            "S1": {
                "A0": 30.70870936740931,
                "A1": -94.63557197368893
            }
        }
    },
    {
        "episode": 97,
        "current_state": "S0",
        "current_action": "A0",
        "td_delta": -9.155122085349262,
        "q_table": {
            "S0": {
                "A0": 45.78091761992151,
                "A1": -26.766239100256996
            },
            "S1": {
                "A0": 39.52940597228422,
                "A1": -94.63557197368893
            }
        }
    },
    {
        "episode": 98,
        "current_state": "S1",
        "current_action": "A0",
        "td_delta": -1.6368845276101318,
        "q_table": {
            "S0": {
                "A0": 33.15098513615677,
                "A1": -26.766239100256996
            },
            "S1": {
                "A0": 32.50602884072997,
                "A1": -94.63557197368893
            }
        }
    },
    {
        "episode": 99,
        "current_state": "S0",
        "current_action": "A0",
        "td_delta": -3.1598599840264114,
        "q_table": {
            "S0": {
                "A0": 25.869803576392332,
                "A1": -26.766239100256996
            },
            "S1": {
                "A0": 25.860780135755324,
                "A1": -94.63557197368893
            }
        }
    },
    {
        "episode": 100,
        "current_state": "S0",
        "current_action": "A0",
        "td_delta": 1.0397150955163283,
        "q_table": {
            "S0": {
                "A0": 17.499098784419814,
                "A1": -26.766239100256996
            },
            "S1": {
                "A0": 17.861612380286058,
                "A1": -94.63557197368893
            }
        }
    },
    {
        "episode": 101,
        "current_state": "S0",
        "current_action": "A0",
        "td_delta": 1.3945418720502367,
        "q_table": {
            "S0": {
                "A0": 12.90869484290078,
                "A1": -26.766239100256996
            },
            "S1": {
                "A0": 14.658857932880757,
                "A1": -94.63557197368893
            }
        }
    },
    {
        "episode": 102,
        "current_state": "S1",
        "current_action": "A0",
        "td_delta": -4.489451017242253,
        "q_table": {
            "S0": {
                "A0": 31.078297483258222,
                "A1": -26.766239100256996
            },
            "S1": {
                "A0": 30.986556935611976,
                "A1": -94.63557197368893
            }
        }
    },
    {
        "episode": 103,
        "current_state": "S0",
        "current_action": "A0",
        "td_delta": 3.662568444703446,
        "q_table": {
            "S0": {
                "A0": 23.546378668325698,
                "A1": -26.766239100256996
            },
            "S1": {
                "A0": 26.88150514643766,
                "A1": -94.63557197368893
            }
        }
    },
    {
        "episode": 104,
        "current_state": "S1",
        "current_action": "A0",
        "td_delta": -9.181138237519646,
        "q_table": {
            "S0": {
                "A0": 2.1587768455451597,
                "A1": -26.766239100256996
            },
            "S1": {
                "A0": 10.971658389561744,
                "A1": -94.63557197368893
            }
        }
    },
    {
        "episode": 105,
        "current_state": "S1",
        "current_action": "A0",
        "td_delta": 1.7841870561693036,
        "q_table": {
            "S0": {
                "A0": -0.13014552243555458,
                "A1": -26.766239100256996
            },
            "S1": {
                "A0": -0.6096923915354721,
                "A1": -94.63557197368893
            }
        }
    },
    {
        "episode": 106,
        "current_state": "S1",
        "current_action": "A0",
        "td_delta": 0.8436271059167195,
        "q_table": {
            "S0": {
                "A0": 8.360974406101793,
                "A1": -26.766239100256996
            },
            "S1": {
                "A0": 5.9088863822300475,
                "A1": -94.63557197368893
            }
        }
    },
    {
        "episode": 107,
        "current_state": "S0",
        "current_action": "A0",
        "td_delta": 2.805754494282894,
        "q_table": {
            "S0": {
                "A0": 45.29070500566404,
                "A1": -26.766239100256996
            },
            "S1": {
                "A0": 49.88018181770303,
                "A1": -94.63557197368893
            }
        }
    },
    {
        "episode": 108,
        "current_state": "S0",
        "current_action": "A0",
        "td_delta": -6.081957241089505,
        "q_table": {
            "S0": {
                "A0": 34.456438058457856,
                "A1": -26.766239100256996
            },
            "S1": {
                "A0": 33.75382151199467,
                "A1": -94.63557197368893
            }
        }
    },
    {
        "episode": 109,
        "current_state": "S1",
        "current_action": "A0",
        "td_delta": -1.6661513192000612,
        "q_table": {
            "S0": {
                "A0": 28.206828878771418,
                "A1": -26.766239100256996
            },
            "S1": {
                "A0": 27.00147737744112,
                "A1": -94.63557197368893
            }
        }
    },
    {
        "episode": 110,
        "current_state": "S1",
        "current_action": "A0",
        "td_delta": -0.6122433427392817,
        "q_table": {
            "S0": {
                "A0": 12.75039247503642,
                "A1": -26.766239100256996
            },
            "S1": {
                "A0": 11.090096416428082,
                "A1": -94.63557197368893
            }
        }
    },
    {
        "episode": 111,
        "current_state": "S1",
        "current_action": "A0",
        "td_delta": 1.4887609404048359,
        "q_table": {
            "S0": {
                "A0": 12.923849436447254,
                "A1": -26.766239100256996
            },
            "S1": {
                "A0": 9.311917648767317,
                "A1": -94.63557197368893
            }
        }
    },
    {
        "episode": 112,
        "current_state": "S0",
        "current_action": "A0",
        "td_delta": -2.2976894891263697,
        "q_table": {
            "S0": {
                "A0": 24.404686557555223,
                "A1": -26.766239100256996
            },
            "S1": {
                "A0": 33.21698943924062,
                "A1": -94.63557197368893
            }
        }
    },
    {
        "episode": 113,
        "current_state": "S0",
        "current_action": "A0",
        "td_delta": -1.522370738784911,
        "q_table": {
            "S0": {
                "A0": 28.86068088899928,
                "A1": -26.766239100256996
            },
            "S1": {
                "A0": 28.502208926321323,
                "A1": -94.63557197368893
            }
        }
    },
    {
        "episode": 114,
        "current_state": "S0",
        "current_action": "A0",
        "td_delta": -0.5730835030712704,
        "q_table": {
            "S0": {
                "A0": 19.946586612090293,
                "A1": -26.766239100256996
            },
            "S1": {
                "A0": 19.270703539125552,
                "A1": -94.63557197368893
            }
        }
    },
    {
        "episode": 115,
        "current_state": "S0",
        "current_action": "A0",
        "td_delta": 0.6081183015731568,
        "q_table": {
            "S0": {
                "A0": 16.23856235232297,
                "A1": -26.766239100256996
            },
            "S1": {
                "A0": 15.854927357831741,
                "A1": -94.63557197368893
            }
        }
    },
    {
        "episode": 116,
        "current_state": "S1",
        "current_action": "A0",
        "td_delta": -1.1600882814240059,
        "q_table": {
            "S0": {
                "A0": 14.810282896791316,
                "A1": -26.766239100256996
            },
            "S1": {
                "A0": 13.139159624551453,
                "A1": -94.63557197368893
            }
        }
    },
    {
        "episode": 117,
        "current_state": "S0",
        "current_action": "A0",
        "td_delta": -0.6224908850419748,
        "q_table": {
            "S0": {
                "A0": 13.842824001681823,
                "A1": -26.766239100256996
            },
            "S1": {
                "A0": 14.113830089994476,
                "A1": -94.63557197368893
            }
        }
    },
    {
        "episode": 118,
        "current_state": "S0",
        "current_action": "A0",
        "td_delta": -1.225639960693739,
        "q_table": {
            "S0": {
                "A0": 15.372314149947632,
                "A1": -26.766239100256996
            },
            "S1": {
                "A0": 14.139053658351607,
                "A1": -94.63557197368893
            }
        }
    },
    {
        "episode": 119,
        "current_state": "S1",
        "current_action": "A0",
        "td_delta": 0.873838620889341,
        "q_table": {
            "S0": {
                "A0": 19.74015936125587,
                "A1": -26.766239100256996
            },
            "S1": {
                "A0": 19.38293520925622,
                "A1": -94.63557197368893
            }
        }
    },
    {
        "episode": 120,
        "current_state": "S0",
        "current_action": "A0",
        "td_delta": -0.08093399512980337,
        "q_table": {
            "S0": {
                "A0": 5.319507979860992,
                "A1": -26.766239100256996
            },
            "S1": {
                "A0": 1.3924822825195111,
                "A1": -94.63557197368893
            }
        }
    },
    {
        "episode": 121,
        "current_state": "S1",
        "current_action": "A0",
        "td_delta": 5.204884680419175,
        "q_table": {
            "S0": {
                "A0": 10.457822206561506,
                "A1": -26.766239100256996
            },
            "S1": {
                "A0": 11.660543251652292,
                "A1": -94.63557197368893
            }
        }
    },
    {
        "episode": 122,
        "current_state": "S0",
        "current_action": "A0",
        "td_delta": -1.7375576081879025,
        "q_table": {
            "S0": {
                "A0": 14.711940463223362,
                "A1": -26.766239100256996
            },
            "S1": {
                "A0": 14.528584072654688,
                "A1": -94.63557197368893
            }
        }
    },
    {
        "episode": 123,
        "current_state": "S0",
        "current_action": "A0",
        "td_delta": -0.6248718280352037,
        "q_table": {
            "S0": {
                "A0": 16.920345922252558,
                "A1": -26.766239100256996
            },
            "S1": {
                "A0": 15.935796443473361,
                "A1": -94.63557197368893
            }
        }
    },
    {
        "episode": 124,
        "current_state": "S0",
        "current_action": "A0",
        "td_delta": 1.620138399057403,
        "q_table": {
            "S0": {
                "A0": 13.98783319141058,
                "A1": -26.766239100256996
            },
            "S1": {
                "A0": 14.17490520520988,
                "A1": -94.63557197368893
            }
        }
    },
    {
        "episode": 125,
        "current_state": "S1",
        "current_action": "A0",
        "td_delta": -3.9356583714944904,
        "q_table": {
            "S0": {
                "A0": 17.03895738225485,
                "A1": -26.766239100256996
            },
            "S1": {
                "A0": 16.293219071949405,
                "A1": -94.63557197368893
            }
        }
    },
    {
        "episode": 126,
        "current_state": "S1",
        "current_action": "A0",
        "td_delta": 1.864040149789154,
        "q_table": {
            "S0": {
                "A0": 4.484317454811703,
                "A1": -26.766239100256996
            },
            "S1": {
                "A0": 3.81481351612473,
                "A1": -94.63557197368893
            }
        }
    },
    {
        "episode": 127,
        "current_state": "S1",
        "current_action": "A0",
        "td_delta": 3.2364799520565715,
        "q_table": {
            "S0": {
                "A0": -4.547342082010677,
                "A1": -26.766239100256996
            },
            "S1": {
                "A0": -6.161827320042902,
                "A1": -94.63557197368893
            }
        }
    },
    {
        "episode": 128,
        "current_state": "S1",
        "current_action": "A0",
        "td_delta": 2.569273112452455,
        "q_table": {
            "S0": {
                "A0": -1.7581884915202055,
                "A1": -26.766239100256996
            },
            "S1": {
                "A0": -3.4469560062558573,
                "A1": -94.63557197368893
            }
        }
    },
    {
        "episode": 129,
        "current_state": "S1",
        "current_action": "A0",
        "td_delta": 3.0279467807576967,
        "q_table": {
            "S0": {
                "A0": -63.51210908876143,
                "A1": -8.21802615976468
            },
            "S1": {
                "A0": -8.859997021507251,
                "A1": -94.63557197368893
            }
        }
    },
    {
        "episode": 130,
        "current_state": "S1",
        "current_action": "A0",
        "td_delta": 1.2101611688549698,
        "q_table": {
            "S0": {
                "A0": -63.51210908876143,
                "A1": 2.070995673273883
            },
            "S1": {
                "A0": 3.4758553107692385,
                "A1": -94.63557197368893
            }
        }
    },
    {
        "episode": 131,
        "current_state": "S0",
        "current_action": "A1",
        "td_delta": -6.018234364242153,
        "q_table": {
            "S0": {
                "A0": -63.51210908876143,
                "A1": 7.781032948172623
            },
            "S1": {
                "A0": 9.418489211935004,
                "A1": -94.63557197368893
            }
        }
    },
    {
        "episode": 132,
        "current_state": "S0",
        "current_action": "A1",
        "td_delta": -2.1363908529954694,
        "q_table": {
            "S0": {
                "A0": -63.51210908876143,
                "A1": 1.5080046216599192
            },
            "S1": {
                "A0": -7.143773045593082,
                "A1": -94.63557197368893
            }
        }
    },
    {
        "episode": 133,
        "current_state": "S0",
        "current_action": "A1",
        "td_delta": -31.143743270447494,
        "q_table": {
            "S0": {
                "A0": -63.51210908876143,
                "A1": 24.19587962701172
            },
            "S1": {
                "A0": -5.616950224855409,
                "A1": -94.63557197368893
            }
        }
    },
    {
        "episode": 134,
        "current_state": "S1",
        "current_action": "A0",
        "td_delta": 0.0329143383070285,
        "q_table": {
            "S0": {
                "A0": -63.51210908876143,
                "A1": 10.745458424637835
            },
            "S1": {
                "A0": 10.121063846965637,
                "A1": -94.63557197368893
            }
        }
    },
    {
        "episode": 135,
        "current_state": "S0",
        "current_action": "A1",
        "td_delta": 0.8003559783598888,
        "q_table": {
            "S0": {
                "A0": -63.51210908876143,
                "A1": 13.622790027412881
            },
            "S1": {
                "A0": 10.420747970844314,
                "A1": -94.63557197368893
            }
        }
    },
    {
        "episode": 136,
        "current_state": "S0",
        "current_action": "A1",
        "td_delta": 0.3204141406802581,
        "q_table": {
            "S0": {
                "A0": -63.51210908876143,
                "A1": 12.594741369329377
            },
            "S1": {
                "A0": 11.887551615049636,
                "A1": -94.63557197368893
            }
        }
    },
    {
        "episode": 137,
        "current_state": "S1",
        "current_action": "A0",
        "td_delta": -2.3809273695223547,
        "q_table": {
            "S0": {
                "A0": -63.51210908876143,
                "A1": 9.718663500055223
            },
            "S1": {
                "A0": 9.742045152164248,
                "A1": -94.63557197368893
            }
        }
    },
    {
        "episode": 138,
        "current_state": "S1",
        "current_action": "A0",
        "td_delta": 1.5773434906062214,
        "q_table": {
            "S0": {
                "A0": -63.51210908876143,
                "A1": 12.028890372014047
            },
            "S1": {
                "A0": 11.776144004490869,
                "A1": -94.63557197368893
            }
        }
    },
    {
        "episode": 139,
        "current_state": "S0",
        "current_action": "A1",
        "td_delta": -4.528706446186558,
        "q_table": {
            "S0": {
                "A0": -63.51210908876143,
                "A1": 27.488480569567887
            },
            "S1": {
                "A0": 25.743156318711453,
                "A1": -94.63557197368893
            }
        }
    },
    {
        "episode": 140,
        "current_state": "S1",
        "current_action": "A0",
        "td_delta": -1.6076140312091098,
        "q_table": {
            "S0": {
                "A0": -63.51210908876143,
                "A1": 34.29902335436897
            },
            "S1": {
                "A0": 33.62692367101622,
                "A1": -94.63557197368893
            }
        }
    },
    {
        "episode": 141,
        "current_state": "S1",
        "current_action": "A0",
        "td_delta": -2.0970275423953275,
        "q_table": {
            "S0": {
                "A0": -63.51210908876143,
                "A1": 24.7786816239929
            },
            "S1": {
                "A0": 24.74887399556052,
                "A1": -94.63557197368893
            }
        }
    },
    {
        "episode": 142,
        "current_state": "S0",
        "current_action": "A1",
        "td_delta": -0.47378949530494907,
        "q_table": {
            "S0": {
                "A0": -63.51210908876143,
                "A1": 20.48832453968885
            },
            "S1": {
                "A0": 19.86098043986508,
                "A1": -94.63557197368893
            }
        }
    },
    {
        "episode": 143,
        "current_state": "S1",
        "current_action": "A0",
        "td_delta": -1.6897387072085177,
        "q_table": {
            "S0": {
                "A0": -63.51210908876143,
                "A1": 10.116692228606
            },
            "S1": {
                "A0": 11.193926185333964,
                "A1": -94.63557197368893
            }
        }
    },
    {
        "episode": 144,
        "current_state": "S0",
        "current_action": "A1",
        "td_delta": 2.8042937537052044,
        "q_table": {
            "S0": {
                "A0": -63.51210908876143,
                "A1": 7.899819215536782
            },
            "S1": {
                "A0": 9.563528004541553,
                "A1": -94.63557197368893
            }
        }
    },
    {
        "episode": 145,
        "current_state": "S1",
        "current_action": "A0",
        "td_delta": -4.4861998173192115,
        "q_table": {
            "S0": {
                "A0": -63.51210908876143,
                "A1": 5.042853339624872
            },
            "S1": {
                "A0": 8.785142854128429,
                "A1": -94.63557197368893
            }
        }
    },
    {
        "episode": 146,
        "current_state": "S0",
        "current_action": "A1",
        "td_delta": 3.5625709715957945,
        "q_table": {
            "S0": {
                "A0": -63.51210908876143,
                "A1": 2.6152061028975253
            },
            "S1": {
                "A0": 3.3564377745785103,
                "A1": -94.63557197368893
            }
        }
    },
    {
        "episode": 147,
        "current_state": "S1",
        "current_action": "A0",
        "td_delta": 0.06084925872430258,
        "q_table": {
            "S0": {
                "A0": -63.51210908876143,
                "A1": 5.980267270223903
            },
            "S1": {
                "A0": 7.426663168742378,
                "A1": -94.63557197368893
            }
        }
    },
    {
        "episode": 148,
        "current_state": "S1",
        "current_action": "A0",
        "td_delta": 0.09491545383764155,
        "q_table": {
            "S0": {
                "A0": -63.51210908876143,
                "A1": 9.496939474112004
            },
            "S1": {
                "A0": 9.922678994327573,
                "A1": -94.63557197368893
            }
        }
    },
    {
        "episode": 149,
        "current_state": "S1",
        "current_action": "A0",
        "td_delta": -3.4227868630044576,
        "q_table": {
            "S0": {
                "A0": -63.51210908876143,
                "A1": 21.56525179221029
            },
            "S1": {
                "A0": 20.83968949232391,
                "A1": -94.63557197368893
            }
        }
    },
    {
        "episode": 150,
        "current_state": "S1",
        "current_action": "A0",
        "td_delta": 12.976135421394122,
        "q_table": {
            "S0": {
                "A0": -63.51210908876143,
                "A1": 13.31209761604248
            },
            "S1": {
                "A0": 5.5521031428365255,
                "A1": -94.63557197368893
            }
        }
    },
    {
        "episode": 151,
        "current_state": "S1",
        "current_action": "A0",
        "td_delta": -0.5771771971470034,
        "q_table": {
            "S0": {
                "A0": -63.51210908876143,
                "A1": 8.581431863965856
            },
            "S1": {
                "A0": 10.307197755504832,
                "A1": -94.63557197368893
            }
        }
    },
    {
        "episode": 152,
        "current_state": "S0",
        "current_action": "A1",
        "td_delta": 2.9239169628809876,
        "q_table": {
            "S0": {
                "A0": -63.51210908876143,
                "A1": 5.230937968304242
            },
            "S1": {
                "A0": 8.488478329055113,
                "A1": -94.63557197368893
            }
        }
    },
    {
        "episode": 153,
        "current_state": "S0",
        "current_action": "A1",
        "td_delta": -7.28169103524815,
        "q_table": {
            "S0": {
                "A0": -63.51210908876143,
                "A1": 3.703279105295577
            },
            "S1": {
                "A0": -3.794468744718124,
                "A1": -94.63557197368893
            }
        }
    },
    {
        "episode": 154,
        "current_state": "S1",
        "current_action": "A0",
        "td_delta": 1.5435803969005475,
        "q_table": {
            "S0": {
                "A0": -63.51210908876143,
                "A1": -0.6445062745531389
            },
            "S1": {
                "A0": 0.4217558057463118,
                "A1": -94.63557197368893
            }
        }
    },
    {
        "episode": 155,
        "current_state": "S0",
        "current_action": "A1",
        "td_delta": 1.6835062999247565,
        "q_table": {
            "S0": {
                "A0": -63.51210908876143,
                "A1": 0.2457154941775217
            },
            "S1": {
                "A0": -1.9552348262965467,
                "A1": -94.63557197368893
            }
        }
    },
    {
        "episode": 156,
        "current_state": "S0",
        "current_action": "A1",
        "td_delta": 2.371557815372355,
        "q_table": {
            "S0": {
                "A0": -63.51210908876143,
                "A1": -2.316869792416169
            },
            "S1": {
                "A0": 5.084269107016902,
                "A1": -94.63557197368893
            }
        }
    },
    {
        "episode": 157,
        "current_state": "S0",
        "current_action": "A1",
        "td_delta": 0.8624026537429206,
        "q_table": {
            "S0": {
                "A0": -63.51210908876143,
                "A1": 13.50134487096443
            },
            "S1": {
                "A0": 12.0906538097839,
                "A1": -94.63557197368893
            }
        }
    },
    {
        "episode": 158,
        "current_state": "S0",
        "current_action": "A1",
        "td_delta": 3.290397440895843,
        "q_table": {
            "S0": {
                "A0": -63.51210908876143,
                "A1": 11.166792292926182
            },
            "S1": {
                "A0": 10.852252411672408,
                "A1": -94.63557197368893
            }
        }
    },
    {
        "episode": 159,
        "current_state": "S0",
        "current_action": "A1",
        "td_delta": 0.9181317351471581,
        "q_table": {
            "S0": {
                "A0": -63.51210908876143,
                "A1": 8.836913755863764
            },
            "S1": {
                "A0": 10.36392383626526,
                "A1": -94.63557197368893
            }
        }
    },
    {
        "episode": 160,
        "current_state": "S0",
        "current_action": "A1",
        "td_delta": -1.1808151875549253,
        "q_table": {
            "S0": {
                "A0": -63.51210908876143,
                "A1": 9.562071118047319
            },
            "S1": {
                "A0": 9.498653877482528,
                "A1": -94.63557197368893
            }
        }
    },
    {
        "episode": 161,
        "current_state": "S1",
        "current_action": "A0",
        "td_delta": -3.552831604784716,
        "q_table": {
            "S0": {
                "A0": -63.51210908876143,
                "A1": 5.790351634888206
            },
            "S1": {
                "A0": 9.102529718128768,
                "A1": -94.63557197368893
            }
        }
    },
    {
        "episode": 162,
        "current_state": "S1",
        "current_action": "A0",
        "td_delta": 0.02531342629941946,
        "q_table": {
            "S0": {
                "A0": -63.51210908876143,
                "A1": -16.69994759859997
            },
            "S1": {
                "A0": -13.01824996154872,
                "A1": -94.63557197368893
            }
        }
    },
    {
        "episode": 163,
        "current_state": "S1",
        "current_action": "A0",
        "td_delta": 7.177061859482468,
        "q_table": {
            "S0": {
                "A0": -63.51210908876143,
                "A1": -4.6757804006723
            },
            "S1": {
                "A0": -3.400379356943999,
                "A1": -94.63557197368893
            }
        }
    },
    {
        "episode": 164,
        "current_state": "S1",
        "current_action": "A0",
        "td_delta": -2.6250347479951848,
        "q_table": {
            "S0": {
                "A0": -63.51210908876143,
                "A1": 4.770380340288528
            },
            "S1": {
                "A0": 1.6109804947748994,
                "A1": -94.63557197368893
            }
        }
    },
    {
        "episode": 165,
        "current_state": "S0",
        "current_action": "A1",
        "td_delta": 1.9005326877809152,
        "q_table": {
            "S0": {
                "A0": -63.51210908876143,
                "A1": 1.17805758099364
            },
            "S1": {
                "A0": 0.5576490114819996,
                "A1": -94.63557197368893
            }
        }
    },
    {
        "episode": 166,
        "current_state": "S0",
        "current_action": "A1",
        "td_delta": 0.14546075878703402,
        "q_table": {
            "S0": {
                "A0": -63.51210908876143,
                "A1": 4.930340510837014
            },
            "S1": {
                "A0": 6.008567272725093,
                "A1": -94.63557197368893
            }
        }
    },
    {
        "episode": 167,
        "current_state": "S0",
        "current_action": "A1",
        "td_delta": 1.1471819903262253,
        "q_table": {
            "S0": {
                "A0": -63.51210908876143,
                "A1": 6.9777216543449825
            },
            "S1": {
                "A0": 7.515695964606255,
                "A1": -94.63557197368893
            }
        }
    },
    {
        "episode": 168,
        "current_state": "S0",
        "current_action": "A1",
        "td_delta": 1.244484146346183,
        "q_table": {
            "S0": {
                "A0": -63.51210908876143,
                "A1": 5.85630617636813
            },
            "S1": {
                "A0": 5.958278468560988,
                "A1": -94.63557197368893
            }
        }
    },
    {
        "episode": 169,
        "current_state": "S1",
        "current_action": "A0",
        "td_delta": -1.7934228477780003,
        "q_table": {
            "S0": {
                "A0": -63.51210908876143,
                "A1": 13.286858633963275
            },
            "S1": {
                "A0": 15.994967043158272,
                "A1": -94.63557197368893
            }
        }
    },
    {
        "episode": 170,
        "current_state": "S1",
        "current_action": "A0",
        "td_delta": -0.7667253430562688,
        "q_table": {
            "S0": {
                "A0": -63.51210908876143,
                "A1": 11.452585161609502
            },
            "S1": {
                "A0": 12.981732673281147,
                "A1": -94.63557197368893
            }
        }
    },
    {
        "episode": 171,
        "current_state": "S0",
        "current_action": "A1",
        "td_delta": 0.1466792522396414,
        "q_table": {
            "S0": {
                "A0": -63.51210908876143,
                "A1": 9.439188748784225
            },
            "S1": {
                "A0": 8.341661775265095,
                "A1": -94.63557197368893
            }
        }
    },
    {
        "episode": 172,
        "current_state": "S0",
        "current_action": "A1",
        "td_delta": -0.7586991545058801,
        "q_table": {
            "S0": {
                "A0": -63.51210908876143,
                "A1": 17.182460312145288
            },
            "S1": {
                "A0": 15.82836170442621,
                "A1": -94.63557197368893
            }
        }
    },
    {
        "episode": 173,
        "current_state": "S0",
        "current_action": "A1",
        "td_delta": -5.612004718701284,
        "q_table": {
            "S0": {
                "A0": -63.51210908876143,
                "A1": 12.872470274599467
            },
            "S1": {
                "A0": 13.473506376260039,
                "A1": -94.63557197368893
            }
        }
    },
    {
        "episode": 174,
        "current_state": "S0",
        "current_action": "A1",
        "td_delta": -5.791177317898467,
        "q_table": {
            "S0": {
                "A0": -63.51210908876143,
                "A1": 8.757721719249428
            },
            "S1": {
                "A0": 12.278458760823161,
                "A1": -94.63557197368893
            }
        }
    },
    {
        "episode": 175,
        "current_state": "S1",
        "current_action": "A0",
        "td_delta": -1.3995881739600549,
        "q_table": {
            "S0": {
                "A0": -63.51210908876143,
                "A1": -30.01409070872105
            },
            "S1": {
                "A0": -24.209326533864164,
                "A1": -94.63557197368893
            }
        }
    },
    {
        "episode": 176,
        "current_state": "S0",
        "current_action": "A1",
        "td_delta": 1.707254197147705,
        "q_table": {
            "S0": {
                "A0": -63.51210908876143,
                "A1": -10.837256910110476
            },
            "S1": {
                "A0": -11.703928818624382,
                "A1": -94.63557197368893
            }
        }
    },
    {
        "episode": 177,
        "current_state": "S0",
        "current_action": "A0",
        "td_delta": 7.1023966605061695,
        "q_table": {
            "S0": {
                "A0": -29.232027329303236,
                "A1": -98.62926652587021
            },
            "S1": {
                "A0": -27.30129769599321,
                "A1": -94.63557197368893
            }
        }
    },
    {
        "episode": 178,
        "current_state": "S1",
        "current_action": "A0",
        "td_delta": 2.6185602563145256,
        "q_table": {
            "S0": {
                "A0": -11.378677972908307,
                "A1": -98.62926652587021
            },
            "S1": {
                "A0": -11.867743909688174,
                "A1": -94.63557197368893
            }
        }
    },
    {
        "episode": 179,
        "current_state": "S0",
        "current_action": "A0",
        "td_delta": 3.1864596458785206,
        "q_table": {
            "S0": {
                "A0": -5.217323388354337,
                "A1": -98.62926652587021
            },
            "S1": {
                "A0": -7.963808808031676,
                "A1": -94.63557197368893
            }
        }
    },
    {
        "episode": 180,
        "current_state": "S0",
        "current_action": "A0",
        "td_delta": -3.956816615339805,
        "q_table": {
            "S0": {
                "A0": 0.3861984969371305,
                "A1": -98.62926652587021
            },
            "S1": {
                "A0": -1.3253941943225758,
                "A1": -94.63557197368893
            }
        }
    },
    {
        "episode": 181,
        "current_state": "S0",
        "current_action": "A0",
        "td_delta": -22.802523505609088,
        "q_table": {
            "S0": {
                "A0": 1.2084065686363572,
                "A1": -98.62926652587021
            },
            "S1": {
                "A0": 3.02621392086725,
                "A1": -94.63557197368893
            }
        }
    },
    {
        "episode": 182,
        "current_state": "S1",
        "current_action": "A0",
        "td_delta": 3.081377096804257,
        "q_table": {
            "S0": {
                "A0": 2.2789280657101045,
                "A1": -98.62926652587021
            },
            "S1": {
                "A0": 1.2201616030563567,
                "A1": -94.63557197368893
            }
        }
    },
    {
        "episode": 183,
        "current_state": "S0",
        "current_action": "A0",
        "td_delta": 0.14875437513371903,
        "q_table": {
            "S0": {
                "A0": 6.021932325008204,
                "A1": -98.62926652587021
            },
            "S1": {
                "A0": 4.759319325696161,
                "A1": -94.63557197368893
            }
        }
    },
    {
        "episode": 184,
        "current_state": "S0",
        "current_action": "A0",
        "td_delta": -0.9347221452105376,
        "q_table": {
            "S0": {
                "A0": 9.506590099774185,
                "A1": -98.62926652587021
            },
            "S1": {
                "A0": 8.649975436464223,
                "A1": -94.63557197368893
            }
        }
    },
    {
        "episode": 185,
        "current_state": "S0",
        "current_action": "A0",
        "td_delta": -0.17974348404200668,
        "q_table": {
            "S0": {
                "A0": 15.240606915807765,
                "A1": -98.62926652587021
            },
            "S1": {
                "A0": 15.459052058375267,
                "A1": -94.63557197368893
            }
        }
    },
    {
        "episode": 186,
        "current_state": "S1",
        "current_action": "A0",
        "td_delta": 1.385156622952886,
        "q_table": {
            "S0": {
                "A0": 10.8898036554487,
                "A1": -98.62926652587021
            },
            "S1": {
                "A0": 10.211047158117132,
                "A1": -94.63557197368893
            }
        }
    },
    {
        "episode": 187,
        "current_state": "S0",
        "current_action": "A0",
        "td_delta": 0.36781793779312366,
        "q_table": {
            "S0": {
                "A0": 10.426493401082443,
                "A1": -98.62926652587021
            },
            "S1": {
                "A0": 10.773291955188828,
                "A1": -94.63557197368893
            }
        }
    },
    {
        "episode": 188,
        "current_state": "S0",
        "current_action": "A0",
        "td_delta": -8.785530443315627,
        "q_table": {
            "S0": {
                "A0": 17.72880729095775,
                "A1": -98.62926652587021
            },
            "S1": {
                "A0": 19.57432269905228,
                "A1": -94.63557197368893
            }
        }
    },
    {
        "episode": 189,
        "current_state": "S1",
        "current_action": "A0",
        "td_delta": -3.116313519400677,
        "q_table": {
            "S0": {
                "A0": 76.39351682893636,
                "A1": -98.62926652587021
            },
            "S1": {
                "A0": 72.51806452717204,
                "A1": -94.63557197368893
            }
        }
    },
    {
        "episode": 190,
        "current_state": "S0",
        "current_action": "A0",
        "td_delta": 1.1580475860525254,
        "q_table": {
            "S0": {
                "A0": 51.2837330187723,
                "A1": -98.62926652587021
            },
            "S1": {
                "A0": 49.188002959240904,
                "A1": -94.63557197368893
            }
        }
    },
    {
        "episode": 191,
        "current_state": "S0",
        "current_action": "A0",
        "td_delta": 184.07067178013463,
        "q_table": {
            "S0": {
                "A0": 55.93442128034932,
                "A1": -98.62926652587021
            },
            "S1": {
                "A0": 36.46739838424994,
                "A1": -94.63557197368893
            }
        }
    },
    {
        "episode": 192,
        "current_state": "S0",
        "current_action": "A0",
        "td_delta": -0.4542903602732338,
        "q_table": {
            "S0": {
                "A0": 35.58110107084861,
                "A1": -98.62926652587021
            },
            "S1": {
                "A0": 36.069659637795894,
                "A1": -94.63557197368893
            }
        }
    },
    {
        "episode": 193,
        "current_state": "S0",
        "current_action": "A0",
        "td_delta": -4.019684302905262,
        "q_table": {
            "S0": {
                "A0": 27.705980669267372,
                "A1": -98.62926652587021
            },
            "S1": {
                "A0": 26.84758772592204,
                "A1": -94.63557197368893
            }
        }
    },
    {
        "episode": 194,
        "current_state": "S0",
        "current_action": "A0",
        "td_delta": 12.026658037235094,
        "q_table": {
            "S0": {
                "A0": 21.07165768696577,
                "A1": -98.62926652587021
            },
            "S1": {
                "A0": 18.288963778847872,
                "A1": -94.63557197368893
            }
        }
    },
    {
        "episode": 195,
        "current_state": "S1",
        "current_action": "A0",
        "td_delta": -1.5242368985672634,
        "q_table": {
            "S0": {
                "A0": 22.868188925636094,
                "A1": -98.62926652587021
            },
            "S1": {
                "A0": 22.023469577549033,
                "A1": -94.63557197368893
            }
        }
    },
    {
        "episode": 196,
        "current_state": "S0",
        "current_action": "A0",
        "td_delta": -2.0430784267107462,
        "q_table": {
            "S0": {
                "A0": 18.557795054608718,
                "A1": -98.62926652587021
            },
            "S1": {
                "A0": 18.255935896984916,
                "A1": -94.63557197368893
            }
        }
    },
    {
        "episode": 197,
        "current_state": "S1",
        "current_action": "A0",
        "td_delta": 8.63969337842882,
        "q_table": {
            "S0": {
                "A0": 15.334446369072483,
                "A1": -98.62926652587021
            },
            "S1": {
                "A0": 15.835788136080538,
                "A1": -94.63557197368893
            }
        }
    },
    {
        "episode": 198,
        "current_state": "S0",
        "current_action": "A0",
        "td_delta": -1.2392920795153657,
        "q_table": {
            "S0": {
                "A0": 15.210297838175771,
                "A1": -98.62926652587021
            },
            "S1": {
                "A0": 13.92427000062037,
                "A1": -94.63557197368893
            }
        }
    },
    {
        "episode": 199,
        "current_state": "S1",
        "current_action": "A0",
        "td_delta": 0.9253426973183885,
        "q_table": {
            "S0": {
                "A0": 14.454983475721276,
                "A1": -98.62926652587021
            },
            "S1": {
                "A0": 13.620157663665635,
                "A1": -94.63557197368893
            }
        }
    }
]