[
    {
        "episode": 0,
        "current_state": "S1",
        "current_action": "A1",
        "td_delta": 0.786187352314891,
        "q_table": {
            "S0": {
                "A0": 2.10773158950013,
                "A1": 1.2811079756305692
            },
            "S1": {
                "A0": -2.5746226833194523,
                "A1": 1.7487110097215006
            }
        }
    },
    {
        "episode": 1,
        "current_state": "S0",
        "current_action": "A0",
        "td_delta": -1.3383538846034084,
        "q_table": {
            "S0": {
                "A0": 4.265690273866874,
                "A1": 7.109487234632899
            },
            "S1": {
                "A0": 5.141591614615714,
                "A1": 5.315833635481954
            }
        }
    },
    {
        "episode": 2,
        "current_state": "S0",
        "current_action": "A0",
        "td_delta": -10.674005220653664,
        "q_table": {
            "S0": {
                "A0": 9.204802945653572,
                "A1": 8.430434467787226
            },
            "S1": {
                "A0": 6.637979618411873,
                "A1": 9.921043123151863
            }
        }
    },
    {
        "episode": 3,
        "current_state": "S0",
        "current_action": "A0",
        "td_delta": 1.715012817952024,
        "q_table": {
            "S0": {
                "A0": 12.784042124760706,
                "A1": -9.13388190674437
            },
            "S1": {
                "A0": 8.792022709214836,
                "A1": 3.0808855007393414
            }
        }
    },
    {
        "episode": 4,
        "current_state": "S1",
        "current_action": "A1",
        "td_delta": 2.8231861715960953,
        "q_table": {
            "S0": {
                "A0": 13.946501200764422,
                "A1": 7.931671340605818
            },
            "S1": {
                "A0": 13.270531044141395,
                "A1": 9.994099508037706
            }
        }
    },
    {
        "episode": 5,
        "current_state": "S1",
        "current_action": "A0",
        "td_delta": 0.8844565577254535,
        "q_table": {
            "S0": {
                "A0": 22.005643197817456,
                "A1": 14.547183515532504
            },
            "S1": {
                "A0": 18.99684181472484,
                "A1": 17.89978151435285
            }
        }
    },
    {
        "episode": 6,
        "current_state": "S0",
        "current_action": "A0",
        "td_delta": -4.430554574217872,
        "q_table": {
            "S0": {
                "A0": 26.199889105710955,
                "A1": 22.375816161159264
            },
            "S1": {
                "A0": 22.540289435221492,
                "A1": 20.178918157004183
            }
        }
    },
    {
        "episode": 7,
        "current_state": "S1",
        "current_action": "A0",
        "td_delta": -8.554287524134374,
        "q_table": {
            "S0": {
                "A0": 18.39251083167865,
                "A1": 29.92669926845327
            },
            "S1": {
                "A0": 35.505521999448426,
                "A1": 24.659716578807963
            }
        }
    },
    {
        "episode": 8,
        "current_state": "S1",
        "current_action": "A0",
        "td_delta": -3.750641108322178,
        "q_table": {
            "S0": {
                "A0": 35.25239774067463,
                "A1": 47.91914517465158
            },
            "S1": {
                "A0": 49.17680291396999,
                "A1": 35.44372335806996
            }
        }
    },
    {
        "episode": 9,
        "current_state": "S1",
        "current_action": "A0",
        "td_delta": -0.17491795575811153,
        "q_table": {
            "S0": {
                "A0": 35.86067122635685,
                "A1": 36.04683006387467
            },
            "S1": {
                "A0": 33.774663732769085,
                "A1": 33.3293107389157
            }
        }
    },
    {
        "episode": 10,
        "current_state": "S1",
        "current_action": "A1",
        "td_delta": 3.514942375384507,
        "q_table": {
            "S0": {
                "A0": 32.03540165609184,
                "A1": 31.910493757839937
            },
            "S1": {
                "A0": 27.25887826599954,
                "A1": 33.559360715770175
            }
        }
    },
    {
        "episode": 11,
        "current_state": "S0",
        "current_action": "A0",
        "td_delta": -0.5260393613235621,
        "q_table": {
            "S0": {
                "A0": 29.57303474345996,
                "A1": 28.32524024579387
            },
            "S1": {
                "A0": 26.865679534334834,
                "A1": 28.204091961868116
            }
        }
    },
    {
        "episode": 12,
        "current_state": "S1",
        "current_action": "A1",
        "td_delta": -6.296530079824791,
        "q_table": {
            "S0": {
                "A0": 25.62081988546552,
                "A1": 134.86859920691995
            },
            "S1": {
                "A0": 24.37700542873753,
                "A1": 79.88930706196594
            }
        }
    },
    {
        "episode": 13,
        "current_state": "S1",
        "current_action": "A1",
        "td_delta": -8.819513701247523,
        "q_table": {
            "S0": {
                "A0": 25.62081988546552,
                "A1": 68.49754003955017
            },
            "S1": {
                "A0": 24.37700542873753,
                "A1": 71.04755221503602
            }
        }
    },
    {
        "episode": 14,
        "current_state": "S1",
        "current_action": "A1",
        "td_delta": -9.175859241588377,
        "q_table": {
            "S0": {
                "A0": 25.62081988546552,
                "A1": 47.408818860137245
            },
            "S1": {
                "A0": 24.37700542873753,
                "A1": 51.473295857429406
            }
        }
    },
    {
        "episode": 15,
        "current_state": "S0",
        "current_action": "A1",
        "td_delta": 66.00331424703427,
        "q_table": {
            "S0": {
                "A0": 25.62081988546552,
                "A1": 40.91525444754908
            },
            "S1": {
                "A0": 24.37700542873753,
                "A1": 35.05855482614858
            }
        }
    },
    {
        "episode": 16,
        "current_state": "S1",
        "current_action": "A1",
        "td_delta": 17.75776602324531,
        "q_table": {
            "S0": {
                "A0": 25.62081988546552,
                "A1": 26.79331597729263
            },
            "S1": {
                "A0": 24.37700542873753,
                "A1": 30.511509126307363
            }
        }
    },
    {
        "episode": 17,
        "current_state": "S1",
        "current_action": "A0",
        "td_delta": -24.031824147474996,
        "q_table": {
            "S0": {
                "A0": 24.034032417176707,
                "A1": 16.724627429056703
            },
            "S1": {
                "A0": 21.688030190565996,
                "A1": 24.013176187039736
            }
        }
    },
    {
        "episode": 18,
        "current_state": "S0",
        "current_action": "A0",
        "td_delta": -3.313563540250499,
        "q_table": {
            "S0": {
                "A0": 23.96138244191576,
                "A1": 16.724627429056703
            },
            "S1": {
                "A0": 21.49177836277671,
                "A1": 21.127523184712125
            }
        }
    },
    {
        "episode": 19,
        "current_state": "S1",
        "current_action": "A1",
        "td_delta": -0.5206860471470272,
        "q_table": {
            "S0": {
                "A0": 17.982959038644857,
                "A1": 16.724627429056703
            },
            "S1": {
                "A0": 18.667755995477673,
                "A1": 18.76459703899863
            }
        }
    },
    {
        "episode": 20,
        "current_state": "S0",
        "current_action": "A1",
        "td_delta": -0.5248919205297611,
        "q_table": {
            "S0": {
                "A0": -0.8860382055179947,
                "A1": 17.573747186673152
            },
            "S1": {
                "A0": 18.304384176929727,
                "A1": 18.89963275665865
            }
        }
    },
    {
        "episode": 21,
        "current_state": "S0",
        "current_action": "A1",
        "td_delta": -5.30738476577876,
        "q_table": {
            "S0": {
                "A0": -0.8860382055179947,
                "A1": 23.016331030959215
            },
            "S1": {
                "A0": 25.72676367578772,
                "A1": 17.40648507926632
            }
        }
    },
    {
        "episode": 22,
        "current_state": "S0",
        "current_action": "A1",
        "td_delta": -10.897389049339257,
        "q_table": {
            "S0": {
                "A0": -0.8860382055179947,
                "A1": 25.190195445804967
            },
            "S1": {
                "A0": 17.04610312416905,
                "A1": 20.191926363930172
            }
        }
    },
    {
        "episode": 23,
        "current_state": "S1",
        "current_action": "A1",
        "td_delta": 2.344307489634698,
        "q_table": {
            "S0": {
                "A0": -0.8860382055179947,
                "A1": 25.165414261369882
            },
            "S1": {
                "A0": 17.04610312416905,
                "A1": 21.805163230308477
            }
        }
    },
    {
        "episode": 24,
        "current_state": "S1",
        "current_action": "A1",
        "td_delta": -14.60716590146318,
        "q_table": {
            "S0": {
                "A0": 5.900886520722934,
                "A1": -1695.4268064152907
            },
            "S1": {
                "A0": 17.04610312416905,
                "A1": 18.595677362941846
            }
        }
    },
    {
        "episode": 25,
        "current_state": "S0",
        "current_action": "A0",
        "td_delta": 1.6102423730145148,
        "q_table": {
            "S0": {
                "A0": 15.134370518273663,
                "A1": -1695.4268064152907
            },
            "S1": {
                "A0": 13.893558440372702,
                "A1": 16.563702876369447
            }
        }
    },
    {
        "episode": 26,
        "current_state": "S1",
        "current_action": "A1",
        "td_delta": 0.9841273593063811,
        "q_table": {
            "S0": {
                "A0": 18.236133497659488,
                "A1": -1695.4268064152907
            },
            "S1": {
                "A0": 13.893558440372702,
                "A1": 17.965055916794533
            }
        }
    },
    {
        "episode": 27,
        "current_state": "S1",
        "current_action": "A1",
        "td_delta": 0.3686819857609649,
        "q_table": {
            "S0": {
                "A0": 20.12259118339605,
                "A1": -1695.4268064152907
            },
            "S1": {
                "A0": 13.893558440372702,
                "A1": 20.358636029563733
            }
        }
    },
    {
        "episode": 28,
        "current_state": "S0",
        "current_action": "A0",
        "td_delta": -6.278959657765107,
        "q_table": {
            "S0": {
                "A0": 21.856344915589915,
                "A1": -1695.4268064152907
            },
            "S1": {
                "A0": 13.893558440372702,
                "A1": 20.427250296839382
            }
        }
    },
    {
        "episode": 29,
        "current_state": "S1",
        "current_action": "A0",
        "td_delta": -19.696048872594318,
        "q_table": {
            "S0": {
                "A0": -5.778901246839091,
                "A1": -1695.4268064152907
            },
            "S1": {
                "A0": 11.815931301020992,
                "A1": -190.9451551284342
            }
        }
    },
    {
        "episode": 30,
        "current_state": "S1",
        "current_action": "A0",
        "td_delta": 2.751734148048355,
        "q_table": {
            "S0": {
                "A0": 5.432159843930553,
                "A1": -1695.4268064152907
            },
            "S1": {
                "A0": 6.170703975618591,
                "A1": -190.9451551284342
            }
        }
    },
    {
        "episode": 31,
        "current_state": "S1",
        "current_action": "A0",
        "td_delta": 1.0122099386380548,
        "q_table": {
            "S0": {
                "A0": 14.093117696679327,
                "A1": -1695.4268064152907
            },
            "S1": {
                "A0": 12.500668888886315,
                "A1": -190.9451551284342
            }
        }
    },
    {
        "episode": 32,
        "current_state": "S0",
        "current_action": "A0",
        "td_delta": -0.8972669829180475,
        "q_table": {
            "S0": {
                "A0": 13.38980012358946,
                "A1": -1695.4268064152907
            },
            "S1": {
                "A0": 10.754958101373798,
                "A1": -190.9451551284342
            }
        }
    },
    {
        "episode": 33,
        "current_state": "S1",
        "current_action": "A0",
        "td_delta": 3.132591557065494,
        "q_table": {
            "S0": {
                "A0": 2.7427256388155197,
                "A1": -1695.4268064152907
            },
            "S1": {
                "A0": 2.109417565763838,
                "A1": -190.9451551284342
            }
        }
    },
    {
        "episode": 34,
        "current_state": "S1",
        "current_action": "A0",
        "td_delta": 1.4927457525350771,
        "q_table": {
            "S0": {
                "A0": -1.1752370692758556,
                "A1": -1695.4268064152907
            },
            "S1": {
                "A0": -11.627806576224758,
                "A1": -190.9451551284342
            }
        }
    },
    {
        "episode": 35,
        "current_state": "S1",
        "current_action": "A0",
        "td_delta": -1.3436414136626453,
        "q_table": {
            "S0": {
                "A0": 27.59732809578453,
                "A1": -1695.4268064152907
            },
            "S1": {
                "A0": 25.675795728837272,
                "A1": -190.9451551284342
            }
        }
    },
    {
        "episode": 36,
        "current_state": "S1",
        "current_action": "A0",
        "td_delta": -3.3827818494248802,
        "q_table": {
            "S0": {
                "A0": 22.078164630721574,
                "A1": -1695.4268064152907
            },
            "S1": {
                "A0": 22.105873087465625,
                "A1": -190.9451551284342
            }
        }
    },
    {
        "episode": 37,
        "current_state": "S0",
        "current_action": "A0",
        "td_delta": 1.1594114818802375,
        "q_table": {
            "S0": {
                "A0": 18.505377393278845,
                "A1": -1695.4268064152907
            },
            "S1": {
                "A0": 18.466175723159804,
                "A1": -190.9451551284342
            }
        }
    },
    {
        "episode": 38,
        "current_state": "S1",
        "current_action": "A0",
        "td_delta": -1.103152086230466,
        "q_table": {
            "S0": {
                "A0": 20.79454072642809,
                "A1": -1695.4268064152907
            },
            "S1": {
                "A0": 19.014404675148345,
                "A1": -190.9451551284342
            }
        }
    },
    {
        "episode": 39,
        "current_state": "S0",
        "current_action": "A0",
        "td_delta": -1.3473967809940852,
        "q_table": {
            "S0": {
                "A0": 18.353927108318658,
                "A1": -1695.4268064152907
            },
            "S1": {
                "A0": 17.822289956592872,
                "A1": -190.9451551284342
            }
        }
    },
    {
        "episode": 40,
        "current_state": "S1",
        "current_action": "A0",
        "td_delta": 0.6567890313909857,
        "q_table": {
            "S0": {
                "A0": 21.651983735427823,
                "A1": -1695.4268064152907
            },
            "S1": {
                "A0": 16.14126582750603,
                "A1": -190.9451551284342
            }
        }
    },
    {
        "episode": 41,
        "current_state": "S0",
        "current_action": "A0",
        "td_delta": -3.35048467219087,
        "q_table": {
            "S0": {
                "A0": 18.55545995826955,
                "A1": -1695.4268064152907
            },
            "S1": {
                "A0": 19.313119817462244,
                "A1": -190.9451551284342
            }
        }
    },
    {
        "episode": 42,
        "current_state": "S0",
        "current_action": "A0",
        "td_delta": -0.4530375304370402,
        "q_table": {
            "S0": {
                "A0": 16.810596509169834,
                "A1": -1695.4268064152907
            },
            "S1": {
                "A0": 15.088315960499775,
                "A1": -190.9451551284342
            }
        }
    },
    {
        "episode": 43,
        "current_state": "S0",
        "current_action": "A0",
        "td_delta": -2.33936509600602,
        "q_table": {
            "S0": {
                "A0": -20.995093648086936,
                "A1": -1695.4268064152907
            },
            "S1": {
                "A0": -28.390997471362397,
                "A1": -190.9451551284342
            }
        }
    },
    {
        "episode": 44,
        "current_state": "S1",
        "current_action": "A0",
        "td_delta": 1.7855414844569713,
        "q_table": {
            "S0": {
                "A0": -3.475138559666164,
                "A1": -1695.4268064152907
            },
            "S1": {
                "A0": -3.6833914964585515,
                "A1": -190.9451551284342
            }
        }
    },
    {
        "episode": 45,
        "current_state": "S1",
        "current_action": "A0",
        "td_delta": -0.4285921711851173,
        "q_table": {
            "S0": {
                "A0": 1.6724695813737753,
                "A1": -1695.4268064152907
            },
            "S1": {
                "A0": 2.5382494432329135,
                "A1": -190.9451551284342
            }
        }
    },
    {
        "episode": 46,
        "current_state": "S0",
        "current_action": "A0",
        "td_delta": 0.7724642160059147,
        "q_table": {
            "S0": {
                "A0": 5.014558351980207,
                "A1": -1695.4268064152907
            },
            "S1": {
                "A0": 5.339701138509865,
                "A1": -190.9451551284342
            }
        }
    },
    {
        "episode": 47,
        "current_state": "S1",
        "current_action": "A0",
        "td_delta": 1.0650685626167569,
        "q_table": {
            "S0": {
                "A0": 12.514974752877878,
                "A1": -1695.4268064152907
            },
            "S1": {
                "A0": 9.321854521286424,
                "A1": -190.9451551284342
            }
        }
    },
    {
        "episode": 48,
        "current_state": "S1",
        "current_action": "A0",
        "td_delta": 1.630721115944219,
        "q_table": {
            "S0": {
                "A0": 13.236276964446214,
                "A1": -1695.4268064152907
            },
            "S1": {
                "A0": 10.41967626123933,
                "A1": -190.9451551284342
            }
        }
    },
    {
        "episode": 49,
        "current_state": "S1",
        "current_action": "A0",
        "td_delta": 10.061243688431915,
        "q_table": {
            "S0": {
                "A0": 12.660146618596753,
                "A1": -1695.4268064152907
            },
            "S1": {
                "A0": 13.420183027548198,
                "A1": -190.9451551284342
            }
        }
    },
    {
        "episode": 50,
        "current_state": "S0",
        "current_action": "A0",
        "td_delta": -3.1386889185463467,
        "q_table": {
            "S0": {
                "A0": 7.336845255942968,
                "A1": -1695.4268064152907
            },
            "S1": {
                "A0": 4.907859543901997,
                "A1": -190.9451551284342
            }
        }
    },
    {
        "episode": 51,
        "current_state": "S0",
        "current_action": "A0",
        "td_delta": 2.3195869627606793,
        "q_table": {
            "S0": {
                "A0": 5.833596182656133,
                "A1": -1695.4268064152907
            },
            "S1": {
                "A0": 6.119471717529843,
                "A1": -190.9451551284342
            }
        }
    },
    {
        "episode": 52,
        "current_state": "S1",
        "current_action": "A0",
        "td_delta": -2.1571785553293683,
        "q_table": {
            "S0": {
                "A0": 10.722885895599891,
                "A1": -1695.4268064152907
            },
            "S1": {
                "A0": 10.611967852344312,
                "A1": -190.9451551284342
            }
        }
    },
    {
        "episode": 53,
        "current_state": "S0",
        "current_action": "A0",
        "td_delta": -0.3503536550243478,
        "q_table": {
            "S0": {
                "A0": 13.45909514315455,
                "A1": -1695.4268064152907
            },
            "S1": {
                "A0": 12.839621548180899,
                "A1": -190.9451551284342
            }
        }
    },
    {
        "episode": 54,
        "current_state": "S1",
        "current_action": "A0",
        "td_delta": -18.319134866162784,
        "q_table": {
            "S0": {
                "A0": 196.25533194156426,
                "A1": -1695.4268064152907
            },
            "S1": {
                "A0": 183.39743805731467,
                "A1": -190.9451551284342
            }
        }
    },
    {
        "episode": 55,
        "current_state": "S0",
        "current_action": "A0",
        "td_delta": -13.77368259737942,
        "q_table": {
            "S0": {
                "A0": 102.32822622120122,
                "A1": -1695.4268064152907
            },
            "S1": {
                "A0": 96.62201840271058,
                "A1": -190.9451551284342
            }
        }
    },
    {
        "episode": 56,
        "current_state": "S1",
        "current_action": "A0",
        "td_delta": -1.8509307716276737,
        "q_table": {
            "S0": {
                "A0": 68.59298094181932,
                "A1": -1695.4268064152907
            },
            "S1": {
                "A0": 67.7355862112071,
                "A1": -190.9451551284342
            }
        }
    },
    {
        "episode": 57,
        "current_state": "S1",
        "current_action": "A0",
        "td_delta": -3.7552758452569606,
        "q_table": {
            "S0": {
                "A0": 43.280602924068035,
                "A1": -1695.4268064152907
            },
            "S1": {
                "A0": 43.59236698888799,
                "A1": -190.9451551284342
            }
        }
    },
    {
        "episode": 58,
        "current_state": "S1",
        "current_action": "A0",
        "td_delta": -3.819973117165084,
        "q_table": {
            "S0": {
                "A0": 30.522128670397546,
                "A1": -1695.4268064152907
            },
            "S1": {
                "A0": 31.10591646779459,
                "A1": -190.9451551284342
            }
        }
    },
    {
        "episode": 59,
        "current_state": "S1",
        "current_action": "A0",
        "td_delta": -0.4574458269043973,
        "q_table": {
            "S0": {
                "A0": 34.097306564539664,
                "A1": -1695.4268064152907
            },
            "S1": {
                "A0": 33.41505529229059,
                "A1": -190.9451551284342
            }
        }
    },
    {
        "episode": 60,
        "current_state": "S1",
        "current_action": "A0",
        "td_delta": 1.0263154617016745,
        "q_table": {
            "S0": {
                "A0": 17.999363273105082,
                "A1": -1695.4268064152907
            },
            "S1": {
                "A0": 16.442864569397607,
                "A1": -190.9451551284342
            }
        }
    },
    {
        "episode": 61,
        "current_state": "S0",
        "current_action": "A0",
        "td_delta": -2.095546239588831,
        "q_table": {
            "S0": {
                "A0": 23.9763270947044,
                "A1": -1695.4268064152907
            },
            "S1": {
                "A0": 23.10724005958139,
                "A1": -190.9451551284342
            }
        }
    },
    {
        "episode": 62,
        "current_state": "S1",
        "current_action": "A0",
        "td_delta": 2.4260922208084885,
        "q_table": {
            "S0": {
                "A0": 23.823935864699852,
                "A1": -1695.4268064152907
            },
            "S1": {
                "A0": 20.288030574595947,
                "A1": -190.9451551284342
            }
        }
    },
    {
        "episode": 63,
        "current_state": "S1",
        "current_action": "A0",
        "td_delta": -0.24858888573623616,
        "q_table": {
            "S0": {
                "A0": 19.272752041079254,
                "A1": -1695.4268064152907
            },
            "S1": {
                "A0": 17.076190841740555,
                "A1": -190.9451551284342
            }
        }
    },
    {
        "episode": 64,
        "current_state": "S1",
        "current_action": "A0",
        "td_delta": -1.907245160012307,
        "q_table": {
            "S0": {
                "A0": 19.066788447109218,
                "A1": -1695.4268064152907
            },
            "S1": {
                "A0": 16.96336217609039,
                "A1": -190.9451551284342
            }
        }
    },
    {
        "episode": 65,
        "current_state": "S1",
        "current_action": "A0",
        "td_delta": -1.9135215113415214,
        "q_table": {
            "S0": {
                "A0": 65.98409365981293,
                "A1": -1695.4268064152907
            },
            "S1": {
                "A0": 62.27006105184,
                "A1": -190.9451551284342
            }
        }
    },
    {
        "episode": 66,
        "current_state": "S0",
        "current_action": "A0",
        "td_delta": 1.0095366428550037,
        "q_table": {
            "S0": {
                "A0": 37.92396187989656,
                "A1": -1695.4268064152907
            },
            "S1": {
                "A0": 39.28119039129128,
                "A1": -190.9451551284342
            }
        }
    },
    {
        "episode": 67,
        "current_state": "S1",
        "current_action": "A0",
        "td_delta": -8.522444922459716,
        "q_table": {
            "S0": {
                "A0": 29.904813214682424,
                "A1": -1695.4268064152907
            },
            "S1": {
                "A0": 27.85494468167739,
                "A1": -190.9451551284342
            }
        }
    },
    {
        "episode": 68,
        "current_state": "S0",
        "current_action": "A0",
        "td_delta": 1.0357871182405773,
        "q_table": {
            "S0": {
                "A0": 28.091291124509695,
                "A1": -1695.4268064152907
            },
            "S1": {
                "A0": 30.747216377286623,
                "A1": -190.9451551284342
            }
        }
    },
    {
        "episode": 69,
        "current_state": "S0",
        "current_action": "A0",
        "td_delta": 1.7617206332159938,
        "q_table": {
            "S0": {
                "A0": 31.025464831902315,
                "A1": -1695.4268064152907
            },
            "S1": {
                "A0": 32.62769056251985,
                "A1": -190.9451551284342
            }
        }
    },
    {
        "episode": 70,
        "current_state": "S1",
        "current_action": "A0",
        "td_delta": -3.3599181105388496,
        "q_table": {
            "S0": {
                "A0": 35.158456455057674,
                "A1": -1695.4268064152907
            },
            "S1": {
                "A0": 32.54676466107546,
                "A1": -190.9451551284342
            }
        }
    },
    {
        "episode": 71,
        "current_state": "S0",
        "current_action": "A0",
        "td_delta": -2.0293307512460856,
        "q_table": {
            "S0": {
                "A0": 30.47949870260777,
                "A1": -1695.4268064152907
            },
            "S1": {
                "A0": 27.44896915277566,
                "A1": -190.9451551284342
            }
        }
    },
    {
        "episode": 72,
        "current_state": "S0",
        "current_action": "A0",
        "td_delta": -1.2487751035443004,
        "q_table": {
            "S0": {
                "A0": 23.639234376197525,
                "A1": -1695.4268064152907
            },
            "S1": {
                "A0": 22.369607637470402,
                "A1": -190.9451551284342
            }
        }
    },
    {
        "episode": 73,
        "current_state": "S0",
        "current_action": "A0",
        "td_delta": -0.5493861950467114,
        "q_table": {
            "S0": {
                "A0": 24.50268220936711,
                "A1": -1695.4268064152907
            },
            "S1": {
                "A0": 25.283929154417233,
                "A1": -190.9451551284342
            }
        }
    },
    {
        "episode": 74,
        "current_state": "S0",
        "current_action": "A0",
        "td_delta": -1.658824219413896,
        "q_table": {
            "S0": {
                "A0": 13.296136532957295,
                "A1": -1695.4268064152907
            },
            "S1": {
                "A0": 8.415768733318146,
                "A1": -190.9451551284342
            }
        }
    },
    {
        "episode": 75,
        "current_state": "S0",
        "current_action": "A0",
        "td_delta": 0.423542437365624,
        "q_table": {
            "S0": {
                "A0": 13.480729140154587,
                "A1": -1695.4268064152907
            },
            "S1": {
                "A0": 11.221043866631266,
                "A1": -190.9451551284342
            }
        }
    },
    {
        "episode": 76,
        "current_state": "S1",
        "current_action": "A0",
        "td_delta": 4.17150065187599,
        "q_table": {
            "S0": {
                "A0": 11.931023497561096,
                "A1": -1695.4268064152907
            },
            "S1": {
                "A0": 7.357996964806571,
                "A1": -190.9451551284342
            }
        }
    },
    {
        "episode": 77,
        "current_state": "S1",
        "current_action": "A0",
        "td_delta": -0.08144437539259108,
        "q_table": {
            "S0": {
                "A0": 10.573853904324347,
                "A1": -1695.4268064152907
            },
            "S1": {
                "A0": 10.07425220752695,
                "A1": -190.9451551284342
            }
        }
    },
    {
        "episode": 78,
        "current_state": "S0",
        "current_action": "A0",
        "td_delta": -2.126649211812306,
        "q_table": {
            "S0": {
                "A0": -6.3881720832687545,
                "A1": -1695.4268064152907
            },
            "S1": {
                "A0": -7.589014373011047,
                "A1": -190.9451551284342
            }
        }
    },
    {
        "episode": 79,
        "current_state": "S0",
        "current_action": "A0",
        "td_delta": 2.602730204584489,
        "q_table": {
            "S0": {
                "A0": 9.657145972311675,
                "A1": -1695.4268064152907
            },
            "S1": {
                "A0": 10.604857815170764,
                "A1": -190.9451551284342
            }
        }
    },
    {
        "episode": 80,
        "current_state": "S1",
        "current_action": "A0",
        "td_delta": 2.278280133269071,
        "q_table": {
            "S0": {
                "A0": 16.794458811307777,
                "A1": -1695.4268064152907
            },
            "S1": {
                "A0": 16.82781050297471,
                "A1": -190.9451551284342
            }
        }
    },
    {
        "episode": 81,
        "current_state": "S1",
        "current_action": "A0",
        "td_delta": -2.885646667256906,
        "q_table": {
            "S0": {
                "A0": 4.0742049278524,
                "A1": -1695.4268064152907
            },
            "S1": {
                "A0": 3.786962660307653,
                "A1": -190.9451551284342
            }
        }
    },
    {
        "episode": 82,
        "current_state": "S0",
        "current_action": "A0",
        "td_delta": 5.222688782047301,
        "q_table": {
            "S0": {
                "A0": -13.079827697713721,
                "A1": -1695.4268064152907
            },
            "S1": {
                "A0": -14.076823912778746,
                "A1": -190.9451551284342
            }
        }
    },
    {
        "episode": 83,
        "current_state": "S0",
        "current_action": "A0",
        "td_delta": -2.4465735100644013,
        "q_table": {
            "S0": {
                "A0": -2.0633640657981096,
                "A1": -1695.4268064152907
            },
            "S1": {
                "A0": -2.222317050707013,
                "A1": -190.9451551284342
            }
        }
    },
    {
        "episode": 84,
        "current_state": "S0",
        "current_action": "A0",
        "td_delta": 6.342042976344976,
        "q_table": {
            "S0": {
                "A0": -3.3311628116888636,
                "A1": -1695.4268064152907
            },
            "S1": {
                "A0": -3.9384354845502614,
                "A1": -190.9451551284342
            }
        }
    },
    {
        "episode": 85,
        "current_state": "S0",
        "current_action": "A0",
        "td_delta": 3.444283841373812,
        "q_table": {
            "S0": {
                "A0": 1.8663763467429402,
                "A1": -1695.4268064152907
            },
            "S1": {
                "A0": -0.24525403527273104,
                "A1": -190.9451551284342
            }
        }
    },
    {
        "episode": 86,
        "current_state": "S1",
        "current_action": "A0",
        "td_delta": -1.5711888211152667,
        "q_table": {
            "S0": {
                "A0": 5.977657727546571,
                "A1": -1695.4268064152907
            },
            "S1": {
                "A0": 4.031002801487785,
                "A1": -190.9451551284342
            }
        }
    },
    {
        "episode": 87,
        "current_state": "S0",
        "current_action": "A0",
        "td_delta": 1.889088563673159,
        "q_table": {
            "S0": {
                "A0": 9.322148816108518,
                "A1": -1695.4268064152907
            },
            "S1": {
                "A0": 8.446108178368982,
                "A1": -190.9451551284342
            }
        }
    },
    {
        "episode": 88,
        "current_state": "S1",
        "current_action": "A0",
        "td_delta": 0.8234196948461276,
        "q_table": {
            "S0": {
                "A0": 7.807222467773901,
                "A1": -1695.4268064152907
            },
            "S1": {
                "A0": 7.721448731226585,
                "A1": -190.9451551284342
            }
        }
    },
    {
        "episode": 89,
        "current_state": "S0",
        "current_action": "A0",
        "td_delta": 1.3974594240570024,
        "q_table": {
            "S0": {
                "A0": 8.880482522674564,
                "A1": -1695.4268064152907
            },
            "S1": {
                "A0": 7.257698616844455,
                "A1": -190.9451551284342
            }
        }
    },
    {
        "episode": 90,
        "current_state": "S0",
        "current_action": "A0",
        "td_delta": -21.365630796566663,
        "q_table": {
            "S0": {
                "A0": 12.25644802539743,
                "A1": -1695.4268064152907
            },
            "S1": {
                "A0": 11.822788962925431,
                "A1": -190.9451551284342
            }
        }
    },
    {
        "episode": 91,
        "current_state": "S0",
        "current_action": "A0",
        "td_delta": 0.7604335743122057,
        "q_table": {
            "S0": {
                "A0": 10.722657499976034,
                "A1": -1695.4268064152907
            },
            "S1": {
                "A0": 9.832479140024754,
                "A1": -190.9451551284342
            }
        }
    },
    {
        "episode": 92,
        "current_state": "S1",
        "current_action": "A0",
        "td_delta": 1.3211508517014217,
        "q_table": {
            "S0": {
                "A0": 14.139776414512731,
                "A1": -1695.4268064152907
            },
            "S1": {
                "A0": 10.99818429978755,
                "A1": -190.9451551284342
            }
        }
    },
    {
        "episode": 93,
        "current_state": "S1",
        "current_action": "A0",
        "td_delta": -0.21335088453806783,
        "q_table": {
            "S0": {
                "A0": 0.7978250841986484,
                "A1": -1695.4268064152907
            },
            "S1": {
                "A0": 7.1214083724850035,
                "A1": -190.9451551284342
            }
        }
    },
    {
        "episode": 94,
        "current_state": "S0",
        "current_action": "A0",
        "td_delta": 0.8493526113514545,
        "q_table": {
            "S0": {
                "A0": 10.884184164122498,
                "A1": -1695.4268064152907
            },
            "S1": {
                "A0": 10.32444181085592,
                "A1": -190.9451551284342
            }
        }
    },
    {
        "episode": 95,
        "current_state": "S0",
        "current_action": "A0",
        "td_delta": 0.46762211907191187,
        "q_table": {
            "S0": {
                "A0": 17.728412962900805,
                "A1": -1695.4268064152907
            },
            "S1": {
                "A0": 16.676527471262705,
                "A1": -190.9451551284342
            }
        }
    },
    {
        "episode": 96,
        "current_state": "S1",
        "current_action": "A0",
        "td_delta": 2.9031846839795303,
        "q_table": {
            "S0": {
                "A0": 16.05011833917453,
                "A1": -1695.4268064152907
            },
            "S1": {
                "A0": 16.10298373005711,
                "A1": -190.9451551284342
            }
        }
    },
    {
        "episode": 97,
        "current_state": "S1",
        "current_action": "A1",
        "td_delta": -53.756726065869536,
        "q_table": {
            "S0": {
                "A0": -57.311324873122885,
                "A1": -1695.4268064152907
            },
            "S1": {
                "A0": -942.8816116063193,
                "A1": -65.9772485770138
            }
        }
    },
    {
        "episode": 98,
        "current_state": "S1",
        "current_action": "A1",
        "td_delta": 6.451988397928069,
        "q_table": {
            "S0": {
                "A0": -28.25504817880016,
                "A1": -1695.4268064152907
            },
            "S1": {
                "A0": -942.8816116063193,
                "A1": -29.47284945952694
            }
        }
    },
    {
        "episode": 99,
        "current_state": "S1",
        "current_action": "A1",
        "td_delta": -1.9586476323267754,
        "q_table": {
            "S0": {
                "A0": 2.7486727680049197,
                "A1": -1695.4268064152907
            },
            "S1": {
                "A0": -942.8816116063193,
                "A1": 2.8151879647660145
            }
        }
    },
    {
        "episode": 100,
        "current_state": "S0",
        "current_action": "A0",
        "td_delta": 2.2483739086969683,
        "q_table": {
            "S0": {
                "A0": 7.6826604320293095,
                "A1": -1695.4268064152907
            },
            "S1": {
                "A0": -942.8816116063193,
                "A1": 9.00969316429356
            }
        }
    },
    {
        "episode": 101,
        "current_state": "S0",
        "current_action": "A0",
        "td_delta": 4.499574976803416,
        "q_table": {
            "S0": {
                "A0": 17.07953632210435,
                "A1": -1695.4268064152907
            },
            "S1": {
                "A0": -942.8816116063193,
                "A1": 20.218940713578736
            }
        }
    },
    {
        "episode": 102,
        "current_state": "S0",
        "current_action": "A0",
        "td_delta": -0.563846084232626,
        "q_table": {
            "S0": {
                "A0": 21.82886802121171,
                "A1": -1695.4268064152907
            },
            "S1": {
                "A0": -942.8816116063193,
                "A1": 23.694045606475235
            }
        }
    },
    {
        "episode": 103,
        "current_state": "S1",
        "current_action": "A1",
        "td_delta": -4.966025945916691,
        "q_table": {
            "S0": {
                "A0": 33.089398858606025,
                "A1": -1695.4268064152907
            },
            "S1": {
                "A0": -942.8816116063193,
                "A1": 35.536159776767725
            }
        }
    },
    {
        "episode": 104,
        "current_state": "S0",
        "current_action": "A0",
        "td_delta": -0.2568521384955531,
        "q_table": {
            "S0": {
                "A0": 28.608051390638035,
                "A1": -1695.4268064152907
            },
            "S1": {
                "A0": -942.8816116063193,
                "A1": 27.34464704165394
            }
        }
    },
    {
        "episode": 105,
        "current_state": "S1",
        "current_action": "A1",
        "td_delta": 3.229545477918272,
        "q_table": {
            "S0": {
                "A0": 27.01792172209061,
                "A1": -1695.4268064152907
            },
            "S1": {
                "A0": -942.8816116063193,
                "A1": 25.6245561947773
            }
        }
    },
    {
        "episode": 106,
        "current_state": "S0",
        "current_action": "A0",
        "td_delta": 27.716386296925315,
        "q_table": {
            "S0": {
                "A0": 28.36166987346273,
                "A1": -1695.4268064152907
            },
            "S1": {
                "A0": -942.8816116063193,
                "A1": 25.41481103573673
            }
        }
    },
    {
        "episode": 107,
        "current_state": "S0",
        "current_action": "A0",
        "td_delta": -0.1648758665989547,
        "q_table": {
            "S0": {
                "A0": 16.966987153141,
                "A1": -1695.4268064152907
            },
            "S1": {
                "A0": -942.8816116063193,
                "A1": 18.00197025119646
            }
        }
    },
    {
        "episode": 108,
        "current_state": "S0",
        "current_action": "A0",
        "td_delta": -1.1610684621203866,
        "q_table": {
            "S0": {
                "A0": 29.522052336700646,
                "A1": -1695.4268064152907
            },
            "S1": {
                "A0": -942.8816116063193,
                "A1": 32.98312620663491
            }
        }
    },
    {
        "episode": 109,
        "current_state": "S1",
        "current_action": "A1",
        "td_delta": -27.148457113759353,
        "q_table": {
            "S0": {
                "A0": -11.438278827401572,
                "A1": -1695.4268064152907
            },
            "S1": {
                "A0": -942.8816116063193,
                "A1": -14.368206133102422
            }
        }
    },
    {
        "episode": 110,
        "current_state": "S1",
        "current_action": "A1",
        "td_delta": 4.616672056795019,
        "q_table": {
            "S0": {
                "A0": -4.086694242798803,
                "A1": -1695.4268064152907
            },
            "S1": {
                "A0": -942.8816116063193,
                "A1": -5.605710118504034
            }
        }
    },
    {
        "episode": 111,
        "current_state": "S0",
        "current_action": "A0",
        "td_delta": 0.8961737405971775,
        "q_table": {
            "S0": {
                "A0": 1.9388541928556295,
                "A1": -1695.4268064152907
            },
            "S1": {
                "A0": -942.8816116063193,
                "A1": 1.3263952895830566
            }
        }
    },
    {
        "episode": 112,
        "current_state": "S0",
        "current_action": "A0",
        "td_delta": 2.8193373911266164,
        "q_table": {
            "S0": {
                "A0": 18.732946811203444,
                "A1": -1695.4268064152907
            },
            "S1": {
                "A0": -942.8816116063193,
                "A1": 22.124119362868168
            }
        }
    },
    {
        "episode": 113,
        "current_state": "S1",
        "current_action": "A1",
        "td_delta": -0.5479940967222383,
        "q_table": {
            "S0": {
                "A0": 27.683866594746714,
                "A1": -1695.4268064152907
            },
            "S1": {
                "A0": -942.8816116063193,
                "A1": 27.075992543328233
            }
        }
    },
    {
        "episode": 114,
        "current_state": "S0",
        "current_action": "A0",
        "td_delta": 0.3820143029695515,
        "q_table": {
            "S0": {
                "A0": 22.600156356555374,
                "A1": -1695.4268064152907
            },
            "S1": {
                "A0": -942.8816116063193,
                "A1": 23.73180466309082
            }
        }
    },
    {
        "episode": 115,
        "current_state": "S0",
        "current_action": "A0",
        "td_delta": -5.2957310234530866,
        "q_table": {
            "S0": {
                "A0": -49.390929349353456,
                "A1": -1695.4268064152907
            },
            "S1": {
                "A0": -942.8816116063193,
                "A1": -62.708985290870984
            }
        }
    },
    {
        "episode": 116,
        "current_state": "S1",
        "current_action": "A1",
        "td_delta": 7.140763704126321,
        "q_table": {
            "S0": {
                "A0": -29.70583894654132,
                "A1": -1695.4268064152907
            },
            "S1": {
                "A0": -942.8816116063193,
                "A1": -28.969806544150227
            }
        }
    },
    {
        "episode": 117,
        "current_state": "S1",
        "current_action": "A1",
        "td_delta": -1.8892735535078167,
        "q_table": {
            "S0": {
                "A0": -12.08844583849366,
                "A1": -1695.4268064152907
            },
            "S1": {
                "A0": -942.8816116063193,
                "A1": -10.015006728962415
            }
        }
    },
    {
        "episode": 118,
        "current_state": "S1",
        "current_action": "A1",
        "td_delta": -14.840464496471409,
        "q_table": {
            "S0": {
                "A0": 5.2852307481769145,
                "A1": -1695.4268064152907
            },
            "S1": {
                "A0": -942.8816116063193,
                "A1": 20.540806891509302
            }
        }
    },
    {
        "episode": 119,
        "current_state": "S1",
        "current_action": "A1",
        "td_delta": 3.1056719826653705,
        "q_table": {
            "S0": {
                "A0": -16.406207598669745,
                "A1": -1695.4268064152907
            },
            "S1": {
                "A0": -942.8816116063193,
                "A1": -14.485920094194793
            }
        }
    },
    {
        "episode": 120,
        "current_state": "S1",
        "current_action": "A1",
        "td_delta": 2.5459606858144594,
        "q_table": {
            "S0": {
                "A0": 1.2063231956608316,
                "A1": -1695.4268064152907
            },
            "S1": {
                "A0": -942.8816116063193,
                "A1": 1.0130197851700675
            }
        }
    },
    {
        "episode": 121,
        "current_state": "S0",
        "current_action": "A0",
        "td_delta": 0.42747189631259985,
        "q_table": {
            "S0": {
                "A0": 19.313614997045402,
                "A1": -1695.4268064152907
            },
            "S1": {
                "A0": -942.8816116063193,
                "A1": 13.103401432884398
            }
        }
    },
    {
        "episode": 122,
        "current_state": "S1",
        "current_action": "A1",
        "td_delta": 2.852165489621701,
        "q_table": {
            "S0": {
                "A0": 20.586332540609373,
                "A1": -1695.4268064152907
            },
            "S1": {
                "A0": -942.8816116063193,
                "A1": 20.12528729724285
            }
        }
    },
    {
        "episode": 123,
        "current_state": "S0",
        "current_action": "A0",
        "td_delta": 0.20774440106198355,
        "q_table": {
            "S0": {
                "A0": 21.983916944591076,
                "A1": -1695.4268064152907
            },
            "S1": {
                "A0": -942.8816116063193,
                "A1": 22.33282314204526
            }
        }
    },
    {
        "episode": 124,
        "current_state": "S0",
        "current_action": "A0",
        "td_delta": 7.273195173614866,
        "q_table": {
            "S0": {
                "A0": 23.4504655121846,
                "A1": -1695.4268064152907
            },
            "S1": {
                "A0": -942.8816116063193,
                "A1": 22.312964661581095
            }
        }
    },
    {
        "episode": 125,
        "current_state": "S0",
        "current_action": "A0",
        "td_delta": 5.3906918764406,
        "q_table": {
            "S0": {
                "A0": 13.970620028711805,
                "A1": -1695.4268064152907
            },
            "S1": {
                "A0": -942.8816116063193,
                "A1": 16.70437663035529
            }
        }
    },
    {
        "episode": 126,
        "current_state": "S1",
        "current_action": "A1",
        "td_delta": 1.297049667334564,
        "q_table": {
            "S0": {
                "A0": 14.266051017978974,
                "A1": -1695.4268064152907
            },
            "S1": {
                "A0": -942.8816116063193,
                "A1": 13.488508167221713
            }
        }
    },
    {
        "episode": 127,
        "current_state": "S0",
        "current_action": "A0",
        "td_delta": 1.0604783935364885,
        "q_table": {
            "S0": {
                "A0": 12.913785742700805,
                "A1": -1695.4268064152907
            },
            "S1": {
                "A0": -942.8816116063193,
                "A1": 16.156652603329388
            }
        }
    },
    {
        "episode": 128,
        "current_state": "S0",
        "current_action": "A0",
        "td_delta": 1.2347918767987665,
        "q_table": {
            "S0": {
                "A0": 11.998866698293075,
                "A1": -1695.4268064152907
            },
            "S1": {
                "A0": -942.8816116063193,
                "A1": 10.052409464982635
            }
        }
    },
    {
        "episode": 129,
        "current_state": "S0",
        "current_action": "A0",
        "td_delta": 1.3292914616096905,
        "q_table": {
            "S0": {
                "A0": 15.59051784785735,
                "A1": -1695.4268064152907
            },
            "S1": {
                "A0": -942.8816116063193,
                "A1": 15.791183945346214
            }
        }
    },
    {
        "episode": 130,
        "current_state": "S1",
        "current_action": "A1",
        "td_delta": 0.9716809762518324,
        "q_table": {
            "S0": {
                "A0": 17.34889858486947,
                "A1": -1695.4268064152907
            },
            "S1": {
                "A0": -942.8816116063193,
                "A1": 13.984376793047558
            }
        }
    },
    {
        "episode": 131,
        "current_state": "S0",
        "current_action": "A0",
        "td_delta": -0.2834810569762958,
        "q_table": {
            "S0": {
                "A0": 14.906038949088082,
                "A1": -1695.4268064152907
            },
            "S1": {
                "A0": -942.8816116063193,
                "A1": 13.851463149845323
            }
        }
    },
    {
        "episode": 132,
        "current_state": "S0",
        "current_action": "A0",
        "td_delta": 0.3777164273144731,
        "q_table": {
            "S0": {
                "A0": 15.04015521102449,
                "A1": -1695.4268064152907
            },
            "S1": {
                "A0": -942.8816116063193,
                "A1": 15.717789849484545
            }
        }
    },
    {
        "episode": 133,
        "current_state": "S0",
        "current_action": "A0",
        "td_delta": 1.7785833823475725,
        "q_table": {
            "S0": {
                "A0": 4.486340227883391,
                "A1": -1695.4268064152907
            },
            "S1": {
                "A0": -942.8816116063193,
                "A1": 5.938074403739204
            }
        }
    },
    {
        "episode": 134,
        "current_state": "S1",
        "current_action": "A1",
        "td_delta": 10.87738127332221,
        "q_table": {
            "S0": {
                "A0": 0.9542814605604784,
                "A1": -1695.4268064152907
            },
            "S1": {
                "A0": -942.8816116063193,
                "A1": -5.654449507766935
            }
        }
    },
    {
        "episode": 135,
        "current_state": "S0",
        "current_action": "A0",
        "td_delta": 2.2554440956320745,
        "q_table": {
            "S0": {
                "A0": 1.5853811639963593,
                "A1": -1695.4268064152907
            },
            "S1": {
                "A0": -942.8816116063193,
                "A1": 0.9169669133252217
            }
        }
    },
    {
        "episode": 136,
        "current_state": "S0",
        "current_action": "A0",
        "td_delta": -1.9844389143427215,
        "q_table": {
            "S0": {
                "A0": 19.924952160950944,
                "A1": -1695.4268064152907
            },
            "S1": {
                "A0": -942.8816116063193,
                "A1": 18.57334414857213
            }
        }
    },
    {
        "episode": 137,
        "current_state": "S0",
        "current_action": "A0",
        "td_delta": 0.3309649254248548,
        "q_table": {
            "S0": {
                "A0": 18.368561018219573,
                "A1": -1695.4268064152907
            },
            "S1": {
                "A0": -942.8816116063193,
                "A1": 19.01736886464124
            }
        }
    },
    {
        "episode": 138,
        "current_state": "S0",
        "current_action": "A0",
        "td_delta": 0.835376216573998,
        "q_table": {
            "S0": {
                "A0": 38.11568503115613,
                "A1": -1695.4268064152907
            },
            "S1": {
                "A0": -942.8816116063193,
                "A1": 38.91412831615327
            }
        }
    },
    {
        "episode": 139,
        "current_state": "S0",
        "current_action": "A0",
        "td_delta": -5.664212544885203,
        "q_table": {
            "S0": {
                "A0": 51.85081570401314,
                "A1": -1695.4268064152907
            },
            "S1": {
                "A0": -942.8816116063193,
                "A1": 47.61602043494509
            }
        }
    },
    {
        "episode": 140,
        "current_state": "S0",
        "current_action": "A0",
        "td_delta": -1.933039244836749,
        "q_table": {
            "S0": {
                "A0": 36.37574477668225,
                "A1": -1695.4268064152907
            },
            "S1": {
                "A0": -942.8816116063193,
                "A1": 36.282544105716795
            }
        }
    },
    {
        "episode": 141,
        "current_state": "S1",
        "current_action": "A1",
        "td_delta": 6.760397528489499,
        "q_table": {
            "S0": {
                "A0": 30.06258336758637,
                "A1": -1695.4268064152907
            },
            "S1": {
                "A0": -942.8816116063193,
                "A1": 30.800970135310394
            }
        }
    },
    {
        "episode": 142,
        "current_state": "S1",
        "current_action": "A1",
        "td_delta": 1.3930523429877972,
        "q_table": {
            "S0": {
                "A0": 12.858457368416106,
                "A1": -1695.4268064152907
            },
            "S1": {
                "A0": -942.8816116063193,
                "A1": 9.384238292570133
            }
        }
    },
    {
        "episode": 143,
        "current_state": "S1",
        "current_action": "A1",
        "td_delta": 0.33329492092226687,
        "q_table": {
            "S0": {
                "A0": 14.581637475850057,
                "A1": -1695.4268064152907
            },
            "S1": {
                "A0": -942.8816116063193,
                "A1": 14.899436535371125
            }
        }
    },
    {
        "episode": 144,
        "current_state": "S1",
        "current_action": "A1",
        "td_delta": -1.6892121013583967,
        "q_table": {
            "S0": {
                "A0": 16.35871252562763,
                "A1": -1695.4268064152907
            },
            "S1": {
                "A0": -942.8816116063193,
                "A1": 18.318872497468142
            }
        }
    },
    {
        "episode": 145,
        "current_state": "S0",
        "current_action": "A0",
        "td_delta": -10.397153347179536,
        "q_table": {
            "S0": {
                "A0": 35.0563322713225,
                "A1": -1695.4268064152907
            },
            "S1": {
                "A0": -942.8816116063193,
                "A1": 27.84905337373211
            }
        }
    },
    {
        "episode": 146,
        "current_state": "S1",
        "current_action": "A1",
        "td_delta": -6.833962817496861,
        "q_table": {
            "S0": {
                "A0": 44.3871013808865,
                "A1": -1695.4268064152907
            },
            "S1": {
                "A0": -942.8816116063193,
                "A1": 44.692277590631534
            }
        }
    },
    {
        "episode": 147,
        "current_state": "S0",
        "current_action": "A0",
        "td_delta": -6.001863510867167,
        "q_table": {
            "S0": {
                "A0": 33.23908461118697,
                "A1": -1695.4268064152907
            },
            "S1": {
                "A0": -942.8816116063193,
                "A1": 30.17062856704294
            }
        }
    },
    {
        "episode": 148,
        "current_state": "S0",
        "current_action": "A0",
        "td_delta": 1.4295570593762577,
        "q_table": {
            "S0": {
                "A0": 12.12650998453721,
                "A1": -1695.4268064152907
            },
            "S1": {
                "A0": -942.8816116063193,
                "A1": 10.849539814133234
            }
        }
    },
    {
        "episode": 149,
        "current_state": "S0",
        "current_action": "A0",
        "td_delta": -0.004151132846327954,
        "q_table": {
            "S0": {
                "A0": 17.952353759206417,
                "A1": -1695.4268064152907
            },
            "S1": {
                "A0": -942.8816116063193,
                "A1": 18.324723821942584
            }
        }
    },
    {
        "episode": 150,
        "current_state": "S1",
        "current_action": "A1",
        "td_delta": -0.06659351607443931,
        "q_table": {
            "S0": {
                "A0": -2.4262928945609676,
                "A1": -1695.4268064152907
            },
            "S1": {
                "A0": -942.8816116063193,
                "A1": 2.205282887774135
            }
        }
    },
    {
        "episode": 151,
        "current_state": "S0",
        "current_action": "A0",
        "td_delta": 0.7347678088890142,
        "q_table": {
            "S0": {
                "A0": 5.911558756289736,
                "A1": -1695.4268064152907
            },
            "S1": {
                "A0": -942.8816116063193,
                "A1": 5.096422685476248
            }
        }
    },
    {
        "episode": 152,
        "current_state": "S0",
        "current_action": "A0",
        "td_delta": 1.3037823230591723,
        "q_table": {
            "S0": {
                "A0": 8.453445833420943,
                "A1": -1695.4268064152907
            },
            "S1": {
                "A0": -942.8816116063193,
                "A1": 7.375336152595531
            }
        }
    },
    {
        "episode": 153,
        "current_state": "S1",
        "current_action": "A1",
        "td_delta": 0.6235218524103363,
        "q_table": {
            "S0": {
                "A0": 10.808402689832189,
                "A1": -1695.4268064152907
            },
            "S1": {
                "A0": -942.8816116063193,
                "A1": 8.391788675120734
            }
        }
    },
    {
        "episode": 154,
        "current_state": "S0",
        "current_action": "A0",
        "td_delta": -0.24264961902247606,
        "q_table": {
            "S0": {
                "A0": 14.63953378014314,
                "A1": -1695.4268064152907
            },
            "S1": {
                "A0": -942.8816116063193,
                "A1": 13.861699509774802
            }
        }
    },
    {
        "episode": 155,
        "current_state": "S0",
        "current_action": "A0",
        "td_delta": -0.9130447984318302,
        "q_table": {
            "S0": {
                "A0": 11.941784945146816,
                "A1": -1695.4268064152907
            },
            "S1": {
                "A0": -942.8816116063193,
                "A1": 14.205102887711595
            }
        }
    },
    {
        "episode": 156,
        "current_state": "S1",
        "current_action": "A1",
        "td_delta": 2.457072802548165,
        "q_table": {
            "S0": {
                "A0": 21.635691253181797,
                "A1": -1695.4268064152907
            },
            "S1": {
                "A0": -942.8816116063193,
                "A1": 19.146350336279927
            }
        }
    },
    {
        "episode": 157,
        "current_state": "S1",
        "current_action": "A1",
        "td_delta": 1.1269012635374338,
        "q_table": {
            "S0": {
                "A0": 17.439211487947414,
                "A1": -1695.4268064152907
            },
            "S1": {
                "A0": -942.8816116063193,
                "A1": 16.662707426301182
            }
        }
    },
    {
        "episode": 158,
        "current_state": "S1",
        "current_action": "A1",
        "td_delta": 2.3670364777822535,
        "q_table": {
            "S0": {
                "A0": 17.066240531881977,
                "A1": -1695.4268064152907
            },
            "S1": {
                "A0": -942.8816116063193,
                "A1": 17.226292587430844
            }
        }
    },
    {
        "episode": 159,
        "current_state": "S1",
        "current_action": "A1",
        "td_delta": 0.5683850686540275,
        "q_table": {
            "S0": {
                "A0": 9.74279728573472,
                "A1": -1695.4268064152907
            },
            "S1": {
                "A0": -942.8816116063193,
                "A1": 18.335679155012155
            }
        }
    },
    {
        "episode": 160,
        "current_state": "S1",
        "current_action": "A1",
        "td_delta": -2.9589463653022356,
        "q_table": {
            "S0": {
                "A0": 16.201664340338834,
                "A1": -1695.4268064152907
            },
            "S1": {
                "A0": -942.8816116063193,
                "A1": 16.582177966556632
            }
        }
    },
    {
        "episode": 161,
        "current_state": "S0",
        "current_action": "A0",
        "td_delta": -93.52173571915534,
        "q_table": {
            "S0": {
                "A0": 482.99229154989985,
                "A1": -1695.4268064152907
            },
            "S1": {
                "A0": -942.8816116063193,
                "A1": 440.30581715120195
            }
        }
    },
    {
        "episode": 162,
        "current_state": "S1",
        "current_action": "A1",
        "td_delta": -22.28396413852829,
        "q_table": {
            "S0": {
                "A0": 317.5154563901628,
                "A1": -1695.4268064152907
            },
            "S1": {
                "A0": -942.8816116063193,
                "A1": 320.9162855463446
            }
        }
    },
    {
        "episode": 163,
        "current_state": "S1",
        "current_action": "A1",
        "td_delta": -11.292366821866779,
        "q_table": {
            "S0": {
                "A0": 206.22195775340668,
                "A1": -1695.4268064152907
            },
            "S1": {
                "A0": -942.8816116063193,
                "A1": 197.15444775428054
            }
        }
    },
    {
        "episode": 164,
        "current_state": "S1",
        "current_action": "A1",
        "td_delta": -10.30626597654026,
        "q_table": {
            "S0": {
                "A0": 130.7918078341776,
                "A1": -1695.4268064152907
            },
            "S1": {
                "A0": -942.8816116063193,
                "A1": 128.7287275039506
            }
        }
    },
    {
        "episode": 165,
        "current_state": "S0",
        "current_action": "A0",
        "td_delta": -6.255396570111543,
        "q_table": {
            "S0": {
                "A0": 89.02460014104219,
                "A1": -1695.4268064152907
            },
            "S1": {
                "A0": -942.8816116063193,
                "A1": 89.01757733748066
            }
        }
    },
    {
        "episode": 166,
        "current_state": "S0",
        "current_action": "A0",
        "td_delta": -1.6711804988602665,
        "q_table": {
            "S0": {
                "A0": 53.33352681551177,
                "A1": -1695.4268064152907
            },
            "S1": {
                "A0": -942.8816116063193,
                "A1": 52.190667916720784
            }
        }
    },
    {
        "episode": 167,
        "current_state": "S1",
        "current_action": "A1",
        "td_delta": -1.5518877373969673,
        "q_table": {
            "S0": {
                "A0": 34.897509894557444,
                "A1": -1695.4268064152907
            },
            "S1": {
                "A0": -942.8816116063193,
                "A1": 38.10138928525117
            }
        }
    },
    {
        "episode": 168,
        "current_state": "S1",
        "current_action": "A1",
        "td_delta": 0.8458036196899563,
        "q_table": {
            "S0": {
                "A0": 31.675678901505233,
                "A1": -1695.4268064152907
            },
            "S1": {
                "A0": -942.8816116063193,
                "A1": 30.09973728292358
            }
        }
    },
    {
        "episode": 169,
        "current_state": "S0",
        "current_action": "A0",
        "td_delta": -4.839560253224345,
        "q_table": {
            "S0": {
                "A0": 30.87718331362969,
                "A1": -1695.4268064152907
            },
            "S1": {
                "A0": -942.8816116063193,
                "A1": 31.838830191958387
            }
        }
    },
    {
        "episode": 170,
        "current_state": "S0",
        "current_action": "A0",
        "td_delta": -1.9167909369748806,
        "q_table": {
            "S0": {
                "A0": 18.09256687685164,
                "A1": -1695.4268064152907
            },
            "S1": {
                "A0": -942.8816116063193,
                "A1": 16.182729178548318
            }
        }
    },
    {
        "episode": 171,
        "current_state": "S0",
        "current_action": "A0",
        "td_delta": -1.8589752637278174,
        "q_table": {
            "S0": {
                "A0": 24.239550023866038,
                "A1": -1695.4268064152907
            },
            "S1": {
                "A0": -942.8816116063193,
                "A1": 24.347171800400016
            }
        }
    },
    {
        "episode": 172,
        "current_state": "S1",
        "current_action": "A1",
        "td_delta": -7.911016505389997,
        "q_table": {
            "S0": {
                "A0": 20.747726380970544,
                "A1": -1695.4268064152907
            },
            "S1": {
                "A0": -942.8816116063193,
                "A1": 18.099188449165855
            }
        }
    },
    {
        "episode": 173,
        "current_state": "S1",
        "current_action": "A1",
        "td_delta": -0.21675823409951533,
        "q_table": {
            "S0": {
                "A0": 21.555562174421055,
                "A1": -1695.4268064152907
            },
            "S1": {
                "A0": -942.8816116063193,
                "A1": 21.77494325901509
            }
        }
    },
    {
        "episode": 174,
        "current_state": "S0",
        "current_action": "A0",
        "td_delta": 3.38736781255421,
        "q_table": {
            "S0": {
                "A0": 22.716089390480022,
                "A1": -1695.4268064152907
            },
            "S1": {
                "A0": -942.8816116063193,
                "A1": 23.14586832419939
            }
        }
    },
    {
        "episode": 175,
        "current_state": "S0",
        "current_action": "A0",
        "td_delta": -3.312545386972822,
        "q_table": {
            "S0": {
                "A0": 17.467282851732126,
                "A1": -1695.4268064152907
            },
            "S1": {
                "A0": -942.8816116063193,
                "A1": 14.161615724152202
            }
        }
    },
    {
        "episode": 176,
        "current_state": "S0",
        "current_action": "A0",
        "td_delta": 0.9138688255209857,
        "q_table": {
            "S0": {
                "A0": 13.966220724040815,
                "A1": -1695.4268064152907
            },
            "S1": {
                "A0": -942.8816116063193,
                "A1": 14.542388606673232
            }
        }
    },
    {
        "episode": 177,
        "current_state": "S1",
        "current_action": "A1",
        "td_delta": 0.5853308543969042,
        "q_table": {
            "S0": {
                "A0": 29.462832293523103,
                "A1": -1695.4268064152907
            },
            "S1": {
                "A0": -942.8816116063193,
                "A1": 30.837849303207523
            }
        }
    },
    {
        "episode": 178,
        "current_state": "S0",
        "current_action": "A0",
        "td_delta": -9.387286314962202,
        "q_table": {
            "S0": {
                "A0": 17.32957733201124,
                "A1": -1695.4268064152907
            },
            "S1": {
                "A0": -942.8816116063193,
                "A1": 5.643581991786627
            }
        }
    },
    {
        "episode": 179,
        "current_state": "S1",
        "current_action": "A1",
        "td_delta": 3.0010736463636167,
        "q_table": {
            "S0": {
                "A0": 15.118648442394951,
                "A1": -1695.4268064152907
            },
            "S1": {
                "A0": -942.8816116063193,
                "A1": 16.097308737056927
            }
        }
    },
    {
        "episode": 180,
        "current_state": "S1",
        "current_action": "A1",
        "td_delta": 2.5961020555375782,
        "q_table": {
            "S0": {
                "A0": 17.007248651223463,
                "A1": -1695.4268064152907
            },
            "S1": {
                "A0": -942.8816116063193,
                "A1": 15.036685611572723
            }
        }
    },
    {
        "episode": 181,
        "current_state": "S0",
        "current_action": "A0",
        "td_delta": 0.30638884000767064,
        "q_table": {
            "S0": {
                "A0": 21.19411673428933,
                "A1": -1695.4268064152907
            },
            "S1": {
                "A0": -942.8816116063193,
                "A1": 21.28975930368743
            }
        }
    },
    {
        "episode": 182,
        "current_state": "S0",
        "current_action": "A0",
        "td_delta": -5.051851826279481,
        "q_table": {
            "S0": {
                "A0": 20.23654974494792,
                "A1": -1695.4268064152907
            },
            "S1": {
                "A0": -942.8816116063193,
                "A1": 20.297439681202768
            }
        }
    },
    {
        "episode": 183,
        "current_state": "S0",
        "current_action": "A0",
        "td_delta": 0.1709960597165896,
        "q_table": {
            "S0": {
                "A0": 22.634921057903195,
                "A1": -1695.4268064152907
            },
            "S1": {
                "A0": -942.8816116063193,
                "A1": 23.033041891088917
            }
        }
    },
    {
        "episode": 184,
        "current_state": "S1",
        "current_action": "A1",
        "td_delta": 0.6184688892511687,
        "q_table": {
            "S0": {
                "A0": 21.04907332366228,
                "A1": -1695.4268064152907
            },
            "S1": {
                "A0": -942.8816116063193,
                "A1": 18.853191724277206
            }
        }
    },
    {
        "episode": 185,
        "current_state": "S1",
        "current_action": "A1",
        "td_delta": 3.8230127666980636,
        "q_table": {
            "S0": {
                "A0": 42.98397167837152,
                "A1": -1695.4268064152907
            },
            "S1": {
                "A0": -942.8816116063193,
                "A1": 36.49579563248309
            }
        }
    },
    {
        "episode": 186,
        "current_state": "S0",
        "current_action": "A0",
        "td_delta": -4.29364423027442,
        "q_table": {
            "S0": {
                "A0": 28.938786487723213,
                "A1": -1695.4268064152907
            },
            "S1": {
                "A0": -942.8816116063193,
                "A1": 29.64980185799705
            }
        }
    },
    {
        "episode": 187,
        "current_state": "S0",
        "current_action": "A0",
        "td_delta": 0.995196110298366,
        "q_table": {
            "S0": {
                "A0": 11.529773147687447,
                "A1": -1695.4268064152907
            },
            "S1": {
                "A0": -942.8816116063193,
                "A1": -33.11645169124981
            }
        }
    },
    {
        "episode": 188,
        "current_state": "S1",
        "current_action": "A1",
        "td_delta": -0.37255067716223067,
        "q_table": {
            "S0": {
                "A0": -1.4800684124973944,
                "A1": -1695.4268064152907
            },
            "S1": {
                "A0": -942.8816116063193,
                "A1": 2.6064477861659885
            }
        }
    },
    {
        "episode": 189,
        "current_state": "S0",
        "current_action": "A0",
        "td_delta": 2.616186145141718,
        "q_table": {
            "S0": {
                "A0": 20.178259726763752,
                "A1": -1695.4268064152907
            },
            "S1": {
                "A0": -942.8816116063193,
                "A1": 22.632762134140506
            }
        }
    },
    {
        "episode": 190,
        "current_state": "S0",
        "current_action": "A0",
        "td_delta": -15.259904521840582,
        "q_table": {
            "S0": {
                "A0": 189.4158458851364,
                "A1": -1695.4268064152907
            },
            "S1": {
                "A0": -942.8816116063193,
                "A1": 75.50793063487941
            }
        }
    },
    {
        "episode": 191,
        "current_state": "S0",
        "current_action": "A0",
        "td_delta": -4.89504586628081,
        "q_table": {
            "S0": {
                "A0": 89.19490071864797,
                "A1": -1695.4268064152907
            },
            "S1": {
                "A0": -942.8816116063193,
                "A1": 92.19275565358666
            }
        }
    },
    {
        "episode": 192,
        "current_state": "S0",
        "current_action": "A0",
        "td_delta": -2.772051993823652,
        "q_table": {
            "S0": {
                "A0": 66.93267578337041,
                "A1": -1695.4268064152907
            },
            "S1": {
                "A0": -942.8816116063193,
                "A1": 69.51278089107247
            }
        }
    },
    {
        "episode": 193,
        "current_state": "S1",
        "current_action": "A1",
        "td_delta": -0.8182565428014712,
        "q_table": {
            "S0": {
                "A0": 56.170345429535374,
                "A1": -1695.4268064152907
            },
            "S1": {
                "A0": -942.8816116063193,
                "A1": 55.3853052499285
            }
        }
    },
    {
        "episode": 194,
        "current_state": "S1",
        "current_action": "A1",
        "td_delta": -0.8739310147942909,
        "q_table": {
            "S0": {
                "A0": 23.4526521644843,
                "A1": -1695.4268064152907
            },
            "S1": {
                "A0": -942.8816116063193,
                "A1": 23.99276997475521
            }
        }
    },
    {
        "episode": 195,
        "current_state": "S0",
        "current_action": "A0",
        "td_delta": -0.5614357522656483,
        "q_table": {
            "S0": {
                "A0": 22.979940755395496,
                "A1": -1695.4268064152907
            },
            "S1": {
                "A0": -942.8816116063193,
                "A1": 21.390440611996855
            }
        }
    },
    {
        "episode": 196,
        "current_state": "S0",
        "current_action": "A0",
        "td_delta": 0.802993488037604,
        "q_table": {
            "S0": {
                "A0": 19.818000767379587,
                "A1": -1695.4268064152907
            },
            "S1": {
                "A0": -942.8816116063193,
                "A1": 21.33908319024498
            }
        }
    },
    {
        "episode": 197,
        "current_state": "S0",
        "current_action": "A0",
        "td_delta": 22.230695464363038,
        "q_table": {
            "S0": {
                "A0": 23.040183332058614,
                "A1": -1695.4268064152907
            },
            "S1": {
                "A0": -942.8816116063193,
                "A1": 20.6941971748927
            }
        }
    },
    {
        "episode": 198,
        "current_state": "S1",
        "current_action": "A1",
        "td_delta": -0.03230843468384137,
        "q_table": {
            "S0": {
                "A0": 22.84927333557379,
                "A1": -1695.4268064152907
            },
            "S1": {
                "A0": -942.8816116063193,
                "A1": 23.36626432058351
            }
        }
    },
    {
        "episode": 199,
        "current_state": "S1",
        "current_action": "A1",
        "td_delta": -0.0011775717139030917,
        "q_table": {
            "S0": {
                "A0": 14.099712857596469,
                "A1": -1695.4268064152907
            },
            "S1": {
                "A0": -942.8816116063193,
                "A1": 14.853019323439554
            }
        }
    }
]